Using pre-set license
Built from '2023.1/release' branch; Version is '2023.1.22f1 (c1416845ad01) revision 12665192'; Using compiler version '192829333'; Build Type 'Release'
OS: 'Windows 11  (10.0.26200) 64bit Core' Language: 'en' Physical Memory: 7381 MB
BatchMode: 1, IsHumanControllingUs: 0, StartBugReporterOnCrash: 0, Is64bit: 1, IsPro: 1

COMMAND LINE ARGUMENTS:
C:\Program Files\Unity\Hub\Editor\2023.1.22f1\Editor\Unity.exe
-adb2
-batchMode
-noUpm
-name
AssetImportWorker6
-projectPath
C:/Users/dhack/Documents/GitHub/PixelUniverse
-logFile
Logs/AssetImportWorker6.log
-srvPort
55836
Successfully changed project path to: C:/Users/dhack/Documents/GitHub/PixelUniverse
C:/Users/dhack/Documents/GitHub/PixelUniverse
[UnityMemory] Configuration Parameters - Can be set up in boot.config
    "memorysetup-bucket-allocator-granularity=16"
    "memorysetup-bucket-allocator-bucket-count=8"
    "memorysetup-bucket-allocator-block-size=33554432"
    "memorysetup-bucket-allocator-block-count=8"
    "memorysetup-main-allocator-block-size=16777216"
    "memorysetup-thread-allocator-block-size=16777216"
    "memorysetup-gfx-main-allocator-block-size=16777216"
    "memorysetup-gfx-thread-allocator-block-size=16777216"
    "memorysetup-cache-allocator-block-size=4194304"
    "memorysetup-typetree-allocator-block-size=2097152"
    "memorysetup-profiler-bucket-allocator-granularity=16"
    "memorysetup-profiler-bucket-allocator-bucket-count=8"
    "memorysetup-profiler-bucket-allocator-block-size=33554432"
    "memorysetup-profiler-bucket-allocator-block-count=8"
    "memorysetup-profiler-allocator-block-size=16777216"
    "memorysetup-profiler-editor-allocator-block-size=1048576"
    "memorysetup-temp-allocator-size-main=16777216"
    "memorysetup-job-temp-allocator-block-size=2097152"
    "memorysetup-job-temp-allocator-block-size-background=1048576"
    "memorysetup-job-temp-allocator-reduction-small-platforms=262144"
    "memorysetup-allocator-temp-initial-block-size-main=262144"
    "memorysetup-allocator-temp-initial-block-size-worker=262144"
    "memorysetup-temp-allocator-size-background-worker=32768"
    "memorysetup-temp-allocator-size-job-worker=262144"
    "memorysetup-temp-allocator-size-preload-manager=33554432"
    "memorysetup-temp-allocator-size-nav-mesh-worker=65536"
    "memorysetup-temp-allocator-size-audio-worker=65536"
    "memorysetup-temp-allocator-size-cloud-worker=32768"
    "memorysetup-temp-allocator-size-gi-baking-worker=262144"
    "memorysetup-temp-allocator-size-gfx=262144"
Player connection [16064] Host "[IP] 10.2.0.2 [Port] 0 [Flags] 2 [Guid] 1826548533 [EditorId] 1826548533 [Version] 1048832 [Id] WindowsEditor(7,Windows11_XTR65) [Debug] 1 [PackageName] WindowsEditor [ProjectName] Editor" joined multi-casting on [225.0.0.222:54997]...

Player connection [16064] Host "[IP] 10.2.0.2 [Port] 0 [Flags] 2 [Guid] 1826548533 [EditorId] 1826548533 [Version] 1048832 [Id] WindowsEditor(7,Windows11_XTR65) [Debug] 1 [PackageName] WindowsEditor [ProjectName] Editor" joined alternative multi-casting on [225.0.0.222:34997]...

[Physics::Module] Initialized MultithreadedJobDispatcher with 11 workers.
Library Redirect Path: Library/Refreshing native plugins compatible for Editor in 109.96 ms, found 12 plugins.
Preloading 1 native plugins for Editor in 24.59 ms.
Initialize engine version: 2023.1.22f1 (c1416845ad01)
[Subsystems] Discovering subsystems at path C:/Program Files/Unity/Hub/Editor/2023.1.22f1/Editor/Data/Resources/UnitySubsystems
[Subsystems] Discovering subsystems at path C:/Users/dhack/Documents/GitHub/PixelUniverse/Assets
GfxDevice: creating device client; threaded=0; jobified=0
Direct3D:
    Version:  Direct3D 11.0 [level 11.1]
    Renderer: AMD Radeon(TM) RX 6550M (ID=0x743f)
    Vendor:   ATI
    VRAM:     4050 MB
    Driver:   32.0.21001.9024
Initialize mono
Mono path[0] = 'C:/Program Files/Unity/Hub/Editor/2023.1.22f1/Editor/Data/Managed'
Mono path[1] = 'C:/Program Files/Unity/Hub/Editor/2023.1.22f1/Editor/Data/MonoBleedingEdge/lib/mono/unityjit-win32'
Mono config path = 'C:/Program Files/Unity/Hub/Editor/2023.1.22f1/Editor/Data/MonoBleedingEdge/etc'
Using monoOptions --debugger-agent=transport=dt_socket,embedding=1,server=y,suspend=n,address=127.0.0.1:56692
Begin MonoManager ReloadAssembly
C:\build\output\Unity-Technologies\mono\mono\metadata\icall.c:1842:
C:\build\output\Unity-Technologies\mono\mono\metadata\icall.c:1842:
C:\build\output\Unity-Technologies\mono\mono\metadata\icall.c:1842:
C:\build\output\Unity-Technologies\mono\mono\metadata\icall.c:1842:
C:\build\output\Unity-Technologies\mono\mono\metadata\icall.c:1842:
C:\build\output\Unity-Technologies\mono\mono\metadata\icall.c:1842:
C:\build\output\Unity-Technologies\mono\mono\metadata\icall.c:1842:
C:\build\output\Unity-Technologies\mono\mono\metadata\icall.c:1842:
C:\build\output\Unity-Technologies\mono\mono\metadata\icall.c:1842:
C:\build\output\Unity-Technologies\mono\mono\metadata\icall.c:1842:
Registering precompiled unity dll's ...
Register platform support module: C:/Program Files/Unity/Hub/Editor/2023.1.22f1/Editor/Data/PlaybackEngines/WindowsStandaloneSupport/UnityEditor.WindowsStandalone.Extensions.dll
Register platform support module: C:/Program Files/Unity/Hub/Editor/2023.1.22f1/Editor/Data/PlaybackEngines/AndroidPlayer/UnityEditor.Android.Extensions.dll
Registered in 0.007782 seconds.
- Loaded All Assemblies, in  0.500 seconds
Native extension for Android target not found
Android Extension - Scanning For ADB Devices 771 ms
Native extension for WindowsStandalone target not found
Mono: successfully reloaded assembly
C:\build\output\Unity-Technologies\mono\mono\metadata\icall.c:1842:
C:\build\output\Unity-Technologies\mono\mono\metadata\icall.c:1842:
- Finished resetting the current domain, in  1.184 seconds
Domain Reload Profiling: 1683ms
	BeginReloadAssembly (201ms)
		ExecutionOrderSort (0ms)
		DisableScriptedObjects (0ms)
		BackupInstance (0ms)
		ReleaseScriptingObjects (0ms)
		CreateAndSetChildDomain (5ms)
	RebuildCommonClasses (46ms)
	RebuildNativeTypeToScriptingClass (9ms)
	initialDomainReloadingComplete (68ms)
	LoadAllAssembliesAndSetupDomain (174ms)
		LoadAssemblies (192ms)
		RebuildTransferFunctionScriptingTraits (0ms)
		AnalyzeDomain (167ms)
			TypeCache.Refresh (165ms)
				TypeCache.ScanAssembly (149ms)
			ScanForSourceGeneratedMonoScriptInfo (1ms)
			ResolveRequiredComponents (0ms)
	FinalizeReload (1186ms)
		ReleaseScriptCaches (0ms)
		RebuildScriptCaches (0ms)
		SetupLoadedEditorAssemblies (1138ms)
			LogAssemblyErrors (0ms)
			InitializePlatformSupportModulesInManaged (908ms)
			SetLoadedEditorAssemblies (4ms)
			BeforeProcessingInitializeOnLoad (10ms)
			ProcessInitializeOnLoadAttributes (147ms)
			ProcessInitializeOnLoadMethodAttributes (68ms)
			AfterProcessingInitializeOnLoad (0ms)
			EditorAssembliesLoaded (0ms)
		ExecutionOrderSort2 (0ms)
		AwakeInstancesAfterBackupRestoration (0ms)
========================================================================
Worker process is ready to serve import requests
Import Worker Mode flag is 0x00
Begin MonoManager ReloadAssembly
C:\build\output\Unity-Technologies\mono\mono\metadata\icall.c:1842:
C:\build\output\Unity-Technologies\mono\mono\metadata\icall.c:1842:
C:\build\output\Unity-Technologies\mono\mono\metadata\icall.c:1842:
C:\build\output\Unity-Technologies\mono\mono\metadata\icall.c:1842:
C:\build\output\Unity-Technologies\mono\mono\metadata\icall.c:1842:
C:\build\output\Unity-Technologies\mono\mono\metadata\icall.c:1842:
C:\build\output\Unity-Technologies\mono\mono\metadata\icall.c:1842:
C:\build\output\Unity-Technologies\mono\mono\metadata\icall.c:1842:
C:\build\output\Unity-Technologies\mono\mono\metadata\icall.c:1842:
C:\build\output\Unity-Technologies\mono\mono\metadata\icall.c:1842:
C:\build\output\Unity-Technologies\mono\mono\metadata\icall.c:1842:
C:\build\output\Unity-Technologies\mono\mono\metadata\icall.c:1842:
Symbol file LoadedFromMemory doesn't match image C:\Users\dhack\Documents\GitHub\PixelUniverse\Library\PackageCache\com.unity.visualscripting@1.8.0\Editor\VisualScripting.Core\Dependencies\YamlDotNet\Unity.VisualScripting.YamlDotNet.dll
Symbol file LoadedFromMemory doesn't match image C:\Users\dhack\Documents\GitHub\PixelUniverse\Library\PackageCache\com.unity.visualscripting@1.8.0\Editor\VisualScripting.Core\Dependencies\DotNetZip\Unity.VisualScripting.IonicZip.dll
- Loaded All Assemblies, in  1.289 seconds
Refreshing native plugins compatible for Editor in 37.31 ms, found 12 plugins.
Native extension for Android target not found
Native extension for WindowsStandalone target not found
System.Reflection.TargetInvocationException: Exception has been thrown by the target of an invocation. ---> System.NullReferenceException: Object reference not set to an instance of an object
  at Unity.XR.Oculus.OculusLoader.AssetPathToAbsolutePath (System.String assetPath) [0x0003d] in .\Library\PackageCache\com.unity.xr.oculus@4.1.2\Runtime\OculusLoader.cs:287 
  at Unity.XR.Oculus.OculusLoader.EditorLoadOVRPlugin () [0x00084] in .\Library\PackageCache\com.unity.xr.oculus@4.1.2\Runtime\OculusLoader.cs:272 
  at (wrapper managed-to-native) System.Reflection.RuntimeMethodInfo.InternalInvoke(System.Reflection.RuntimeMethodInfo,object,object[],System.Exception&)
  at System.Reflection.RuntimeMethodInfo.Invoke (System.Object obj, System.Reflection.BindingFlags invokeAttr, System.Reflection.Binder binder, System.Object[] parameters, System.Globalization.CultureInfo culture) [0x0006a] in <cb3602b5bf2148caa08db7780ec02b19>:0 
   --- End of inner exception stack trace ---
  at System.Reflection.RuntimeMethodInfo.Invoke (System.Object obj, System.Reflection.BindingFlags invokeAttr, System.Reflection.Binder binder, System.Object[] parameters, System.Globalization.CultureInfo culture) [0x00083] in <cb3602b5bf2148caa08db7780ec02b19>:0 
  at System.Reflection.MethodBase.Invoke (System.Object obj, System.Object[] parameters) [0x00000] in <cb3602b5bf2148caa08db7780ec02b19>:0 
  at UnityEditor.EditorAssemblies.ProcessInitializeOnLoadMethodAttributes () [0x00056] in <376f43f3329c444db4613258b017d5db>:0 
UnityEngine.StackTraceUtility:ExtractStackTrace ()
UnityEngine.DebugLogHandler:Internal_Log (UnityEngine.LogType,UnityEngine.LogOption,string,UnityEngine.Object)
UnityEngine.DebugLogHandler:LogFormat (UnityEngine.LogType,UnityEngine.Object,string,object[])
UnityEngine.Logger:Log (UnityEngine.LogType,object)
UnityEngine.Debug:LogError (object)
UnityEditor.EditorAssemblies:ProcessInitializeOnLoadMethodAttributes ()

Mono: successfully reloaded assembly
Package Manager log level set to [2]
[Package Manager] Failed to launch server process. Reason: Unity was launched with the -noUpm command-line argument
[Package Manager] Unable to send message (not connected to server process).
[Package Manager] Cannot connect to Unity Package Manager local server
[Package Manager] Failed to launch server process. Reason: Unity was launched with the -noUpm command-line argument
[Package Manager] Unable to send message (not connected to server process).
[Package Manager] Cannot connect to Unity Package Manager local server
- Finished resetting the current domain, in  1.021 seconds
Domain Reload Profiling: 2290ms
	BeginReloadAssembly (376ms)
		ExecutionOrderSort (0ms)
		DisableScriptedObjects (6ms)
		BackupInstance (0ms)
		ReleaseScriptingObjects (0ms)
		CreateAndSetChildDomain (37ms)
	RebuildCommonClasses (33ms)
	RebuildNativeTypeToScriptingClass (9ms)
	initialDomainReloadingComplete (38ms)
	LoadAllAssembliesAndSetupDomain (812ms)
		LoadAssemblies (564ms)
		RebuildTransferFunctionScriptingTraits (0ms)
		AnalyzeDomain (388ms)
			TypeCache.Refresh (357ms)
				TypeCache.ScanAssembly (344ms)
			ScanForSourceGeneratedMonoScriptInfo (24ms)
			ResolveRequiredComponents (6ms)
	FinalizeReload (1022ms)
		ReleaseScriptCaches (0ms)
		RebuildScriptCaches (0ms)
		SetupLoadedEditorAssemblies (781ms)
			LogAssemblyErrors (0ms)
			InitializePlatformSupportModulesInManaged (27ms)
			SetLoadedEditorAssemblies (4ms)
			BeforeProcessingInitializeOnLoad (96ms)
			ProcessInitializeOnLoadAttributes (589ms)
			ProcessInitializeOnLoadMethodAttributes (60ms)
			AfterProcessingInitializeOnLoad (5ms)
			EditorAssembliesLoaded (0ms)
		ExecutionOrderSort2 (0ms)
		AwakeInstancesAfterBackupRestoration (9ms)
Launched and connected shader compiler UnityShaderCompiler.exe after 0.06 seconds
Refreshing native plugins compatible for Editor in 14.88 ms, found 12 plugins.
Preloading 1 native plugins for Editor in 0.22 ms.
Unloading 5030 Unused Serialized files (Serialized files now loaded: 0)
Unloading 89 unused Assets / (130.0 KB). Loaded Objects now: 5571.
Memory consumption went from 181.3 MB to 181.1 MB.
Total: 8.669300 ms (FindLiveObjects: 0.476400 ms CreateObjectMapping: 0.278600 ms MarkObjects: 7.334700 ms  DeleteObjects: 0.576200 ms)

AssetImportParameters requested are different than current active one (requested -> active):
  custom:video-decoder-webm-vp8: 9c59270c3fd7afecdb556c50c9e8de78 -> 
  custom:SearchIndexIgnoredProperties: e643bd26f0fe6173181afceb89e7c659 -> 
  custom:audio-encoder-webm-vorbis: bf7c407c2cedff20999df2af8eb42d56 -> 
  custom:AudioImporter_EditorPlatform: d09bf68614088b80899f8185d706f6e7 -> 
  custom:audio-decoder-ogg-vorbis: bf7c407c2cedff20999df2af8eb42d56 -> 
  custom:video-encoder-webm-vp8: eb34c28f22e8b96e1ab97ce403110664 -> 
  custom:container-demuxer-ogg: 62fdf1f143b41e24485cea50d1cbac27 -> 
  custom:framework-win-MediaFoundation: 216162199b28c13a410421893ffa2e32 -> 
  custom:video-decoder-ogg-theora: a1e56fd34408186e4bbccfd4996cb3dc -> 
  custom:container-muxer-webm: aa71ff27fc2769a1b78a27578f13a17b -> 
  custom:CustomObjectIndexerAttribute: 756ad292c208cfabdd7b50bc23989ffe -> 
  custom:container-demuxer-webm: 4f35f7cbe854078d1ac9338744f61a02 -> 
========================================================================
Received Import Request.
  Time since last request: 68835.219178 seconds.
  path: Assets/DinV/Dynamic Space Background/Sprites/Nebula Blue.png
  artifactKey: Guid(ddcac1fac1f5c8943a30c2ef6b724062) Importer(815301076,1909f56bfc062723c751e8b465ee728b)
Start importing Assets/DinV/Dynamic Space Background/Sprites/Nebula Blue.png using Guid(ddcac1fac1f5c8943a30c2ef6b724062) Importer(815301076,1909f56bfc062723c751e8b465ee728b)  -> (artifact id: '2e09cce9d7bb1622870be04693dc02ca') in 0.323374 seconds
Number of updated asset objects reloaded before import = 0
Number of asset objects unloaded after import = 2
========================================================================
Received Import Request.
  Time since last request: 8.926083 seconds.
  path: Assets/DinV/Dynamic Space Background/Sprites/Nebula Blue.png
  artifactKey: Guid(ddcac1fac1f5c8943a30c2ef6b724062) Importer(815301076,1909f56bfc062723c751e8b465ee728b)
Start importing Assets/DinV/Dynamic Space Background/Sprites/Nebula Blue.png using Guid(ddcac1fac1f5c8943a30c2ef6b724062) Importer(815301076,1909f56bfc062723c751e8b465ee728b)  -> (artifact id: '40181c147bd317b5ea4effbeef910fd3') in 0.285096 seconds
Number of updated asset objects reloaded before import = 0
Number of asset objects unloaded after import = 1
========================================================================
Received Import Request.
  Time since last request: 115.017613 seconds.
  path: Assets/78CF1C72ED40BBAE2633EE0FDD10AAC5C562A2D2-752099377
  artifactKey: Guid(cd96fd09eab1b844e8167cb58aa37833) Importer(815301076,1909f56bfc062723c751e8b465ee728b)
Start importing Assets/78CF1C72ED40BBAE2633EE0FDD10AAC5C562A2D2-752099377 using Guid(cd96fd09eab1b844e8167cb58aa37833) Importer(815301076,1909f56bfc062723c751e8b465ee728b)  -> (artifact id: '647ecaad79e1c881543710728360afed') in 0.164758 seconds
Number of updated asset objects reloaded before import = 0
Number of asset objects unloaded after import = 1
========================================================================
Received Import Request.
  Time since last request: 1266.961796 seconds.
  path: Assets/New Material 2.mat
  artifactKey: Guid(39d4cd2f6ad6c9648af25ca3fb04bdac) Importer(815301076,1909f56bfc062723c751e8b465ee728b)
Start importing Assets/New Material 2.mat using Guid(39d4cd2f6ad6c9648af25ca3fb04bdac) Importer(815301076,1909f56bfc062723c751e8b465ee728b)  -> (artifact id: '79ae95d3699f5df5f4448e3a539f0a97') in 1.618155 seconds
Number of updated asset objects reloaded before import = 0
Number of asset objects unloaded after import = 2
========================================================================
Received Import Request.
  Time since last request: 18.935641 seconds.
  path: Assets/Scenes/SampleScene/ReflectionProbe-0.exr
  artifactKey: Guid(a8e453819e1993a4d8c8972ab17d0416) Importer(815301076,1909f56bfc062723c751e8b465ee728b)
Start importing Assets/Scenes/SampleScene/ReflectionProbe-0.exr using Guid(a8e453819e1993a4d8c8972ab17d0416) Importer(815301076,1909f56bfc062723c751e8b465ee728b)  -> (artifact id: '4d6bdc63ca33c84ee9774f1ea9853428') in 0.157083 seconds
Number of updated asset objects reloaded before import = 0
Number of asset objects unloaded after import = 1
========================================================================
Received Import Request.
  Time since last request: 0.000711 seconds.
  path: Assets/Texture2D/skybox02_openGL.png
  artifactKey: Guid(ab005deec73d1bf40b2413b386b66d55) Importer(815301076,1909f56bfc062723c751e8b465ee728b)
Start importing Assets/Texture2D/skybox02_openGL.png using Guid(ab005deec73d1bf40b2413b386b66d55) Importer(815301076,1909f56bfc062723c751e8b465ee728b)  -> (artifact id: '3f0816c8c50ba6fd9794d8700f8da68e') in 0.563858 seconds
Number of updated asset objects reloaded before import = 0
Number of asset objects unloaded after import = 1
========================================================================
Received Import Request.
  Time since last request: 174.554448 seconds.
  path: Assets/New Material 2.mat
  artifactKey: Guid(39d4cd2f6ad6c9648af25ca3fb04bdac) Importer(815301076,1909f56bfc062723c751e8b465ee728b)
Start importing Assets/New Material 2.mat using Guid(39d4cd2f6ad6c9648af25ca3fb04bdac) Importer(815301076,1909f56bfc062723c751e8b465ee728b)  -> (artifact id: 'db03c5222ebc44b1464885ed12309924') in 0.820091 seconds
Number of updated asset objects reloaded before import = 0
Number of asset objects unloaded after import = 2
========================================================================
Received Import Request.
  Time since last request: 66752.976816 seconds.
  path: Assets/Soft.mp3
  artifactKey: Guid(1609639d7ed75bf469484ca5d7ee2664) Importer(815301076,1909f56bfc062723c751e8b465ee728b)
Start importing Assets/Soft.mp3 using Guid(1609639d7ed75bf469484ca5d7ee2664) Importer(815301076,1909f56bfc062723c751e8b465ee728b)  -> (artifact id: '6e043342cc5bdb5955034d98248b87a1') in 1.906132 seconds
Number of updated asset objects reloaded before import = 0
Number of asset objects unloaded after import = 2
========================================================================
Received Import Request.
  Time since last request: 25.446964 seconds.
  path: Assets/Lobby.mp3
  artifactKey: Guid(1350cf6f73d686443a5afd9290183a48) Importer(815301076,1909f56bfc062723c751e8b465ee728b)
Start importing Assets/Lobby.mp3 using Guid(1350cf6f73d686443a5afd9290183a48) Importer(815301076,1909f56bfc062723c751e8b465ee728b)  -> (artifact id: '59096e4c4ea219ac1eebd26f4ef93a03') in 0.031629 seconds
Number of updated asset objects reloaded before import = 0
Number of asset objects unloaded after import = 2
========================================================================
Received Import Request.
  Time since last request: 2470.732093 seconds.
  path: Assets/「KARAOKE」BIRDBRAIN - JamieP - Off Vocal.mp3
  artifactKey: Guid(8a67a6df5e5d17f4b97aabf260b5fc07) Importer(815301076,1909f56bfc062723c751e8b465ee728b)
Start importing Assets/「KARAOKE」BIRDBRAIN - JamieP - Off Vocal.mp3 using Guid(8a67a6df5e5d17f4b97aabf260b5fc07) Importer(815301076,1909f56bfc062723c751e8b465ee728b)  -> (artifact id: '0da240b1c29e49cc5568b1ba11ef364b') in 0.184415 seconds
Number of updated asset objects reloaded before import = 0
Number of asset objects unloaded after import = 2
========================================================================
Received Import Request.
  Time since last request: 49.023168 seconds.
  path: Assets/Static ft. Hatsune Miku.mp3
  artifactKey: Guid(f0f580b80eedac34f8475a3da3121e1b) Importer(815301076,1909f56bfc062723c751e8b465ee728b)
Start importing Assets/Static ft. Hatsune Miku.mp3 using Guid(f0f580b80eedac34f8475a3da3121e1b) Importer(815301076,1909f56bfc062723c751e8b465ee728b)  -> (artifact id: '1110ff696bafa6dda4a009852519f3f9') in 0.032732 seconds
Number of updated asset objects reloaded before import = 0
Number of asset objects unloaded after import = 2
========================================================================
Received Import Request.
  Time since last request: 33.811505 seconds.
  path: Assets/Sky.mat
  artifactKey: Guid(059f84ecef764454e8626102267658d3) Importer(815301076,1909f56bfc062723c751e8b465ee728b)
Start importing Assets/Sky.mat using Guid(059f84ecef764454e8626102267658d3) Importer(815301076,1909f56bfc062723c751e8b465ee728b)  -> (artifact id: 'e07ce9d1bf11421394b176f8b26645c9') in 0.380691 seconds
Number of updated asset objects reloaded before import = 0
Number of asset objects unloaded after import = 1
========================================================================
Received Import Request.
  Time since last request: 22.662952 seconds.
  path: Assets/Texture2D/Sky_Clouds.png
  artifactKey: Guid(2155f451d47e7ba44aa1f9c1597e5bc6) Importer(815301076,1909f56bfc062723c751e8b465ee728b)
Start importing Assets/Texture2D/Sky_Clouds.png using Guid(2155f451d47e7ba44aa1f9c1597e5bc6) Importer(815301076,1909f56bfc062723c751e8b465ee728b)  -> (artifact id: 'ce138c64f702b0ca16266feea613a7ae') in 0.276377 seconds
Number of updated asset objects reloaded before import = 0
Number of asset objects unloaded after import = 2
========================================================================
Received Import Request.
  Time since last request: 0.000034 seconds.
  path: Assets/Day-Night Skyboxes/Textures/SkyAfterNoon_Front.png
  artifactKey: Guid(801a87c5db92ace45a6a9346777f1f5f) Importer(815301076,1909f56bfc062723c751e8b465ee728b)
Start importing Assets/Day-Night Skyboxes/Textures/SkyAfterNoon_Front.png using Guid(801a87c5db92ace45a6a9346777f1f5f) Importer(815301076,1909f56bfc062723c751e8b465ee728b)  -> (artifact id: '1a8433491d2b907b6d48bb88b07a2a1a') in 0.058778 seconds
Number of updated asset objects reloaded before import = 0
Number of asset objects unloaded after import = 2
========================================================================
Received Import Request.
  Time since last request: 0.000786 seconds.
  path: Assets/Day-Night Skyboxes/Textures/SkyAfterNoon_Bottom.png
  artifactKey: Guid(b6ef619cfefbc3a48bfe3a846f9adb9a) Importer(815301076,1909f56bfc062723c751e8b465ee728b)
Start importing Assets/Day-Night Skyboxes/Textures/SkyAfterNoon_Bottom.png using Guid(b6ef619cfefbc3a48bfe3a846f9adb9a) Importer(815301076,1909f56bfc062723c751e8b465ee728b)  -> (artifact id: '2437f49743e0a1426203f796fd6d288c') in 0.053064 seconds
Number of updated asset objects reloaded before import = 0
Number of asset objects unloaded after import = 2
========================================================================
Received Import Request.
  Time since last request: 0.000106 seconds.
  path: Assets/Day-Night Skyboxes/Textures/SkyAfterNoon_Left.png
  artifactKey: Guid(969ef861056a05940ba9123d15486191) Importer(815301076,1909f56bfc062723c751e8b465ee728b)
Start importing Assets/Day-Night Skyboxes/Textures/SkyAfterNoon_Left.png using Guid(969ef861056a05940ba9123d15486191) Importer(815301076,1909f56bfc062723c751e8b465ee728b)  -> (artifact id: 'a8632ad808f7d0ff1edd4658b6f6e6ca') in 0.029433 seconds
Number of updated asset objects reloaded before import = 0
Number of asset objects unloaded after import = 2
========================================================================
Received Import Request.
  Time since last request: 40.350802 seconds.
  path: Assets/Audio
  artifactKey: Guid(88084046f7304094c87de9436927b34f) Importer(815301076,1909f56bfc062723c751e8b465ee728b)
Start importing Assets/Audio using Guid(88084046f7304094c87de9436927b34f) Importer(815301076,1909f56bfc062723c751e8b465ee728b)  -> (artifact id: '43f7feae0da072905b02e7f2b7455ad4') in 0.003092 seconds
Number of updated asset objects reloaded before import = 0
Number of asset objects unloaded after import = 0
========================================================================
Received Import Request.
  Time since last request: 0.076510 seconds.
  path: Assets/Audio/1207623_Iridescent.mp3
  artifactKey: Guid(e7eae7f47fafc1a408319a56aa63e2c4) Importer(815301076,1909f56bfc062723c751e8b465ee728b)
Start importing Assets/Audio/1207623_Iridescent.mp3 using Guid(e7eae7f47fafc1a408319a56aa63e2c4) Importer(815301076,1909f56bfc062723c751e8b465ee728b)  -> (artifact id: 'e951c1b529a36d28304485c232157df8') in 0.022745 seconds
Number of updated asset objects reloaded before import = 0
Number of asset objects unloaded after import = 2
========================================================================
Received Import Request.
  Time since last request: 0.000117 seconds.
  path: Assets/Audio/1463848_cards-of-gold-NGADM-Group--slowedandreverbstudio.wav
  artifactKey: Guid(2ced9c932be140d45afef840a60ce8b1) Importer(815301076,1909f56bfc062723c751e8b465ee728b)
Start importing Assets/Audio/1463848_cards-of-gold-NGADM-Group--slowedandreverbstudio.wav using Guid(2ced9c932be140d45afef840a60ce8b1) Importer(815301076,1909f56bfc062723c751e8b465ee728b)  -> (artifact id: 'a6093359498de1edc823ccb18521ad07') in 0.019295 seconds
Number of updated asset objects reloaded before import = 0
Number of asset objects unloaded after import = 2
========================================================================
Received Import Request.
  Time since last request: 0.000094 seconds.
  path: Assets/Audio/Abandoned Mines _ D&D _ RPG Ambience 🎵 Mysterious Exploration Ambience.mp3
  artifactKey: Guid(47cad605d298557439b430908ec1fb0f) Importer(815301076,1909f56bfc062723c751e8b465ee728b)
Start importing Assets/Audio/Abandoned Mines _ D&D _ RPG Ambience 🎵 Mysterious Exploration Ambience.mp3 using Guid(47cad605d298557439b430908ec1fb0f) Importer(815301076,1909f56bfc062723c751e8b465ee728b)  -> (artifact id: 'e267fc4cfe2acaab95ad37261b72af06') in 0.017430 seconds
Number of updated asset objects reloaded before import = 0
Number of asset objects unloaded after import = 2
========================================================================
Received Import Request.
  Time since last request: 0.000081 seconds.
  path: Assets/Audio/4676985514754048-[AudioTrimmer.com].wav
  artifactKey: Guid(2bc0d3b3a1a4b9848b2d40050ef89b70) Importer(815301076,1909f56bfc062723c751e8b465ee728b)
Start importing Assets/Audio/4676985514754048-[AudioTrimmer.com].wav using Guid(2bc0d3b3a1a4b9848b2d40050ef89b70) Importer(815301076,1909f56bfc062723c751e8b465ee728b)  -> (artifact id: 'fc122670584f021462934f3f367856c8') in 0.017103 seconds
Number of updated asset objects reloaded before import = 0
Number of asset objects unloaded after import = 2
========================================================================
Received Import Request.
  Time since last request: 0.173061 seconds.
  path: Assets/Audio/All you are going to want to do is get back there.mp3
  artifactKey: Guid(645335ad29f592746bbe67b8483358f8) Importer(815301076,1909f56bfc062723c751e8b465ee728b)
Start importing Assets/Audio/All you are going to want to do is get back there.mp3 using Guid(645335ad29f592746bbe67b8483358f8) Importer(815301076,1909f56bfc062723c751e8b465ee728b)  -> (artifact id: 'cb8595adf003a559b403f4cda4e9bbb4') in 0.021446 seconds
Number of updated asset objects reloaded before import = 0
Number of asset objects unloaded after import = 2
========================================================================
Received Import Request.
  Time since last request: 0.000103 seconds.
  path: Assets/Audio/announcement_sound_effect.mp3
  artifactKey: Guid(8efa9151b5db4354fb255e1c4221bd33) Importer(815301076,1909f56bfc062723c751e8b465ee728b)
Start importing Assets/Audio/announcement_sound_effect.mp3 using Guid(8efa9151b5db4354fb255e1c4221bd33) Importer(815301076,1909f56bfc062723c751e8b465ee728b)  -> (artifact id: 'e00a3ad8469968266ad37fdf7a4ef2cd') in 0.016910 seconds
Number of updated asset objects reloaded before import = 0
Number of asset objects unloaded after import = 2
========================================================================
Received Import Request.
  Time since last request: 0.000127 seconds.
  path: Assets/Audio/Boot.mp3
  artifactKey: Guid(a89865e0d7e7e2446a5cf771a9cc9d50) Importer(815301076,1909f56bfc062723c751e8b465ee728b)
Start importing Assets/Audio/Boot.mp3 using Guid(a89865e0d7e7e2446a5cf771a9cc9d50) Importer(815301076,1909f56bfc062723c751e8b465ee728b)  -> (artifact id: 'c62351243d17979e642c9c55c83a405a') in 0.016389 seconds
Number of updated asset objects reloaded before import = 0
Number of asset objects unloaded after import = 2
========================================================================
Received Import Request.
  Time since last request: 0.000095 seconds.
  path: Assets/Audio/Cleaning Up.mp3
  artifactKey: Guid(b521c62f279b05649a83fc6fe20739a8) Importer(815301076,1909f56bfc062723c751e8b465ee728b)
Start importing Assets/Audio/Cleaning Up.mp3 using Guid(b521c62f279b05649a83fc6fe20739a8) Importer(815301076,1909f56bfc062723c751e8b465ee728b)  -> (artifact id: '5cd32d352bcfc86480bb24df35303e74') in 0.018463 seconds
Number of updated asset objects reloaded before import = 0
Number of asset objects unloaded after import = 2
========================================================================
Received Import Request.
  Time since last request: 0.000461 seconds.
  path: Assets/Audio/com (mp3cut.net) (1).mp3
  artifactKey: Guid(b845e5d306fa2db4bb1a2dbed3452243) Importer(815301076,1909f56bfc062723c751e8b465ee728b)
Start importing Assets/Audio/com (mp3cut.net) (1).mp3 using Guid(b845e5d306fa2db4bb1a2dbed3452243) Importer(815301076,1909f56bfc062723c751e8b465ee728b)  -> (artifact id: '5bdea6d29ef4456181e3a424425d6d65') in 0.015675 seconds
Number of updated asset objects reloaded before import = 0
Number of asset objects unloaded after import = 2
========================================================================
Received Import Request.
  Time since last request: 0.000115 seconds.
  path: Assets/Audio/disc_channel_-_wii_fit_plus_soundtrack.mp3
  artifactKey: Guid(07af68476c6a5d846b11d33178260558) Importer(815301076,1909f56bfc062723c751e8b465ee728b)
Start importing Assets/Audio/disc_channel_-_wii_fit_plus_soundtrack.mp3 using Guid(07af68476c6a5d846b11d33178260558) Importer(815301076,1909f56bfc062723c751e8b465ee728b)  -> (artifact id: '8af028103888db5b9b3f0eff415111a7') in 0.020218 seconds
Number of updated asset objects reloaded before import = 0
Number of asset objects unloaded after import = 2
========================================================================
Received Import Request.
  Time since last request: 0.000084 seconds.
  path: Assets/Audio/com (mp3cut.net) (5).mp3
  artifactKey: Guid(58d9e915907900849ad255929ff79401) Importer(815301076,1909f56bfc062723c751e8b465ee728b)
Start importing Assets/Audio/com (mp3cut.net) (5).mp3 using Guid(58d9e915907900849ad255929ff79401) Importer(815301076,1909f56bfc062723c751e8b465ee728b)  -> (artifact id: 'dc932619db2e0d81417d224ac1562ab4') in 0.019285 seconds
Number of updated asset objects reloaded before import = 0
Number of asset objects unloaded after import = 2
========================================================================
Received Import Request.
  Time since last request: 0.000063 seconds.
  path: Assets/Audio/In the Skies.mp3
  artifactKey: Guid(3e734fd3893805b4999ce3a7428c202a) Importer(815301076,1909f56bfc062723c751e8b465ee728b)
Start importing Assets/Audio/In the Skies.mp3 using Guid(3e734fd3893805b4999ce3a7428c202a) Importer(815301076,1909f56bfc062723c751e8b465ee728b)  -> (artifact id: 'e410b837d8d4cb104619b24c1fe7b7c0') in 0.016705 seconds
Number of updated asset objects reloaded before import = 0
Number of asset objects unloaded after import = 2
========================================================================
Received Import Request.
  Time since last request: 0.000125 seconds.
  path: Assets/Audio/INTROMENUHEEHEE.mp3
  artifactKey: Guid(d1eda74b253697a4e9a14bcd9458b879) Importer(815301076,1909f56bfc062723c751e8b465ee728b)
Start importing Assets/Audio/INTROMENUHEEHEE.mp3 using Guid(d1eda74b253697a4e9a14bcd9458b879) Importer(815301076,1909f56bfc062723c751e8b465ee728b)  -> (artifact id: '0255fae64bc46a7295d37c0865e14e30') in 0.015980 seconds
Number of updated asset objects reloaded before import = 0
Number of asset objects unloaded after import = 2
========================================================================
Received Import Request.
  Time since last request: 0.000064 seconds.
  path: Assets/Audio/New Beginning_32.mp3
  artifactKey: Guid(7732310750068cf48bae44b8add2453b) Importer(815301076,1909f56bfc062723c751e8b465ee728b)
Start importing Assets/Audio/New Beginning_32.mp3 using Guid(7732310750068cf48bae44b8add2453b) Importer(815301076,1909f56bfc062723c751e8b465ee728b)  -> (artifact id: 'd8c2fcda45af9500efe64d908bdaf638') in 0.017297 seconds
Number of updated asset objects reloaded before import = 0
Number of asset objects unloaded after import = 2
========================================================================
Received Import Request.
  Time since last request: 0.000075 seconds.
  path: Assets/Audio/no way its da store!!1!!!.mp3
  artifactKey: Guid(f9c7637e747c5734599306ed992a8ce8) Importer(815301076,1909f56bfc062723c751e8b465ee728b)
Start importing Assets/Audio/no way its da store!!1!!!.mp3 using Guid(f9c7637e747c5734599306ed992a8ce8) Importer(815301076,1909f56bfc062723c751e8b465ee728b)  -> (artifact id: '121012227531b48ac899331577f83b4e') in 0.016717 seconds
Number of updated asset objects reloaded before import = 0
Number of asset objects unloaded after import = 2
========================================================================
Received Import Request.
  Time since last request: 0.000883 seconds.
  path: Assets/Audio/midnight_isolation.mp3
  artifactKey: Guid(89695830661de7b4e9ae1b9b918f0777) Importer(815301076,1909f56bfc062723c751e8b465ee728b)
Start importing Assets/Audio/midnight_isolation.mp3 using Guid(89695830661de7b4e9ae1b9b918f0777) Importer(815301076,1909f56bfc062723c751e8b465ee728b)  -> (artifact id: 'd1d5ce13ce2688c2ae7ecc5b2b526446') in 0.016492 seconds
Number of updated asset objects reloaded before import = 0
Number of asset objects unloaded after import = 2
========================================================================
Received Import Request.
  Time since last request: 0.000100 seconds.
  path: Assets/Audio/running_from_the_internet_ost_-_running_from_the_internet.mp3
  artifactKey: Guid(4a22f3099a0dcba44afc363a726853d6) Importer(815301076,1909f56bfc062723c751e8b465ee728b)
Start importing Assets/Audio/running_from_the_internet_ost_-_running_from_the_internet.mp3 using Guid(4a22f3099a0dcba44afc363a726853d6) Importer(815301076,1909f56bfc062723c751e8b465ee728b)  -> (artifact id: '67de9d6aa47d157b5b9121da217806cd') in 0.018256 seconds
Number of updated asset objects reloaded before import = 0
Number of asset objects unloaded after import = 2
========================================================================
Received Import Request.
  Time since last request: 0.000063 seconds.
  path: Assets/Audio/com (mp3cut.net) (3).mp3
  artifactKey: Guid(49b51484e94f9a54ead095330f94b891) Importer(815301076,1909f56bfc062723c751e8b465ee728b)
Start importing Assets/Audio/com (mp3cut.net) (3).mp3 using Guid(49b51484e94f9a54ead095330f94b891) Importer(815301076,1909f56bfc062723c751e8b465ee728b)  -> (artifact id: '10d95e73007306ca8205f6c2231ba32c') in 0.017883 seconds
Number of updated asset objects reloaded before import = 0
Number of asset objects unloaded after import = 2
========================================================================
Received Import Request.
  Time since last request: 0.000084 seconds.
  path: Assets/Audio/doors_original_soundtrack_vol_1_-_guiding_light.mp3
  artifactKey: Guid(1641eb400cf94534f88855a80421e956) Importer(815301076,1909f56bfc062723c751e8b465ee728b)
Start importing Assets/Audio/doors_original_soundtrack_vol_1_-_guiding_light.mp3 using Guid(1641eb400cf94534f88855a80421e956) Importer(815301076,1909f56bfc062723c751e8b465ee728b)  -> (artifact id: '85730f351967724834b41705cd360570') in 0.018201 seconds
Number of updated asset objects reloaded before import = 0
Number of asset objects unloaded after import = 2
========================================================================
Received Import Request.
  Time since last request: 0.000411 seconds.
  path: Assets/Audio/com (mp3cut.net) (4).mp3
  artifactKey: Guid(b9110a6183c984649ae07eb08f9164ef) Importer(815301076,1909f56bfc062723c751e8b465ee728b)
Start importing Assets/Audio/com (mp3cut.net) (4).mp3 using Guid(b9110a6183c984649ae07eb08f9164ef) Importer(815301076,1909f56bfc062723c751e8b465ee728b)  -> (artifact id: 'bda82ebc9a79bb93d767981489872e6a') in 0.015380 seconds
Number of updated asset objects reloaded before import = 0
Number of asset objects unloaded after import = 2
========================================================================
Received Import Request.
  Time since last request: 0.000081 seconds.
  path: Assets/Audio/PC Boot Variation 1.mp3
  artifactKey: Guid(3acaed147df48f048bf142d3a7c099a9) Importer(815301076,1909f56bfc062723c751e8b465ee728b)
Start importing Assets/Audio/PC Boot Variation 1.mp3 using Guid(3acaed147df48f048bf142d3a7c099a9) Importer(815301076,1909f56bfc062723c751e8b465ee728b)  -> (artifact id: 'be6c395fa6be15fd2ea0a8af7f2d0d49') in 0.014226 seconds
Number of updated asset objects reloaded before import = 0
Number of asset objects unloaded after import = 2
========================================================================
Received Import Request.
  Time since last request: 0.000462 seconds.
  path: Assets/Audio/Good Ending [In-Game Version].mp3
  artifactKey: Guid(b7298758b0db63441873713af4554ea3) Importer(815301076,1909f56bfc062723c751e8b465ee728b)
Start importing Assets/Audio/Good Ending [In-Game Version].mp3 using Guid(b7298758b0db63441873713af4554ea3) Importer(815301076,1909f56bfc062723c751e8b465ee728b)  -> (artifact id: '865e215460c7940ac0fb2631a605933c') in 0.017532 seconds
Number of updated asset objects reloaded before import = 0
Number of asset objects unloaded after import = 2
========================================================================
Received Import Request.
  Time since last request: 0.000095 seconds.
  path: Assets/Audio/Soda Shop Theme (1).wav
  artifactKey: Guid(3a611cfd3966fdf4297adb5c6300b266) Importer(815301076,1909f56bfc062723c751e8b465ee728b)
Start importing Assets/Audio/Soda Shop Theme (1).wav using Guid(3a611cfd3966fdf4297adb5c6300b266) Importer(815301076,1909f56bfc062723c751e8b465ee728b)  -> (artifact id: '15fdb3c7f534982442e04b9daea0d55f') in 0.016646 seconds
Number of updated asset objects reloaded before import = 0
Number of asset objects unloaded after import = 2
========================================================================
Received Import Request.
  Time since last request: 0.000068 seconds.
  path: Assets/Audio/full menu haha.mp3
  artifactKey: Guid(ddccef6cae46dfc4597dee58a5e7ee13) Importer(815301076,1909f56bfc062723c751e8b465ee728b)
Start importing Assets/Audio/full menu haha.mp3 using Guid(ddccef6cae46dfc4597dee58a5e7ee13) Importer(815301076,1909f56bfc062723c751e8b465ee728b)  -> (artifact id: '0a464701cf8608613c3f9d9aab243d51') in 0.018897 seconds
Number of updated asset objects reloaded before import = 0
Number of asset objects unloaded after import = 2
========================================================================
Received Import Request.
  Time since last request: 0.000157 seconds.
  path: Assets/Audio/heartwarming_town.mp3
  artifactKey: Guid(39fd696ab3c07e141adad0954b0307f4) Importer(815301076,1909f56bfc062723c751e8b465ee728b)
Start importing Assets/Audio/heartwarming_town.mp3 using Guid(39fd696ab3c07e141adad0954b0307f4) Importer(815301076,1909f56bfc062723c751e8b465ee728b)  -> (artifact id: 'bf70cb19f730aaa6dc780e8c17e1df19') in 0.015589 seconds
Number of updated asset objects reloaded before import = 0
Number of asset objects unloaded after import = 2
========================================================================
Received Import Request.
  Time since last request: 0.000122 seconds.
  path: Assets/Audio/Chillax.wav
  artifactKey: Guid(da9bf20146139ea4899af2ec8ff8784b) Importer(815301076,1909f56bfc062723c751e8b465ee728b)
Start importing Assets/Audio/Chillax.wav using Guid(da9bf20146139ea4899af2ec8ff8784b) Importer(815301076,1909f56bfc062723c751e8b465ee728b)  -> (artifact id: '087f392f16717d3d87730c7496b87024') in 0.024935 seconds
Number of updated asset objects reloaded before import = 0
Number of asset objects unloaded after import = 2
========================================================================
Received Import Request.
  Time since last request: 0.000107 seconds.
  path: Assets/Audio/MY FAV SONG EVER.mp3
  artifactKey: Guid(51b0367a4a5eca943be4b0655fbaf46b) Importer(815301076,1909f56bfc062723c751e8b465ee728b)
Start importing Assets/Audio/MY FAV SONG EVER.mp3 using Guid(51b0367a4a5eca943be4b0655fbaf46b) Importer(815301076,1909f56bfc062723c751e8b465ee728b)  -> (artifact id: '3491cfabc97a55c5836b0340df91a4df') in 0.024594 seconds
Number of updated asset objects reloaded before import = 0
Number of asset objects unloaded after import = 2
========================================================================
Received Import Request.
  Time since last request: 0.000074 seconds.
  path: Assets/Audio/Libet delay - The Caretaker (Stage 3).ogg
  artifactKey: Guid(85654a7adb1d1be49a16151e3e05e6aa) Importer(815301076,1909f56bfc062723c751e8b465ee728b)
Start importing Assets/Audio/Libet delay - The Caretaker (Stage 3).ogg using Guid(85654a7adb1d1be49a16151e3e05e6aa) Importer(815301076,1909f56bfc062723c751e8b465ee728b)  -> (artifact id: '67b1944e4886841957e1161ec56a6e13') in 0.279154 seconds
Number of updated asset objects reloaded before import = 0
Number of asset objects unloaded after import = 2
========================================================================
Received Import Request.
  Time since last request: 0.000086 seconds.
  path: Assets/Audio/com (mp3cut.net) (6).mp3
  artifactKey: Guid(b7e0c59493e785744be241d3d1c37d35) Importer(815301076,1909f56bfc062723c751e8b465ee728b)
Start importing Assets/Audio/com (mp3cut.net) (6).mp3 using Guid(b7e0c59493e785744be241d3d1c37d35) Importer(815301076,1909f56bfc062723c751e8b465ee728b)  -> (artifact id: 'adfbd000a563737138ef8874a5766817') in 0.216003 seconds
Number of updated asset objects reloaded before import = 0
Number of asset objects unloaded after import = 2
========================================================================
Received Import Request.
  Time since last request: 0.000127 seconds.
  path: Assets/Audio/Inside a House - The Legend of Zelda_ Ocarina of Time.mp3
  artifactKey: Guid(28f521d74b003f348a7bf2bf1b6d043b) Importer(815301076,1909f56bfc062723c751e8b465ee728b)
Start importing Assets/Audio/Inside a House - The Legend of Zelda_ Ocarina of Time.mp3 using Guid(28f521d74b003f348a7bf2bf1b6d043b) Importer(815301076,1909f56bfc062723c751e8b465ee728b)  -> (artifact id: '4e4a9934b7467dca3a0bddf6480e4c82') in 0.139779 seconds
Number of updated asset objects reloaded before import = 0
Number of asset objects unloaded after import = 2
========================================================================
Received Import Request.
  Time since last request: 0.000094 seconds.
  path: Assets/Audio/Neuro.mp3
  artifactKey: Guid(5d70cbeee5b57d6458107fe77ee2013c) Importer(815301076,1909f56bfc062723c751e8b465ee728b)
Start importing Assets/Audio/Neuro.mp3 using Guid(5d70cbeee5b57d6458107fe77ee2013c) Importer(815301076,1909f56bfc062723c751e8b465ee728b)  -> (artifact id: '8fd5a4b53e363753da58d87bf76a4704') in 0.136452 seconds
Number of updated asset objects reloaded before import = 0
Number of asset objects unloaded after import = 2
========================================================================
Received Import Request.
  Time since last request: 0.000111 seconds.
  path: Assets/Audio/Nuke Alarm.wav
  artifactKey: Guid(4a552f333e4024c4ca0f966af9a14bcb) Importer(815301076,1909f56bfc062723c751e8b465ee728b)
Start importing Assets/Audio/Nuke Alarm.wav using Guid(4a552f333e4024c4ca0f966af9a14bcb) Importer(815301076,1909f56bfc062723c751e8b465ee728b)  -> (artifact id: 'ee7c870f8f46ce3bdde4eceaa7dbf948') in 0.076112 seconds
Number of updated asset objects reloaded before import = 0
Number of asset objects unloaded after import = 2
========================================================================
Received Import Request.
  Time since last request: 0.001304 seconds.
  path: Assets/Audio/crashout-slowedandreverbstudio.wav
  artifactKey: Guid(b290139d3ed383946b6bb9db96e226be) Importer(815301076,1909f56bfc062723c751e8b465ee728b)
Start importing Assets/Audio/crashout-slowedandreverbstudio.wav using Guid(b290139d3ed383946b6bb9db96e226be) Importer(815301076,1909f56bfc062723c751e8b465ee728b)  -> (artifact id: 'c211a955054c654c3dc714aeb2742dcc') in 0.012441 seconds
Number of updated asset objects reloaded before import = 0
Number of asset objects unloaded after import = 2
========================================================================
Received Import Request.
  Time since last request: 0.000128 seconds.
  path: Assets/Audio/Night.mp3
  artifactKey: Guid(0798f7958553eef4790e1b9416f8503a) Importer(815301076,1909f56bfc062723c751e8b465ee728b)
Start importing Assets/Audio/Night.mp3 using Guid(0798f7958553eef4790e1b9416f8503a) Importer(815301076,1909f56bfc062723c751e8b465ee728b)  -> (artifact id: 'd42df2266661438cee555776b2e05ec8') in 0.015718 seconds
Number of updated asset objects reloaded before import = 0
Number of asset objects unloaded after import = 2
========================================================================
Received Import Request.
  Time since last request: 0.000088 seconds.
  path: Assets/Audio/Hit with the Hammer 2.mp3
  artifactKey: Guid(630cc4d61750b7440962ede4f03bdac2) Importer(815301076,1909f56bfc062723c751e8b465ee728b)
Start importing Assets/Audio/Hit with the Hammer 2.mp3 using Guid(630cc4d61750b7440962ede4f03bdac2) Importer(815301076,1909f56bfc062723c751e8b465ee728b)  -> (artifact id: '346d39224532ae5c0206a78a7bc4407f') in 0.072503 seconds
Number of updated asset objects reloaded before import = 0
Number of asset objects unloaded after import = 2
========================================================================
Received Import Request.
  Time since last request: 0.000081 seconds.
  path: Assets/Audio/Let's Get Started!.mp3
  artifactKey: Guid(2f1317ab0bdc11b4684c47c41f3f6453) Importer(815301076,1909f56bfc062723c751e8b465ee728b)
Start importing Assets/Audio/Let's Get Started!.mp3 using Guid(2f1317ab0bdc11b4684c47c41f3f6453) Importer(815301076,1909f56bfc062723c751e8b465ee728b)  -> (artifact id: '7e6a622fd05776e42b8073441a77ab36') in 0.072937 seconds
Number of updated asset objects reloaded before import = 0
Number of asset objects unloaded after import = 2
========================================================================
Received Import Request.
  Time since last request: 0.000065 seconds.
  path: Assets/Audio/ruin.wav
  artifactKey: Guid(d8d4e1265dcf392498237257623e40f6) Importer(815301076,1909f56bfc062723c751e8b465ee728b)
Start importing Assets/Audio/ruin.wav using Guid(d8d4e1265dcf392498237257623e40f6) Importer(815301076,1909f56bfc062723c751e8b465ee728b)  -> (artifact id: 'f952805300cbfe81880e233b7a3cc721') in 0.013825 seconds
Number of updated asset objects reloaded before import = 0
Number of asset objects unloaded after import = 2
========================================================================
Received Import Request.
  Time since last request: 0.000079 seconds.
  path: Assets/Audio/scary_swings.mp3
  artifactKey: Guid(934873e7ddbfd2a4a9417a80c3a563c5) Importer(815301076,1909f56bfc062723c751e8b465ee728b)
Start importing Assets/Audio/scary_swings.mp3 using Guid(934873e7ddbfd2a4a9417a80c3a563c5) Importer(815301076,1909f56bfc062723c751e8b465ee728b)  -> (artifact id: '076023e6106e3cd7603e4ac489396106') in 0.079173 seconds
Number of updated asset objects reloaded before import = 0
Number of asset objects unloaded after import = 2
========================================================================
Received Import Request.
  Time since last request: 0.000101 seconds.
  path: Assets/Audio/Fishcracks - Snooping (Kaiju Paradise OST).mp3
  artifactKey: Guid(f5696954f540cea4da0d932fb7d3ba44) Importer(815301076,1909f56bfc062723c751e8b465ee728b)
Start importing Assets/Audio/Fishcracks - Snooping (Kaiju Paradise OST).mp3 using Guid(f5696954f540cea4da0d932fb7d3ba44) Importer(815301076,1909f56bfc062723c751e8b465ee728b)  -> (artifact id: '40656b35ee79b143868a9a3dab0e9340') in 0.222355 seconds
Number of updated asset objects reloaded before import = 0
Number of asset objects unloaded after import = 2
========================================================================
Received Import Request.
  Time since last request: 0.000075 seconds.
  path: Assets/Audio/part 2 menu lolol.mp3
  artifactKey: Guid(b8d0a9d211d3b9643938c6105ab46239) Importer(815301076,1909f56bfc062723c751e8b465ee728b)
Start importing Assets/Audio/part 2 menu lolol.mp3 using Guid(b8d0a9d211d3b9643938c6105ab46239) Importer(815301076,1909f56bfc062723c751e8b465ee728b)  -> (artifact id: '8388a9a09ee16099bad18a9b562eb970') in 0.020532 seconds
Number of updated asset objects reloaded before import = 0
Number of asset objects unloaded after import = 2
========================================================================
Received Import Request.
  Time since last request: 0.000076 seconds.
  path: Assets/Audio/Chroma.mp3
  artifactKey: Guid(37955da42a1382748b87b436fc4cfa47) Importer(815301076,1909f56bfc062723c751e8b465ee728b)
Start importing Assets/Audio/Chroma.mp3 using Guid(37955da42a1382748b87b436fc4cfa47) Importer(815301076,1909f56bfc062723c751e8b465ee728b)  -> (artifact id: '8cb42c1927372a7270ddf9c74aafe5bb') in 0.016958 seconds
Number of updated asset objects reloaded before import = 0
Number of asset objects unloaded after import = 2
========================================================================
Received Import Request.
  Time since last request: 0.000081 seconds.
  path: Assets/Audio/copy_41FC0B29-8C66-489C-8775-78E5727DB52D.mp3
  artifactKey: Guid(75a7b8c7f4bf0394bab2b1be21e7af4c) Importer(815301076,1909f56bfc062723c751e8b465ee728b)
Start importing Assets/Audio/copy_41FC0B29-8C66-489C-8775-78E5727DB52D.mp3 using Guid(75a7b8c7f4bf0394bab2b1be21e7af4c) Importer(815301076,1909f56bfc062723c751e8b465ee728b)  -> (artifact id: '53be2429b678e93691dc14450a9fb998') in 0.434187 seconds
Number of updated asset objects reloaded before import = 0
Number of asset objects unloaded after import = 2
========================================================================
Received Import Request.
  Time since last request: 0.000105 seconds.
  path: Assets/Audio/boknero_-_lights_out__ink_game_ost.mp3
  artifactKey: Guid(d10864441c668bc4194612d3017f8232) Importer(815301076,1909f56bfc062723c751e8b465ee728b)
Start importing Assets/Audio/boknero_-_lights_out__ink_game_ost.mp3 using Guid(d10864441c668bc4194612d3017f8232) Importer(815301076,1909f56bfc062723c751e8b465ee728b)  -> (artifact id: 'abd8f974afa9915d9671662b7469232a') in 0.072621 seconds
Number of updated asset objects reloaded before import = 0
Number of asset objects unloaded after import = 2
========================================================================
Received Import Request.
  Time since last request: 0.000203 seconds.
  path: Assets/Audio/IntroIntro.mp3
  artifactKey: Guid(3096a318029be1146bb7dcb3b32e5d05) Importer(815301076,1909f56bfc062723c751e8b465ee728b)
Start importing Assets/Audio/IntroIntro.mp3 using Guid(3096a318029be1146bb7dcb3b32e5d05) Importer(815301076,1909f56bfc062723c751e8b465ee728b)  -> (artifact id: 'e73cf4e027e692f04ed6de026f3a9674') in 0.013748 seconds
Number of updated asset objects reloaded before import = 0
Number of asset objects unloaded after import = 2
========================================================================
Received Import Request.
  Time since last request: 0.000185 seconds.
  path: Assets/Audio/com (mp3cut.net) (2).mp3
  artifactKey: Guid(2f20b46624c795d468a8f70d4450252a) Importer(815301076,1909f56bfc062723c751e8b465ee728b)
Start importing Assets/Audio/com (mp3cut.net) (2).mp3 using Guid(2f20b46624c795d468a8f70d4450252a) Importer(815301076,1909f56bfc062723c751e8b465ee728b)  -> (artifact id: 'be537b6e59b86a7ca4fd52767b21dbf1') in 0.073447 seconds
Number of updated asset objects reloaded before import = 0
Number of asset objects unloaded after import = 2
========================================================================
Received Import Request.
  Time since last request: 0.000093 seconds.
  path: Assets/Audio/Hit with the Hammer 1.mp3
  artifactKey: Guid(4589e3d2fa08b0942aa713195fd7bacd) Importer(815301076,1909f56bfc062723c751e8b465ee728b)
Start importing Assets/Audio/Hit with the Hammer 1.mp3 using Guid(4589e3d2fa08b0942aa713195fd7bacd) Importer(815301076,1909f56bfc062723c751e8b465ee728b)  -> (artifact id: '560a120bfe26dd1ce6c70113cfd828b5') in 0.073089 seconds
Number of updated asset objects reloaded before import = 0
Number of asset objects unloaded after import = 2
========================================================================
Received Import Request.
  Time since last request: 0.001106 seconds.
  path: Assets/Audio/Samsung DLP TV Startup & Shutdown Sound.mp3
  artifactKey: Guid(e3da375f29f8e8f4e87bbdc3f6699135) Importer(815301076,1909f56bfc062723c751e8b465ee728b)
Start importing Assets/Audio/Samsung DLP TV Startup & Shutdown Sound.mp3 using Guid(e3da375f29f8e8f4e87bbdc3f6699135) Importer(815301076,1909f56bfc062723c751e8b465ee728b)  -> (artifact id: 'f2dd725b3ed7b857070ece425e1d0575') in 0.022032 seconds
Number of updated asset objects reloaded before import = 0
Number of asset objects unloaded after import = 2
========================================================================
Received Import Request.
  Time since last request: 0.000075 seconds.
  path: Assets/Audio/bluududs_coming_for_you 1.mp3
  artifactKey: Guid(ceb20bb4cbd905541ac5f0a0007e6f19) Importer(815301076,1909f56bfc062723c751e8b465ee728b)
Start importing Assets/Audio/bluududs_coming_for_you 1.mp3 using Guid(ceb20bb4cbd905541ac5f0a0007e6f19) Importer(815301076,1909f56bfc062723c751e8b465ee728b)  -> (artifact id: 'd494cc292784a95b60d8d3edc80dcf44') in 0.136394 seconds
Number of updated asset objects reloaded before import = 0
Number of asset objects unloaded after import = 2
========================================================================
Received Import Request.
  Time since last request: 0.000177 seconds.
  path: Assets/Audio/Bossa Lullaby.wav
  artifactKey: Guid(49df300367d000a41a659512cb87d024) Importer(815301076,1909f56bfc062723c751e8b465ee728b)
Start importing Assets/Audio/Bossa Lullaby.wav using Guid(49df300367d000a41a659512cb87d024) Importer(815301076,1909f56bfc062723c751e8b465ee728b)  -> (artifact id: '2ae37c817c65403a2b9c2f7075045f22') in 0.013555 seconds
Number of updated asset objects reloaded before import = 0
Number of asset objects unloaded after import = 2
========================================================================
Received Import Request.
  Time since last request: 0.000155 seconds.
  path: Assets/Audio/Fishcracks - Who's Hungry_ (Kaiju Paradise OST).mp3
  artifactKey: Guid(fd71f37910e253a4c858422559547b07) Importer(815301076,1909f56bfc062723c751e8b465ee728b)
Start importing Assets/Audio/Fishcracks - Who's Hungry_ (Kaiju Paradise OST).mp3 using Guid(fd71f37910e253a4c858422559547b07) Importer(815301076,1909f56bfc062723c751e8b465ee728b)  -> (artifact id: 'f80547d3ed668011169c24cd3e1bba2c') in 0.013034 seconds
Number of updated asset objects reloaded before import = 0
Number of asset objects unloaded after import = 2
========================================================================
Received Import Request.
  Time since last request: 0.000165 seconds.
  path: Assets/Audio/Lobotomy.wav
  artifactKey: Guid(4b032fc4e40d4ad468674d07c0eef6dc) Importer(815301076,1909f56bfc062723c751e8b465ee728b)
Start importing Assets/Audio/Lobotomy.wav using Guid(4b032fc4e40d4ad468674d07c0eef6dc) Importer(815301076,1909f56bfc062723c751e8b465ee728b)  -> (artifact id: 'bd73562a910764ac1fa1865f28c24794') in 0.074747 seconds
Number of updated asset objects reloaded before import = 0
Number of asset objects unloaded after import = 2
========================================================================
Received Import Request.
  Time since last request: 0.000087 seconds.
  path: Assets/Audio/Hit with the Hammer.mp3
  artifactKey: Guid(d0461c53b75fceb469fb6631d77c2d40) Importer(815301076,1909f56bfc062723c751e8b465ee728b)
Start importing Assets/Audio/Hit with the Hammer.mp3 using Guid(d0461c53b75fceb469fb6631d77c2d40) Importer(815301076,1909f56bfc062723c751e8b465ee728b)  -> (artifact id: '02bb76261ec34de065d676c396467684') in 0.069638 seconds
Number of updated asset objects reloaded before import = 0
Number of asset objects unloaded after import = 2
========================================================================
Received Import Request.
  Time since last request: 0.000694 seconds.
  path: Assets/Audio/g r a s s.mp3
  artifactKey: Guid(11a299986fcf4694bac5e2fab2b77417) Importer(815301076,1909f56bfc062723c751e8b465ee728b)
Start importing Assets/Audio/g r a s s.mp3 using Guid(11a299986fcf4694bac5e2fab2b77417) Importer(815301076,1909f56bfc062723c751e8b465ee728b)  -> (artifact id: 'e4b11fc02072688c0c46e77c92b3b1a7') in 0.156043 seconds
Number of updated asset objects reloaded before import = 0
Number of asset objects unloaded after import = 2
========================================================================
Received Import Request.
  Time since last request: 0.000084 seconds.
  path: Assets/Audio/apple_mac_startup_soundchime.wav
  artifactKey: Guid(25e5a5ca2f5d79348854172e280ead9a) Importer(815301076,1909f56bfc062723c751e8b465ee728b)
Start importing Assets/Audio/apple_mac_startup_soundchime.wav using Guid(25e5a5ca2f5d79348854172e280ead9a) Importer(815301076,1909f56bfc062723c751e8b465ee728b)  -> (artifact id: '7c06ef6bf5ba6be3757fddc0059b75cf') in 0.072561 seconds
Number of updated asset objects reloaded before import = 0
Number of asset objects unloaded after import = 2
========================================================================
Received Import Request.
  Time since last request: 0.000102 seconds.
  path: Assets/Audio/Jumperheheheh.mp3
  artifactKey: Guid(00479896a5f716648a6096d13d1656d7) Importer(815301076,1909f56bfc062723c751e8b465ee728b)
Start importing Assets/Audio/Jumperheheheh.mp3 using Guid(00479896a5f716648a6096d13d1656d7) Importer(815301076,1909f56bfc062723c751e8b465ee728b)  -> (artifact id: '78c99e1b4120b4f203d1c4836a2edf20') in 0.013663 seconds
Number of updated asset objects reloaded before import = 0
Number of asset objects unloaded after import = 2
========================================================================
Received Import Request.
  Time since last request: 0.000113 seconds.
  path: Assets/Audio/Good Ending.mp3
  artifactKey: Guid(ff6be9c8f7e87d84ba23af3f5fbe280f) Importer(815301076,1909f56bfc062723c751e8b465ee728b)
Start importing Assets/Audio/Good Ending.mp3 using Guid(ff6be9c8f7e87d84ba23af3f5fbe280f) Importer(815301076,1909f56bfc062723c751e8b465ee728b)  -> (artifact id: 'b41d65c7e9d239daa5efe29676230237') in 0.013080 seconds
Number of updated asset objects reloaded before import = 0
Number of asset objects unloaded after import = 2
========================================================================
Received Import Request.
  Time since last request: 0.000106 seconds.
  path: Assets/Audio/com (mp3cut.net).mp3
  artifactKey: Guid(385cbca8f11bf5c47ae796d746d28fcd) Importer(815301076,1909f56bfc062723c751e8b465ee728b)
Start importing Assets/Audio/com (mp3cut.net).mp3 using Guid(385cbca8f11bf5c47ae796d746d28fcd) Importer(815301076,1909f56bfc062723c751e8b465ee728b)  -> (artifact id: 'ab726dd36fc49a7628a68647fe98c4e4') in 0.013302 seconds
Number of updated asset objects reloaded before import = 0
Number of asset objects unloaded after import = 2
========================================================================
Received Import Request.
  Time since last request: 0.000098 seconds.
  path: Assets/Audio/com.oculus.vrshell-20250805-170414-0-[AudioTrimmer.com] 1.mp3
  artifactKey: Guid(2e8e866e2be573e45a8b856ae084ca37) Importer(815301076,1909f56bfc062723c751e8b465ee728b)
Start importing Assets/Audio/com.oculus.vrshell-20250805-170414-0-[AudioTrimmer.com] 1.mp3 using Guid(2e8e866e2be573e45a8b856ae084ca37) Importer(815301076,1909f56bfc062723c751e8b465ee728b)  -> (artifact id: '3c020aa7cfb4e5de8ac88bfe8e41954a') in 0.015608 seconds
Number of updated asset objects reloaded before import = 0
Number of asset objects unloaded after import = 2
========================================================================
Received Import Request.
  Time since last request: 0.000076 seconds.
  path: Assets/Audio/Globe (Day).mp3
  artifactKey: Guid(0427336d014e2b44aa4e4527dabafd58) Importer(815301076,1909f56bfc062723c751e8b465ee728b)
Start importing Assets/Audio/Globe (Day).mp3 using Guid(0427336d014e2b44aa4e4527dabafd58) Importer(815301076,1909f56bfc062723c751e8b465ee728b)  -> (artifact id: '0dde72d1d73aa77b6719430bf162cf64') in 0.013712 seconds
Number of updated asset objects reloaded before import = 0
Number of asset objects unloaded after import = 2
========================================================================
Received Import Request.
  Time since last request: 0.000101 seconds.
  path: Assets/Audio/sm64_warp.wav
  artifactKey: Guid(4e56f5b09a526f1438cbef7088749521) Importer(815301076,1909f56bfc062723c751e8b465ee728b)
Start importing Assets/Audio/sm64_warp.wav using Guid(4e56f5b09a526f1438cbef7088749521) Importer(815301076,1909f56bfc062723c751e8b465ee728b)  -> (artifact id: 'c8413bcb6110947728b3d4146d052621') in 0.012868 seconds
Number of updated asset objects reloaded before import = 0
Number of asset objects unloaded after import = 2
========================================================================
Received Import Request.
  Time since last request: 0.000087 seconds.
  path: Assets/Audio/doors_original_soundtrack_vol_2_-_curious_light.mp3
  artifactKey: Guid(5c5db669569864948b7cd2f20ad0a2cd) Importer(815301076,1909f56bfc062723c751e8b465ee728b)
Start importing Assets/Audio/doors_original_soundtrack_vol_2_-_curious_light.mp3 using Guid(5c5db669569864948b7cd2f20ad0a2cd) Importer(815301076,1909f56bfc062723c751e8b465ee728b)  -> (artifact id: 'bd7b651ed7271fa0c7901c47be938e19') in 0.012513 seconds
Number of updated asset objects reloaded before import = 0
Number of asset objects unloaded after import = 2
========================================================================
Received Import Request.
  Time since last request: 0.000077 seconds.
  path: Assets/Audio/Chillwave.wav
  artifactKey: Guid(c9fa0a60ba1661e4b9c5fdbc56ca1e0a) Importer(815301076,1909f56bfc062723c751e8b465ee728b)
Start importing Assets/Audio/Chillwave.wav using Guid(c9fa0a60ba1661e4b9c5fdbc56ca1e0a) Importer(815301076,1909f56bfc062723c751e8b465ee728b)  -> (artifact id: 'eee9e4d25997331b999b03eb196925e5') in 0.010078 seconds
Number of updated asset objects reloaded before import = 0
Number of asset objects unloaded after import = 2
========================================================================
Received Import Request.
  Time since last request: 0.000262 seconds.
  path: Assets/Audio/Blue Boi.mp3
  artifactKey: Guid(d1fbdd4e211bebb40a36a4c7067c6db1) Importer(815301076,1909f56bfc062723c751e8b465ee728b)
Start importing Assets/Audio/Blue Boi.mp3 using Guid(d1fbdd4e211bebb40a36a4c7067c6db1) Importer(815301076,1909f56bfc062723c751e8b465ee728b)  -> (artifact id: '3ce63f0aa35936c55970e4822aa44578') in 0.013821 seconds
Number of updated asset objects reloaded before import = 0
Number of asset objects unloaded after import = 2
========================================================================
Received Import Request.
  Time since last request: 0.000095 seconds.
  path: Assets/Audio/Click.wav
  artifactKey: Guid(826ed76d662d4c8439e4f415eda4b73c) Importer(815301076,1909f56bfc062723c751e8b465ee728b)
Start importing Assets/Audio/Click.wav using Guid(826ed76d662d4c8439e4f415eda4b73c) Importer(815301076,1909f56bfc062723c751e8b465ee728b)  -> (artifact id: '9c227dad05f027d10e8f3523281872ba') in 0.011906 seconds
Number of updated asset objects reloaded before import = 0
Number of asset objects unloaded after import = 2
========================================================================
Received Import Request.
  Time since last request: 0.000139 seconds.
  path: Assets/Audio/com (mp3cut.net) (7).mp3
  artifactKey: Guid(ff95ac768ae0e4b4fb81077c56adf1c6) Importer(815301076,1909f56bfc062723c751e8b465ee728b)
Start importing Assets/Audio/com (mp3cut.net) (7).mp3 using Guid(ff95ac768ae0e4b4fb81077c56adf1c6) Importer(815301076,1909f56bfc062723c751e8b465ee728b)  -> (artifact id: '0ee7f27cab94d02071d5d75d111eab2a') in 0.011283 seconds
Number of updated asset objects reloaded before import = 0
Number of asset objects unloaded after import = 2
========================================================================
Received Import Request.
  Time since last request: 0.000075 seconds.
  path: Assets/Audio/Lurking the Halls.mp3
  artifactKey: Guid(03c6f824abe16ae47bac8aca4382970a) Importer(815301076,1909f56bfc062723c751e8b465ee728b)
Start importing Assets/Audio/Lurking the Halls.mp3 using Guid(03c6f824abe16ae47bac8aca4382970a) Importer(815301076,1909f56bfc062723c751e8b465ee728b)  -> (artifact id: '471cbf685dbe25ac94c5998a0aa46e2d') in 0.013262 seconds
Number of updated asset objects reloaded before import = 0
Number of asset objects unloaded after import = 2
========================================================================
Received Import Request.
  Time since last request: 0.000095 seconds.
  path: Assets/Audio/Meow.mp3
  artifactKey: Guid(5802582e2b8994742b4c1e1c3cb448c8) Importer(815301076,1909f56bfc062723c751e8b465ee728b)
Start importing Assets/Audio/Meow.mp3 using Guid(5802582e2b8994742b4c1e1c3cb448c8) Importer(815301076,1909f56bfc062723c751e8b465ee728b)  -> (artifact id: 'f645a5a700610bc7a48f85217fdbeee8') in 0.012688 seconds
Number of updated asset objects reloaded before import = 0
Number of asset objects unloaded after import = 2
========================================================================
Received Import Request.
  Time since last request: 0.000110 seconds.
  path: Assets/Audio/New Beginning_32-slowedandreverbstudio.wav
  artifactKey: Guid(706def8bede8e24468a07ca4924a4f85) Importer(815301076,1909f56bfc062723c751e8b465ee728b)
Start importing Assets/Audio/New Beginning_32-slowedandreverbstudio.wav using Guid(706def8bede8e24468a07ca4924a4f85) Importer(815301076,1909f56bfc062723c751e8b465ee728b)  -> (artifact id: '8a4941d6852a0f06518432ea7559ff9f') in 0.013061 seconds
Number of updated asset objects reloaded before import = 0
Number of asset objects unloaded after import = 2
========================================================================
Received Import Request.
  Time since last request: 0.000099 seconds.
  path: Assets/Audio/com.oculus.vrshell-20250805-170414-0-[AudioTrimmer.com].mp3
  artifactKey: Guid(b4bdd00949f30d34cb22f227c85adc9b) Importer(815301076,1909f56bfc062723c751e8b465ee728b)
Start importing Assets/Audio/com.oculus.vrshell-20250805-170414-0-[AudioTrimmer.com].mp3 using Guid(b4bdd00949f30d34cb22f227c85adc9b) Importer(815301076,1909f56bfc062723c751e8b465ee728b)  -> (artifact id: '55b536ccbd2213d7938e5b8e1ebff3d3') in 0.016483 seconds
Number of updated asset objects reloaded before import = 0
Number of asset objects unloaded after import = 2
========================================================================
Received Import Request.
  Time since last request: 0.000168 seconds.
  path: Assets/Audio/Night Time (Globe).mp3
  artifactKey: Guid(86f96029bd6f13545aab2ed43bb89627) Importer(815301076,1909f56bfc062723c751e8b465ee728b)
Start importing Assets/Audio/Night Time (Globe).mp3 using Guid(86f96029bd6f13545aab2ed43bb89627) Importer(815301076,1909f56bfc062723c751e8b465ee728b)  -> (artifact id: '13460370f30d4a1785dd2aacc0bd48dd') in 0.023570 seconds
Number of updated asset objects reloaded before import = 0
Number of asset objects unloaded after import = 2
========================================================================
Received Import Request.
  Time since last request: 0.000107 seconds.
  path: Assets/Audio/nicos_nextbots_ost_-_little_big_lobby_w_uglyburger0.mp3
  artifactKey: Guid(8eedab1acef2fd84bbe2abd44573fe93) Importer(815301076,1909f56bfc062723c751e8b465ee728b)
Start importing Assets/Audio/nicos_nextbots_ost_-_little_big_lobby_w_uglyburger0.mp3 using Guid(8eedab1acef2fd84bbe2abd44573fe93) Importer(815301076,1909f56bfc062723c751e8b465ee728b)  -> (artifact id: 'ad3a82f9aa5f58101d15b64c88d0a01f') in 0.016450 seconds
Number of updated asset objects reloaded before import = 0
Number of asset objects unloaded after import = 2
========================================================================
Received Import Request.
  Time since last request: 0.000085 seconds.
  path: Assets/Audio/Nostalgia Lobby.wav
  artifactKey: Guid(0ad0bd0ebb1ac64489c3532c8e6a0a5a) Importer(815301076,1909f56bfc062723c751e8b465ee728b)
Start importing Assets/Audio/Nostalgia Lobby.wav using Guid(0ad0bd0ebb1ac64489c3532c8e6a0a5a) Importer(815301076,1909f56bfc062723c751e8b465ee728b)  -> (artifact id: '424c7ad8693ae4d948ceb31f3ce9c8a0') in 0.014276 seconds
Number of updated asset objects reloaded before import = 0
Number of asset objects unloaded after import = 2
========================================================================
Received Import Request.
  Time since last request: 0.000139 seconds.
  path: Assets/Audio/Night 1.mp3
  artifactKey: Guid(956a5dc5d78b1c34585253d65591ca7e) Importer(815301076,1909f56bfc062723c751e8b465ee728b)
Start importing Assets/Audio/Night 1.mp3 using Guid(956a5dc5d78b1c34585253d65591ca7e) Importer(815301076,1909f56bfc062723c751e8b465ee728b)  -> (artifact id: '902cc0596ac0710ee101d4d46eabcfb9') in 0.014385 seconds
Number of updated asset objects reloaded before import = 0
Number of asset objects unloaded after import = 2
========================================================================
Received Import Request.
  Time since last request: 0.000513 seconds.
  path: Assets/Audio/Island Music.mp3
  artifactKey: Guid(6cebccaf91929f349be5703fe3996f17) Importer(815301076,1909f56bfc062723c751e8b465ee728b)
Start importing Assets/Audio/Island Music.mp3 using Guid(6cebccaf91929f349be5703fe3996f17) Importer(815301076,1909f56bfc062723c751e8b465ee728b)  -> (artifact id: '8e15531aeb35128a0d1c4b89dbeaf2a4') in 0.043741 seconds
Number of updated asset objects reloaded before import = 0
Number of asset objects unloaded after import = 2
========================================================================
Received Import Request.
  Time since last request: 0.000135 seconds.
  path: Assets/Audio/scizzie_-_aquatic_ambience.mp3
  artifactKey: Guid(3c1d99d53d913e74d9936817fda53e53) Importer(815301076,1909f56bfc062723c751e8b465ee728b)
Start importing Assets/Audio/scizzie_-_aquatic_ambience.mp3 using Guid(3c1d99d53d913e74d9936817fda53e53) Importer(815301076,1909f56bfc062723c751e8b465ee728b)  -> (artifact id: '16a0303a5bc92b6331be471c0743efb3') in 0.014527 seconds
Number of updated asset objects reloaded before import = 0
Number of asset objects unloaded after import = 2
========================================================================
Received Import Request.
  Time since last request: 0.000113 seconds.
  path: Assets/Audio/BUTCHER VANITY  Yi Xi.mp3
  artifactKey: Guid(c607044f59cdec24d81c7dce2f83b642) Importer(815301076,1909f56bfc062723c751e8b465ee728b)
Start importing Assets/Audio/BUTCHER VANITY  Yi Xi.mp3 using Guid(c607044f59cdec24d81c7dce2f83b642) Importer(815301076,1909f56bfc062723c751e8b465ee728b)  -> (artifact id: 'e18c2aacc593d2b8e227723824c0161d') in 0.014315 seconds
Number of updated asset objects reloaded before import = 0
Number of asset objects unloaded after import = 2
========================================================================
Received Import Request.
  Time since last request: 0.000113 seconds.
  path: Assets/Audio/GAMEMODESXDXD.mp3
  artifactKey: Guid(c85c41e0a3cc1df4f836e386c0ab4e2b) Importer(815301076,1909f56bfc062723c751e8b465ee728b)
Start importing Assets/Audio/GAMEMODESXDXD.mp3 using Guid(c85c41e0a3cc1df4f836e386c0ab4e2b) Importer(815301076,1909f56bfc062723c751e8b465ee728b)  -> (artifact id: 'af42bb597f1cbca9a71f31beef9b580c') in 0.016181 seconds
Number of updated asset objects reloaded before import = 0
Number of asset objects unloaded after import = 2
========================================================================
Received Import Request.
  Time since last request: 0.000163 seconds.
  path: Assets/Audio/Samsung DLP TV Startup & Shutdown Sound-[AudioTrimmer.com].mp3
  artifactKey: Guid(16c1d82e6e1995a4ab597201ffbe2aca) Importer(815301076,1909f56bfc062723c751e8b465ee728b)
Start importing Assets/Audio/Samsung DLP TV Startup & Shutdown Sound-[AudioTrimmer.com].mp3 using Guid(16c1d82e6e1995a4ab597201ffbe2aca) Importer(815301076,1909f56bfc062723c751e8b465ee728b)  -> (artifact id: '5db3a347ab5e873133135cb6f774450a') in 0.015561 seconds
Number of updated asset objects reloaded before import = 0
Number of asset objects unloaded after import = 2
========================================================================
Received Import Request.
  Time since last request: 0.000091 seconds.
  path: Assets/Audio/Missing.mp3
  artifactKey: Guid(470ae8be20b6e1c4b99382051e6c2188) Importer(815301076,1909f56bfc062723c751e8b465ee728b)
Start importing Assets/Audio/Missing.mp3 using Guid(470ae8be20b6e1c4b99382051e6c2188) Importer(815301076,1909f56bfc062723c751e8b465ee728b)  -> (artifact id: '14a965a897bc866460b70bb4fdd90255') in 0.017122 seconds
Number of updated asset objects reloaded before import = 0
Number of asset objects unloaded after import = 2
========================================================================
Received Import Request.
  Time since last request: 0.000124 seconds.
  path: Assets/Audio/Better Days.mp3
  artifactKey: Guid(6e4b1ecb2ba2ff547abaf9d93a858ec8) Importer(815301076,1909f56bfc062723c751e8b465ee728b)
Start importing Assets/Audio/Better Days.mp3 using Guid(6e4b1ecb2ba2ff547abaf9d93a858ec8) Importer(815301076,1909f56bfc062723c751e8b465ee728b)  -> (artifact id: 'c72e0a2e689ad451e73dc52533064b3c') in 0.015627 seconds
Number of updated asset objects reloaded before import = 0
Number of asset objects unloaded after import = 2
========================================================================
Received Import Request.
  Time since last request: 0.000089 seconds.
  path: Assets/Audio/Song I'm Playing During My Wedding 😇.mp3
  artifactKey: Guid(ecaba32d218cf6a438e4fa85ad7d4182) Importer(815301076,1909f56bfc062723c751e8b465ee728b)
Start importing Assets/Audio/Song I'm Playing During My Wedding 😇.mp3 using Guid(ecaba32d218cf6a438e4fa85ad7d4182) Importer(815301076,1909f56bfc062723c751e8b465ee728b)  -> (artifact id: 'aa6d48cd8de0e8fad5a399545504d7bd') in 0.017899 seconds
Number of updated asset objects reloaded before import = 0
Number of asset objects unloaded after import = 2
========================================================================
Received Import Request.
  Time since last request: 0.000130 seconds.
  path: Assets/Audio/Break.mp3
  artifactKey: Guid(5664a3c637b5d424982ff5f7fa48fc90) Importer(815301076,1909f56bfc062723c751e8b465ee728b)
Start importing Assets/Audio/Break.mp3 using Guid(5664a3c637b5d424982ff5f7fa48fc90) Importer(815301076,1909f56bfc062723c751e8b465ee728b)  -> (artifact id: '15f11d50a4c6848146c3ee11ff930cf3') in 0.017249 seconds
Number of updated asset objects reloaded before import = 0
Number of asset objects unloaded after import = 2
========================================================================
Received Import Request.
  Time since last request: 81.635076 seconds.
  path: Assets/Texture2D/Materials/Carpets/graycarpet 4.mat
  artifactKey: Guid(c540c0df265344e469d7d16b42062914) Importer(815301076,1909f56bfc062723c751e8b465ee728b)
Start importing Assets/Texture2D/Materials/Carpets/graycarpet 4.mat using Guid(c540c0df265344e469d7d16b42062914) Importer(815301076,1909f56bfc062723c751e8b465ee728b)  -> (artifact id: 'dec24573dcdfd7afbce05843a9c83740') in 0.316821 seconds
Number of updated asset objects reloaded before import = 0
Number of asset objects unloaded after import = 2
========================================================================
Received Import Request.
  Time since last request: 101.400445 seconds.
  path: Assets/Samples/XR Interaction Toolkit/2.5.4/Starter Assets/DemoSceneAssets/Prefabs/Climb/Climbing Wall.prefab
  artifactKey: Guid(a0ea40bd139aedc43b0e8374d6139437) Importer(815301076,1909f56bfc062723c751e8b465ee728b)
Start importing Assets/Samples/XR Interaction Toolkit/2.5.4/Starter Assets/DemoSceneAssets/Prefabs/Climb/Climbing Wall.prefab using Guid(a0ea40bd139aedc43b0e8374d6139437) Importer(815301076,1909f56bfc062723c751e8b465ee728b)  -> (artifact id: '58a369dc0adaeb4891545d716a98cc4f') in 1.601226 seconds
Number of updated asset objects reloaded before import = 0
Number of asset objects unloaded after import = 396
========================================================================
Received Import Request.
  Time since last request: 0.000063 seconds.
  path: Assets/Samples/XR Interaction Toolkit/2.5.4/Starter Assets/DemoSceneAssets/Prefabs/Interactables/Interactable Velocity Tracked Wedge.prefab
  artifactKey: Guid(d5615d616019430d9c2e8727e71c97fb) Importer(815301076,1909f56bfc062723c751e8b465ee728b)
Start importing Assets/Samples/XR Interaction Toolkit/2.5.4/Starter Assets/DemoSceneAssets/Prefabs/Interactables/Interactable Velocity Tracked Wedge.prefab using Guid(d5615d616019430d9c2e8727e71c97fb) Importer(815301076,1909f56bfc062723c751e8b465ee728b)  -> (artifact id: 'a03e12836bd3da2bb2f37bc633a94567') in 0.092025 seconds
Number of updated asset objects reloaded before import = 0
Number of asset objects unloaded after import = 35
========================================================================
Received Import Request.
  Time since last request: 0.000152 seconds.
  path: Assets/Samples/XR Interaction Toolkit/2.5.4/Starter Assets/DemoSceneAssets/Sprites/Forward.png
  artifactKey: Guid(f8ecc54972abacc46a93f671b0602139) Importer(815301076,1909f56bfc062723c751e8b465ee728b)
Start importing Assets/Samples/XR Interaction Toolkit/2.5.4/Starter Assets/DemoSceneAssets/Sprites/Forward.png using Guid(f8ecc54972abacc46a93f671b0602139) Importer(815301076,1909f56bfc062723c751e8b465ee728b)  -> (artifact id: 'dc16646338393503d234ecc3274b6339') in 0.227631 seconds
Number of updated asset objects reloaded before import = 0
Number of asset objects unloaded after import = 3
========================================================================
Received Import Request.
  Time since last request: 0.000114 seconds.
  path: Assets/Samples/XR Interaction Toolkit/2.5.4/Starter Assets/Models/Primitive_Wedge.fbx
  artifactKey: Guid(ab3a79eba4de4be0ad5fead9fb858190) Importer(815301076,1909f56bfc062723c751e8b465ee728b)
Start importing Assets/Samples/XR Interaction Toolkit/2.5.4/Starter Assets/Models/Primitive_Wedge.fbx using Guid(ab3a79eba4de4be0ad5fead9fb858190) Importer(815301076,1909f56bfc062723c751e8b465ee728b)  -> (artifact id: 'c8a03b6c9cba4599d0b775843409432c') in 0.236171 seconds
Number of updated asset objects reloaded before import = 0
Number of asset objects unloaded after import = 8
========================================================================
Received Import Request.
  Time since last request: 75.449020 seconds.
  path: Assets/Models/banana1.asset
  artifactKey: Guid(02a9d2f7d837208448c929feb7a5f96d) Importer(815301076,1909f56bfc062723c751e8b465ee728b)
Start importing Assets/Models/banana1.asset using Guid(02a9d2f7d837208448c929feb7a5f96d) Importer(815301076,1909f56bfc062723c751e8b465ee728b)  -> (artifact id: 'aaafc92b9c13bc5f26a67d6f8c67ee09') in 0.126280 seconds
Number of updated asset objects reloaded before import = 0
Number of asset objects unloaded after import = 2
========================================================================
Received Import Request.
  Time since last request: 0.000037 seconds.
  path: Assets/Models/dont press.fbx
  artifactKey: Guid(f84ec35f77885d14d9af6f7e6bc0d8d3) Importer(815301076,1909f56bfc062723c751e8b465ee728b)
Start importing Assets/Models/dont press.fbx using Guid(f84ec35f77885d14d9af6f7e6bc0d8d3) Importer(815301076,1909f56bfc062723c751e8b465ee728b)  -> (artifact id: '993d6771c01c9b8b041acc17b164e84f') in 0.055326 seconds
Number of updated asset objects reloaded before import = 0
Number of asset objects unloaded after import = 8
========================================================================
Received Import Request.
  Time since last request: 0.000034 seconds.
  path: Assets/Models/HeadCosmetics.prefab
  artifactKey: Guid(8d6577c73de42ed4e974b63f797e4015) Importer(815301076,1909f56bfc062723c751e8b465ee728b)
Start importing Assets/Models/HeadCosmetics.prefab using Guid(8d6577c73de42ed4e974b63f797e4015) Importer(815301076,1909f56bfc062723c751e8b465ee728b)  -> (artifact id: '32c2921dcba7d429713964a2fb75697f') in 0.158556 seconds
Number of updated asset objects reloaded before import = 0
Number of asset objects unloaded after import = 33
========================================================================
Received Import Request.
  Time since last request: 0.000039 seconds.
  path: Assets/Models/tree1 1.asset
  artifactKey: Guid(e41e7c0198e802a4cb204e2f4f3a0707) Importer(815301076,1909f56bfc062723c751e8b465ee728b)
Start importing Assets/Models/tree1 1.asset using Guid(e41e7c0198e802a4cb204e2f4f3a0707) Importer(815301076,1909f56bfc062723c751e8b465ee728b)  -> (artifact id: '17fd706e8b20bad25b92494e4150a4f6') in 0.056017 seconds
Number of updated asset objects reloaded before import = 0
Number of asset objects unloaded after import = 2
========================================================================
Received Import Request.
  Time since last request: 0.000077 seconds.
  path: Assets/Models/sowman - Copy.fbx
  artifactKey: Guid(df9388f62cfbd4a42956793c3f2e8824) Importer(815301076,1909f56bfc062723c751e8b465ee728b)
Start importing Assets/Models/sowman - Copy.fbx using Guid(df9388f62cfbd4a42956793c3f2e8824) Importer(815301076,1909f56bfc062723c751e8b465ee728b)  -> (artifact id: '51ccb5c2c8770f7bc749a854108cf72c') in 0.296971 seconds
Number of updated asset objects reloaded before import = 0
Number of asset objects unloaded after import = 70
========================================================================
Received Import Request.
  Time since last request: 0.000038 seconds.
  path: Assets/Models/RG_Cloud-05 1.asset
  artifactKey: Guid(40dc76280632db34a98f782963edae61) Importer(815301076,1909f56bfc062723c751e8b465ee728b)
Start importing Assets/Models/RG_Cloud-05 1.asset using Guid(40dc76280632db34a98f782963edae61) Importer(815301076,1909f56bfc062723c751e8b465ee728b)  -> (artifact id: 'f2f7993b682d7087e919423a3006969d') in 0.024890 seconds
Number of updated asset objects reloaded before import = 0
Number of asset objects unloaded after import = 2
========================================================================
Received Import Request.
  Time since last request: 0.000047 seconds.
  path: Assets/Models/FaceCosmetics.prefab
  artifactKey: Guid(f1456e38a17d42a4ebe88f7816555cff) Importer(815301076,1909f56bfc062723c751e8b465ee728b)
Start importing Assets/Models/FaceCosmetics.prefab using Guid(f1456e38a17d42a4ebe88f7816555cff) Importer(815301076,1909f56bfc062723c751e8b465ee728b)  -> (artifact id: '5ba6aad0fcb05d893b777d8c6b4151f6') in 0.019365 seconds
Number of updated asset objects reloaded before import = 0
Number of asset objects unloaded after import = 94
========================================================================
Received Import Request.
  Time since last request: 0.000023 seconds.
  path: Assets/Models/pixl.fbx
  artifactKey: Guid(7dc047a5c0d12214abf8d1d6edf91f6b) Importer(815301076,1909f56bfc062723c751e8b465ee728b)
Start importing Assets/Models/pixl.fbx using Guid(7dc047a5c0d12214abf8d1d6edf91f6b) Importer(815301076,1909f56bfc062723c751e8b465ee728b)  -> (artifact id: '86b0f0fff5b328b097411c591145b5ff') in 0.321269 seconds
Number of updated asset objects reloaded before import = 0
Number of asset objects unloaded after import = 31
========================================================================
Received Import Request.
  Time since last request: 0.000041 seconds.
  path: Assets/Models/RG_Cloud-06 1.asset
  artifactKey: Guid(da1b607382244f642abb27042fd818e3) Importer(815301076,1909f56bfc062723c751e8b465ee728b)
Start importing Assets/Models/RG_Cloud-06 1.asset using Guid(da1b607382244f642abb27042fd818e3) Importer(815301076,1909f56bfc062723c751e8b465ee728b)  -> (artifact id: 'be1a7b08aba3cba65ab412ca02a398df') in 0.027067 seconds
Number of updated asset objects reloaded before import = 0
Number of asset objects unloaded after import = 2
========================================================================
Received Import Request.
  Time since last request: 0.000045 seconds.
  path: Assets/Models/EntityHead.prefab
  artifactKey: Guid(e20b5887eb1f93c4fb67fb1bcb4f3955) Importer(815301076,1909f56bfc062723c751e8b465ee728b)
Start importing Assets/Models/EntityHead.prefab using Guid(e20b5887eb1f93c4fb67fb1bcb4f3955) Importer(815301076,1909f56bfc062723c751e8b465ee728b)  -> (artifact id: '9e4556470d9e5ed6825840cb8030dff5') in 1.105927 seconds
Number of updated asset objects reloaded before import = 0
Number of asset objects unloaded after import = 37
========================================================================
Received Prepare
Begin MonoManager ReloadAssembly
C:\build\output\Unity-Technologies\mono\mono\metadata\icall.c:1842:
C:\build\output\Unity-Technologies\mono\mono\metadata\icall.c:1842:
C:\build\output\Unity-Technologies\mono\mono\metadata\icall.c:1842:
C:\build\output\Unity-Technologies\mono\mono\metadata\icall.c:1842:
C:\build\output\Unity-Technologies\mono\mono\metadata\icall.c:1842:
C:\build\output\Unity-Technologies\mono\mono\metadata\icall.c:1842:
C:\build\output\Unity-Technologies\mono\mono\metadata\icall.c:1842:
C:\build\output\Unity-Technologies\mono\mono\metadata\icall.c:1842:
C:\build\output\Unity-Technologies\mono\mono\metadata\icall.c:1842:
C:\build\output\Unity-Technologies\mono\mono\metadata\icall.c:1842:
C:\build\output\Unity-Technologies\mono\mono\metadata\icall.c:1842:
C:\build\output\Unity-Technologies\mono\mono\metadata\icall.c:1842:
Symbol file LoadedFromMemory doesn't match image C:\Users\dhack\Documents\GitHub\PixelUniverse\Library\PackageCache\com.unity.visualscripting@1.8.0\Editor\VisualScripting.Core\Dependencies\YamlDotNet\Unity.VisualScripting.YamlDotNet.dll
Symbol file LoadedFromMemory doesn't match image C:\Users\dhack\Documents\GitHub\PixelUniverse\Library\PackageCache\com.unity.visualscripting@1.8.0\Editor\VisualScripting.Core\Dependencies\DotNetZip\Unity.VisualScripting.IonicZip.dll
- Loaded All Assemblies, in  4.438 seconds
Refreshing native plugins compatible for Editor in 16.51 ms, found 12 plugins.
Native extension for Android target not found
Native extension for WindowsStandalone target not found
System.Reflection.TargetInvocationException: Exception has been thrown by the target of an invocation. ---> System.NullReferenceException: Object reference not set to an instance of an object
  at Unity.XR.Oculus.OculusLoader.AssetPathToAbsolutePath (System.String assetPath) [0x0003d] in .\Library\PackageCache\com.unity.xr.oculus@4.1.2\Runtime\OculusLoader.cs:287 
  at Unity.XR.Oculus.OculusLoader.EditorLoadOVRPlugin () [0x00084] in .\Library\PackageCache\com.unity.xr.oculus@4.1.2\Runtime\OculusLoader.cs:272 
  at (wrapper managed-to-native) System.Reflection.RuntimeMethodInfo.InternalInvoke(System.Reflection.RuntimeMethodInfo,object,object[],System.Exception&)
  at System.Reflection.RuntimeMethodInfo.Invoke (System.Object obj, System.Reflection.BindingFlags invokeAttr, System.Reflection.Binder binder, System.Object[] parameters, System.Globalization.CultureInfo culture) [0x0006a] in <cb3602b5bf2148caa08db7780ec02b19>:0 
   --- End of inner exception stack trace ---
  at System.Reflection.RuntimeMethodInfo.Invoke (System.Object obj, System.Reflection.BindingFlags invokeAttr, System.Reflection.Binder binder, System.Object[] parameters, System.Globalization.CultureInfo culture) [0x00083] in <cb3602b5bf2148caa08db7780ec02b19>:0 
  at System.Reflection.MethodBase.Invoke (System.Object obj, System.Object[] parameters) [0x00000] in <cb3602b5bf2148caa08db7780ec02b19>:0 
  at UnityEditor.EditorAssemblies.ProcessInitializeOnLoadMethodAttributes () [0x00056] in <376f43f3329c444db4613258b017d5db>:0 
UnityEngine.StackTraceUtility:ExtractStackTrace ()
UnityEngine.DebugLogHandler:Internal_Log (UnityEngine.LogType,UnityEngine.LogOption,string,UnityEngine.Object)
UnityEngine.DebugLogHandler:LogFormat (UnityEngine.LogType,UnityEngine.Object,string,object[])
UnityEngine.Logger:Log (UnityEngine.LogType,object)
UnityEngine.Debug:LogError (object)
UnityEditor.EditorAssemblies:ProcessInitializeOnLoadMethodAttributes ()

Mono: successfully reloaded assembly
[Package Manager] Failed to launch server process. Reason: Unity was launched with the -noUpm command-line argument
[Package Manager] Unable to send message (not connected to server process).
[Package Manager] Cannot connect to Unity Package Manager local server
- Finished resetting the current domain, in  2.195 seconds
Domain Reload Profiling: 6624ms
	BeginReloadAssembly (2127ms)
		ExecutionOrderSort (0ms)
		DisableScriptedObjects (66ms)
		BackupInstance (0ms)
		ReleaseScriptingObjects (5ms)
		CreateAndSetChildDomain (1362ms)
	RebuildCommonClasses (77ms)
	RebuildNativeTypeToScriptingClass (16ms)
	initialDomainReloadingComplete (75ms)
	LoadAllAssembliesAndSetupDomain (2133ms)
		LoadAssemblies (1435ms)
		RebuildTransferFunctionScriptingTraits (0ms)
		AnalyzeDomain (960ms)
			TypeCache.Refresh (940ms)
				TypeCache.ScanAssembly (763ms)
			ScanForSourceGeneratedMonoScriptInfo (14ms)
			ResolveRequiredComponents (5ms)
	FinalizeReload (2197ms)
		ReleaseScriptCaches (0ms)
		RebuildScriptCaches (0ms)
		SetupLoadedEditorAssemblies (853ms)
			LogAssemblyErrors (0ms)
			InitializePlatformSupportModulesInManaged (53ms)
			SetLoadedEditorAssemblies (10ms)
			BeforeProcessingInitializeOnLoad (127ms)
			ProcessInitializeOnLoadAttributes (596ms)
			ProcessInitializeOnLoadMethodAttributes (57ms)
			AfterProcessingInitializeOnLoad (8ms)
			EditorAssembliesLoaded (2ms)
		ExecutionOrderSort2 (0ms)
		AwakeInstancesAfterBackupRestoration (16ms)
Refreshing native plugins compatible for Editor in 17.47 ms, found 12 plugins.
Preloading 1 native plugins for Editor in 1.11 ms.
Unloading 4979 Unused Serialized files (Serialized files now loaded: 0)
Unloading 61 unused Assets / (90.8 KB). Loaded Objects now: 5628.
Memory consumption went from 175.1 MB to 175.0 MB.
Total: 13.967300 ms (FindLiveObjects: 0.653600 ms CreateObjectMapping: 0.374200 ms MarkObjects: 12.287000 ms  DeleteObjects: 0.304500 ms)

Prepare: number of updated asset objects reloaded= 0
AssetImportParameters requested are different than current active one (requested -> active):
  custom:video-decoder-webm-vp8: 9c59270c3fd7afecdb556c50c9e8de78 -> 
  custom:SearchIndexIgnoredProperties: e643bd26f0fe6173181afceb89e7c659 -> 
  custom:audio-encoder-webm-vorbis: bf7c407c2cedff20999df2af8eb42d56 -> 
  custom:AudioImporter_EditorPlatform: d09bf68614088b80899f8185d706f6e7 -> 
  custom:audio-decoder-ogg-vorbis: bf7c407c2cedff20999df2af8eb42d56 -> 
  custom:video-encoder-webm-vp8: eb34c28f22e8b96e1ab97ce403110664 -> 
  custom:container-demuxer-ogg: 62fdf1f143b41e24485cea50d1cbac27 -> 
  custom:framework-win-MediaFoundation: 216162199b28c13a410421893ffa2e32 -> 
  custom:video-decoder-ogg-theora: a1e56fd34408186e4bbccfd4996cb3dc -> 
  custom:container-muxer-webm: aa71ff27fc2769a1b78a27578f13a17b -> 
  custom:CustomObjectIndexerAttribute: 756ad292c208cfabdd7b50bc23989ffe -> 
  custom:container-demuxer-webm: 4f35f7cbe854078d1ac9338744f61a02 -> 
========================================================================
Received Import Request.
  Time since last request: 203.965370 seconds.
  path: Assets/New Material.mat
  artifactKey: Guid(7c68a25b4a96a0e44b1774fae2924719) Importer(815301076,1909f56bfc062723c751e8b465ee728b)
Start importing Assets/New Material.mat using Guid(7c68a25b4a96a0e44b1774fae2924719) Importer(815301076,1909f56bfc062723c751e8b465ee728b)  -> (artifact id: '81d9e380be3238ebef77fb81bc5d3a4b') in 0.154818 seconds
Number of updated asset objects reloaded before import = 0
Number of asset objects unloaded after import = 1
========================================================================
Received Import Request.
  Time since last request: 4.603639 seconds.
  path: Assets/Resources
  artifactKey: Guid(fe835346761d2a94db9d1793ace174e4) Importer(815301076,1909f56bfc062723c751e8b465ee728b)
Start importing Assets/Resources using Guid(fe835346761d2a94db9d1793ace174e4) Importer(815301076,1909f56bfc062723c751e8b465ee728b)  -> (artifact id: '762fec1298499e6e3a937d10918bdcce') in 0.001151 seconds
Number of updated asset objects reloaded before import = 0
Number of asset objects unloaded after import = 0
========================================================================
Received Import Request.
  Time since last request: 1.431248 seconds.
  path: Assets/Resources/GorillaPrefabs
  artifactKey: Guid(3b0b8d276349b7944bca71a3166d2dff) Importer(815301076,1909f56bfc062723c751e8b465ee728b)
Start importing Assets/Resources/GorillaPrefabs using Guid(3b0b8d276349b7944bca71a3166d2dff) Importer(815301076,1909f56bfc062723c751e8b465ee728b)  -> (artifact id: '8f68099d167d296458ef404e84cb5e66') in 0.166907 seconds
Number of updated asset objects reloaded before import = 0
Number of asset objects unloaded after import = 0
========================================================================
Received Import Request.
  Time since last request: 3.686920 seconds.
  path: Assets/Resources/GorillaPrefabs/Gorilla Rig.prefab
  artifactKey: Guid(ce5c2251d70caf148bbad13bb99ebf54) Importer(815301076,1909f56bfc062723c751e8b465ee728b)
Start importing Assets/Resources/GorillaPrefabs/Gorilla Rig.prefab using Guid(ce5c2251d70caf148bbad13bb99ebf54) Importer(815301076,1909f56bfc062723c751e8b465ee728b)  -> (artifact id: '39cea62a2b532c29595a335bbae982c9') in 0.556843 seconds
Number of updated asset objects reloaded before import = 0
Number of asset objects unloaded after import = 34
========================================================================
Received Import Request.
  Time since last request: 913.486860 seconds.
  path: Assets/Audio/HitSoundsV2/newhitsounds/Grass1.mp3
  artifactKey: Guid(b766ab0dc0a20b04199c0ff25c23da59) Importer(815301076,1909f56bfc062723c751e8b465ee728b)
Start importing Assets/Audio/HitSoundsV2/newhitsounds/Grass1.mp3 using Guid(b766ab0dc0a20b04199c0ff25c23da59) Importer(815301076,1909f56bfc062723c751e8b465ee728b)  -> (artifact id: '92f9a58da953ee7d5cef8d471912224a') in 1.072641 seconds
Number of updated asset objects reloaded before import = 0
Number of asset objects unloaded after import = 2
========================================================================
Received Import Request.
  Time since last request: 0.001329 seconds.
  path: Assets/Audio/HitSoundsV2/newhitsounds/Grass3.mp3
  artifactKey: Guid(9a7f3d7fc1edc874d90774ec9e45ba25) Importer(815301076,1909f56bfc062723c751e8b465ee728b)
Start importing Assets/Audio/HitSoundsV2/newhitsounds/Grass3.mp3 using Guid(9a7f3d7fc1edc874d90774ec9e45ba25) Importer(815301076,1909f56bfc062723c751e8b465ee728b)  -> (artifact id: '1a6b2ec232097d04258e56e2f887bac6') in 0.039898 seconds
Number of updated asset objects reloaded before import = 0
Number of asset objects unloaded after import = 2
========================================================================
Received Import Request.
  Time since last request: 0.000794 seconds.
  path: Assets/Audio/HitSoundsV2 1/newhitsounds/grass2.mp3
  artifactKey: Guid(85ccf775eeccf07479ff6d7fa654354f) Importer(815301076,1909f56bfc062723c751e8b465ee728b)
Start importing Assets/Audio/HitSoundsV2 1/newhitsounds/grass2.mp3 using Guid(85ccf775eeccf07479ff6d7fa654354f) Importer(815301076,1909f56bfc062723c751e8b465ee728b)  -> (artifact id: '15b27d85c940101c45fb8dbe607b82c1') in 0.034836 seconds
Number of updated asset objects reloaded before import = 0
Number of asset objects unloaded after import = 2
========================================================================
Received Import Request.
  Time since last request: 0.000031 seconds.
  path: Assets/Audio/HitSoundsV2/newhitsounds/grass2.mp3
  artifactKey: Guid(4820091feeddc864bba0a3fc4d695f76) Importer(815301076,1909f56bfc062723c751e8b465ee728b)
Start importing Assets/Audio/HitSoundsV2/newhitsounds/grass2.mp3 using Guid(4820091feeddc864bba0a3fc4d695f76) Importer(815301076,1909f56bfc062723c751e8b465ee728b)  -> (artifact id: 'dfbe71ca702add88c0623d17f8c6841c') in 0.061167 seconds
Number of updated asset objects reloaded before import = 0
Number of asset objects unloaded after import = 2
========================================================================
Received Import Request.
  Time since last request: 0.000269 seconds.
  path: Assets/Audio/HitSoundsV2 1/newhitsounds/Grass3.mp3
  artifactKey: Guid(43d4d60fb11ebd64d8f4b7f7cbb2c1eb) Importer(815301076,1909f56bfc062723c751e8b465ee728b)
Start importing Assets/Audio/HitSoundsV2 1/newhitsounds/Grass3.mp3 using Guid(43d4d60fb11ebd64d8f4b7f7cbb2c1eb) Importer(815301076,1909f56bfc062723c751e8b465ee728b)  -> (artifact id: '59aebccbc6301f72a73abce09b9d909e') in 0.050097 seconds
Number of updated asset objects reloaded before import = 0
Number of asset objects unloaded after import = 2
========================================================================
Received Import Request.
  Time since last request: 0.000325 seconds.
  path: Assets/Audio/untitled_tag_game_ost__doodlegrounds!.wav
  artifactKey: Guid(7bfce00c70ade254db654f81d7f8fcf1) Importer(815301076,1909f56bfc062723c751e8b465ee728b)
Start importing Assets/Audio/untitled_tag_game_ost__doodlegrounds!.wav using Guid(7bfce00c70ade254db654f81d7f8fcf1) Importer(815301076,1909f56bfc062723c751e8b465ee728b)  -> (artifact id: '452648abd29631b4965e023a576f273a') in 0.039046 seconds
Number of updated asset objects reloaded before import = 0
Number of asset objects unloaded after import = 2
========================================================================
Received Import Request.
  Time since last request: 0.000076 seconds.
  path: Assets/Audio/What a Great Minigame!.mp3
  artifactKey: Guid(ce72d90c54b5cd0438767877958694e5) Importer(815301076,1909f56bfc062723c751e8b465ee728b)
Start importing Assets/Audio/What a Great Minigame!.mp3 using Guid(ce72d90c54b5cd0438767877958694e5) Importer(815301076,1909f56bfc062723c751e8b465ee728b)  -> (artifact id: '4ba76863953ff03c204ad87277cc7f5e') in 0.032574 seconds
Number of updated asset objects reloaded before import = 0
Number of asset objects unloaded after import = 2
========================================================================
Received Import Request.
  Time since last request: 0.000385 seconds.
  path: Assets/Texture2D/vector-linen-gingham-checkered-blanket-tablecloth-seamless-white-red-cloth-table-pattern-background-natural-textile-texture-110392379 (1).png
  artifactKey: Guid(0b062f7812c066544864524940582aba) Importer(815301076,1909f56bfc062723c751e8b465ee728b)
Start importing Assets/Texture2D/vector-linen-gingham-checkered-blanket-tablecloth-seamless-white-red-cloth-table-pattern-background-natural-textile-texture-110392379 (1).png using Guid(0b062f7812c066544864524940582aba) Importer(815301076,1909f56bfc062723c751e8b465ee728b)  -> (artifact id: '3363441069044b4ea715dab6b58307c3') in 0.795333 seconds
Number of updated asset objects reloaded before import = 0
Number of asset objects unloaded after import = 2
Editor requested this worker to shutdown with reason: Scaling down because of idle timeout
AssetImportWorker is now disconnected from the server
Process exiting
Exiting without the bug reporter. Application will terminate with return code 0