Using pre-set license
Built from '2023.1/release' branch; Version is '2023.1.22f1 (c1416845ad01) revision 12665192'; Using compiler version '192829333'; Build Type 'Release'
OS: 'Windows 11  (10.0.26200) 64bit Core' Language: 'en' Physical Memory: 7381 MB
BatchMode: 1, IsHumanControllingUs: 0, StartBugReporterOnCrash: 0, Is64bit: 1, IsPro: 1

COMMAND LINE ARGUMENTS:
C:\Program Files\Unity\Hub\Editor\2023.1.22f1\Editor\Unity.exe
-adb2
-batchMode
-noUpm
-name
AssetImportWorker2
-projectPath
C:/Users/dhack/Documents/GitHub/PixelUniverse
-logFile
Logs/AssetImportWorker2.log
-srvPort
57879
Successfully changed project path to: C:/Users/dhack/Documents/GitHub/PixelUniverse
C:/Users/dhack/Documents/GitHub/PixelUniverse
[UnityMemory] Configuration Parameters - Can be set up in boot.config
    "memorysetup-bucket-allocator-granularity=16"
    "memorysetup-bucket-allocator-bucket-count=8"
    "memorysetup-bucket-allocator-block-size=33554432"
    "memorysetup-bucket-allocator-block-count=8"
    "memorysetup-main-allocator-block-size=16777216"
    "memorysetup-thread-allocator-block-size=16777216"
    "memorysetup-gfx-main-allocator-block-size=16777216"
    "memorysetup-gfx-thread-allocator-block-size=16777216"
    "memorysetup-cache-allocator-block-size=4194304"
    "memorysetup-typetree-allocator-block-size=2097152"
    "memorysetup-profiler-bucket-allocator-granularity=16"
    "memorysetup-profiler-bucket-allocator-bucket-count=8"
    "memorysetup-profiler-bucket-allocator-block-size=33554432"
    "memorysetup-profiler-bucket-allocator-block-count=8"
    "memorysetup-profiler-allocator-block-size=16777216"
    "memorysetup-profiler-editor-allocator-block-size=1048576"
    "memorysetup-temp-allocator-size-main=16777216"
    "memorysetup-job-temp-allocator-block-size=2097152"
    "memorysetup-job-temp-allocator-block-size-background=1048576"
    "memorysetup-job-temp-allocator-reduction-small-platforms=262144"
    "memorysetup-allocator-temp-initial-block-size-main=262144"
    "memorysetup-allocator-temp-initial-block-size-worker=262144"
    "memorysetup-temp-allocator-size-background-worker=32768"
    "memorysetup-temp-allocator-size-job-worker=262144"
    "memorysetup-temp-allocator-size-preload-manager=33554432"
    "memorysetup-temp-allocator-size-nav-mesh-worker=65536"
    "memorysetup-temp-allocator-size-audio-worker=65536"
    "memorysetup-temp-allocator-size-cloud-worker=32768"
    "memorysetup-temp-allocator-size-gi-baking-worker=262144"
    "memorysetup-temp-allocator-size-gfx=262144"
Player connection [5096] Host "[IP] 10.2.0.2 [Port] 0 [Flags] 2 [Guid] 2932845546 [EditorId] 2932845546 [Version] 1048832 [Id] WindowsEditor(7,Windows11_XTR65) [Debug] 1 [PackageName] WindowsEditor [ProjectName] Editor" joined multi-casting on [225.0.0.222:54997]...

Player connection [5096] Host "[IP] 10.2.0.2 [Port] 0 [Flags] 2 [Guid] 2932845546 [EditorId] 2932845546 [Version] 1048832 [Id] WindowsEditor(7,Windows11_XTR65) [Debug] 1 [PackageName] WindowsEditor [ProjectName] Editor" joined alternative multi-casting on [225.0.0.222:34997]...

[Physics::Module] Initialized MultithreadedJobDispatcher with 11 workers.
Library Redirect Path: Library/Default GameObject BitMask: Water already registered
Refreshing native plugins compatible for Editor in 203.39 ms, found 15 plugins.
Preloading 1 native plugins for Editor in 29.13 ms.
Initialize engine version: 2023.1.22f1 (c1416845ad01)
[Subsystems] Discovering subsystems at path C:/Program Files/Unity/Hub/Editor/2023.1.22f1/Editor/Data/Resources/UnitySubsystems
[Subsystems] Discovering subsystems at path C:/Users/dhack/Documents/GitHub/PixelUniverse/Assets
GfxDevice: creating device client; threaded=0; jobified=0
Direct3D:
    Version:  Direct3D 11.0 [level 11.1]
    Renderer: AMD Radeon(TM) RX 6550M (ID=0x743f)
    Vendor:   ATI
    VRAM:     4050 MB
    Driver:   32.0.21001.9024
Initialize mono
Mono path[0] = 'C:/Program Files/Unity/Hub/Editor/2023.1.22f1/Editor/Data/Managed'
Mono path[1] = 'C:/Program Files/Unity/Hub/Editor/2023.1.22f1/Editor/Data/MonoBleedingEdge/lib/mono/unityjit-win32'
Mono config path = 'C:/Program Files/Unity/Hub/Editor/2023.1.22f1/Editor/Data/MonoBleedingEdge/etc'
Using monoOptions --debugger-agent=transport=dt_socket,embedding=1,server=y,suspend=n,address=127.0.0.1:56732
Begin MonoManager ReloadAssembly
C:\build\output\Unity-Technologies\mono\mono\metadata\icall.c:1842:
C:\build\output\Unity-Technologies\mono\mono\metadata\icall.c:1842:
C:\build\output\Unity-Technologies\mono\mono\metadata\icall.c:1842:
C:\build\output\Unity-Technologies\mono\mono\metadata\icall.c:1842:
C:\build\output\Unity-Technologies\mono\mono\metadata\icall.c:1842:
C:\build\output\Unity-Technologies\mono\mono\metadata\icall.c:1842:
C:\build\output\Unity-Technologies\mono\mono\metadata\icall.c:1842:
C:\build\output\Unity-Technologies\mono\mono\metadata\icall.c:1842:
C:\build\output\Unity-Technologies\mono\mono\metadata\icall.c:1842:
C:\build\output\Unity-Technologies\mono\mono\metadata\icall.c:1842:
Registering precompiled unity dll's ...
Register platform support module: C:/Program Files/Unity/Hub/Editor/2023.1.22f1/Editor/Data/PlaybackEngines/WindowsStandaloneSupport/UnityEditor.WindowsStandalone.Extensions.dll
Register platform support module: C:/Program Files/Unity/Hub/Editor/2023.1.22f1/Editor/Data/PlaybackEngines/AndroidPlayer/UnityEditor.Android.Extensions.dll
Registered in 0.014498 seconds.
- Loaded All Assemblies, in  0.906 seconds
Native extension for Android target not found
Android Extension - Scanning For ADB Devices 3151 ms
Native extension for WindowsStandalone target not found
Mono: successfully reloaded assembly
C:\build\output\Unity-Technologies\mono\mono\metadata\icall.c:1842:
C:\build\output\Unity-Technologies\mono\mono\metadata\icall.c:1842:
- Finished resetting the current domain, in  4.131 seconds
Domain Reload Profiling: 5070ms
	BeginReloadAssembly (318ms)
		ExecutionOrderSort (0ms)
		DisableScriptedObjects (0ms)
		BackupInstance (0ms)
		ReleaseScriptingObjects (0ms)
		CreateAndSetChildDomain (5ms)
	RebuildCommonClasses (75ms)
	RebuildNativeTypeToScriptingClass (15ms)
	initialDomainReloadingComplete (121ms)
	LoadAllAssembliesAndSetupDomain (370ms)
		LoadAssemblies (307ms)
		RebuildTransferFunctionScriptingTraits (0ms)
		AnalyzeDomain (355ms)
			TypeCache.Refresh (351ms)
				TypeCache.ScanAssembly (322ms)
			ScanForSourceGeneratedMonoScriptInfo (2ms)
			ResolveRequiredComponents (1ms)
	FinalizeReload (4171ms)
		ReleaseScriptCaches (0ms)
		RebuildScriptCaches (0ms)
		SetupLoadedEditorAssemblies (4046ms)
			LogAssemblyErrors (0ms)
			InitializePlatformSupportModulesInManaged (3397ms)
			SetLoadedEditorAssemblies (6ms)
			BeforeProcessingInitializeOnLoad (18ms)
			ProcessInitializeOnLoadAttributes (322ms)
			ProcessInitializeOnLoadMethodAttributes (300ms)
			AfterProcessingInitializeOnLoad (0ms)
			EditorAssembliesLoaded (2ms)
		ExecutionOrderSort2 (0ms)
		AwakeInstancesAfterBackupRestoration (0ms)
========================================================================
Worker process is ready to serve import requests
Import Worker Mode flag is 0x00
Begin MonoManager ReloadAssembly
C:\build\output\Unity-Technologies\mono\mono\metadata\icall.c:1842:
C:\build\output\Unity-Technologies\mono\mono\metadata\icall.c:1842:
C:\build\output\Unity-Technologies\mono\mono\metadata\icall.c:1842:
C:\build\output\Unity-Technologies\mono\mono\metadata\icall.c:1842:
C:\build\output\Unity-Technologies\mono\mono\metadata\icall.c:1842:
C:\build\output\Unity-Technologies\mono\mono\metadata\icall.c:1842:
C:\build\output\Unity-Technologies\mono\mono\metadata\icall.c:1842:
C:\build\output\Unity-Technologies\mono\mono\metadata\icall.c:1842:
C:\build\output\Unity-Technologies\mono\mono\metadata\icall.c:1842:
C:\build\output\Unity-Technologies\mono\mono\metadata\icall.c:1842:
C:\build\output\Unity-Technologies\mono\mono\metadata\icall.c:1842:
C:\build\output\Unity-Technologies\mono\mono\metadata\icall.c:1842:
Symbol file LoadedFromMemory doesn't match image C:\Users\dhack\Documents\GitHub\PixelUniverse\Library\PackageCache\com.unity.visualscripting@1.8.0\Editor\VisualScripting.Core\Dependencies\YamlDotNet\Unity.VisualScripting.YamlDotNet.dll
Symbol file LoadedFromMemory doesn't match image C:\Users\dhack\Documents\GitHub\PixelUniverse\Library\PackageCache\com.unity.visualscripting@1.8.0\Editor\VisualScripting.Core\Dependencies\DotNetZip\Unity.VisualScripting.IonicZip.dll
- Loaded All Assemblies, in 18.592 seconds
Refreshing native plugins compatible for Editor in 92.05 ms, found 15 plugins.
Native extension for Android target not found
Native extension for WindowsStandalone target not found
System.Reflection.TargetInvocationException: Exception has been thrown by the target of an invocation. ---> System.NullReferenceException: Object reference not set to an instance of an object
  at Unity.XR.Oculus.OculusLoader.AssetPathToAbsolutePath (System.String assetPath) [0x0003d] in .\Library\PackageCache\com.unity.xr.oculus@4.1.2\Runtime\OculusLoader.cs:287 
  at Unity.XR.Oculus.OculusLoader.EditorLoadOVRPlugin () [0x00084] in .\Library\PackageCache\com.unity.xr.oculus@4.1.2\Runtime\OculusLoader.cs:272 
  at (wrapper managed-to-native) System.Reflection.RuntimeMethodInfo.InternalInvoke(System.Reflection.RuntimeMethodInfo,object,object[],System.Exception&)
  at System.Reflection.RuntimeMethodInfo.Invoke (System.Object obj, System.Reflection.BindingFlags invokeAttr, System.Reflection.Binder binder, System.Object[] parameters, System.Globalization.CultureInfo culture) [0x0006a] in <cb3602b5bf2148caa08db7780ec02b19>:0 
   --- End of inner exception stack trace ---
  at System.Reflection.RuntimeMethodInfo.Invoke (System.Object obj, System.Reflection.BindingFlags invokeAttr, System.Reflection.Binder binder, System.Object[] parameters, System.Globalization.CultureInfo culture) [0x00083] in <cb3602b5bf2148caa08db7780ec02b19>:0 
  at System.Reflection.MethodBase.Invoke (System.Object obj, System.Object[] parameters) [0x00000] in <cb3602b5bf2148caa08db7780ec02b19>:0 
  at UnityEditor.EditorAssemblies.ProcessInitializeOnLoadMethodAttributes () [0x00056] in <376f43f3329c444db4613258b017d5db>:0 
UnityEngine.StackTraceUtility:ExtractStackTrace ()
UnityEngine.DebugLogHandler:Internal_Log (UnityEngine.LogType,UnityEngine.LogOption,string,UnityEngine.Object)
UnityEngine.DebugLogHandler:LogFormat (UnityEngine.LogType,UnityEngine.Object,string,object[])
UnityEngine.Logger:Log (UnityEngine.LogType,object)
UnityEngine.Debug:LogError (object)
UnityEditor.EditorAssemblies:ProcessInitializeOnLoadMethodAttributes ()

Mono: successfully reloaded assembly
Package Manager log level set to [2]
[Package Manager] Failed to launch server process. Reason: Unity was launched with the -noUpm command-line argument
[Package Manager] Unable to send message (not connected to server process).
[Package Manager] Cannot connect to Unity Package Manager local server
[Package Manager] Failed to launch server process. Reason: Unity was launched with the -noUpm command-line argument
[Package Manager] Unable to send message (not connected to server process).
[Package Manager] Cannot connect to Unity Package Manager local server
- Finished resetting the current domain, in  4.586 seconds
Domain Reload Profiling: 23456ms
	BeginReloadAssembly (13627ms)
		ExecutionOrderSort (0ms)
		DisableScriptedObjects (35ms)
		BackupInstance (0ms)
		ReleaseScriptingObjects (1ms)
		CreateAndSetChildDomain (139ms)
	RebuildCommonClasses (97ms)
	RebuildNativeTypeToScriptingClass (19ms)
	initialDomainReloadingComplete (109ms)
	LoadAllAssembliesAndSetupDomain (4717ms)
		LoadAssemblies (2947ms)
		RebuildTransferFunctionScriptingTraits (0ms)
		AnalyzeDomain (2039ms)
			TypeCache.Refresh (1964ms)
				TypeCache.ScanAssembly (1388ms)
			ScanForSourceGeneratedMonoScriptInfo (60ms)
			ResolveRequiredComponents (13ms)
	FinalizeReload (4887ms)
		ReleaseScriptCaches (0ms)
		RebuildScriptCaches (0ms)
		SetupLoadedEditorAssemblies (3305ms)
			LogAssemblyErrors (0ms)
			InitializePlatformSupportModulesInManaged (46ms)
			SetLoadedEditorAssemblies (5ms)
			BeforeProcessingInitializeOnLoad (170ms)
			ProcessInitializeOnLoadAttributes (2766ms)
			ProcessInitializeOnLoadMethodAttributes (188ms)
			AfterProcessingInitializeOnLoad (73ms)
			EditorAssembliesLoaded (57ms)
		ExecutionOrderSort2 (1ms)
		AwakeInstancesAfterBackupRestoration (82ms)
Default GameObject BitMask: Water already registered
Launched and connected shader compiler UnityShaderCompiler.exe after 0.64 seconds
Refreshing native plugins compatible for Editor in 76.92 ms, found 15 plugins.
Preloading 1 native plugins for Editor in 0.25 ms.
Unloading 5606 Unused Serialized files (Serialized files now loaded: 0)
Unloading 144 unused Assets / (158.5 KB). Loaded Objects now: 6103.
Memory consumption went from 202.3 MB to 202.1 MB.
Total: 30.056700 ms (FindLiveObjects: 1.212700 ms CreateObjectMapping: 0.823100 ms MarkObjects: 26.483200 ms  DeleteObjects: 1.536000 ms)

AssetImportParameters requested are different than current active one (requested -> active):
  custom:video-decoder-webm-vp8: 9c59270c3fd7afecdb556c50c9e8de78 -> 
  custom:SearchIndexIgnoredProperties: e643bd26f0fe6173181afceb89e7c659 -> 
  custom:audio-encoder-webm-vorbis: bf7c407c2cedff20999df2af8eb42d56 -> 
  custom:AudioImporter_EditorPlatform: d09bf68614088b80899f8185d706f6e7 -> 
  custom:audio-decoder-ogg-vorbis: bf7c407c2cedff20999df2af8eb42d56 -> 
  custom:video-encoder-webm-vp8: eb34c28f22e8b96e1ab97ce403110664 -> 
  custom:container-demuxer-ogg: 62fdf1f143b41e24485cea50d1cbac27 -> 
  custom:framework-win-MediaFoundation: 216162199b28c13a410421893ffa2e32 -> 
  custom:video-decoder-ogg-theora: a1e56fd34408186e4bbccfd4996cb3dc -> 
  custom:container-muxer-webm: aa71ff27fc2769a1b78a27578f13a17b -> 
  custom:CustomObjectIndexerAttribute: 756ad292c208cfabdd7b50bc23989ffe -> 
  custom:container-demuxer-webm: 4f35f7cbe854078d1ac9338744f61a02 -> 
========================================================================
Received Import Request.
  Time since last request: 49199.604197 seconds.
  path: Assets/TextMesh Pro/Sprites/EmojiOne.png
  artifactKey: Guid(dffef66376be4fa480fb02b19edbe903) Importer(2089858483,0ecaa5967403d082aa24f35e1b516d23)
Start importing Assets/TextMesh Pro/Sprites/EmojiOne.png using Guid(dffef66376be4fa480fb02b19edbe903) Importer(2089858483,0ecaa5967403d082aa24f35e1b516d23) Generated GUIDs only implemented for interfaces!
 -> (artifact id: '09f549b399e09d40a42cf640a5e8b736') in 1.554332 seconds
Number of updated asset objects reloaded before import = 0
Number of asset objects unloaded after import = 1
========================================================================
Received Import Request.
  Time since last request: 0.000085 seconds.
  path: Assets/Texture2D/Materials/Concrete034_4K-PNG_Color.mat
  artifactKey: Guid(796f2b5643a584d4595e351a98934688) Importer(2089858483,0ecaa5967403d082aa24f35e1b516d23)
Start importing Assets/Texture2D/Materials/Concrete034_4K-PNG_Color.mat using Guid(796f2b5643a584d4595e351a98934688) Importer(2089858483,0ecaa5967403d082aa24f35e1b516d23) Generated GUIDs only implemented for interfaces!
 -> (artifact id: '24e54d3711e813653dcbcc634b86eae8') in 0.064145 seconds
Number of updated asset objects reloaded before import = 0
Number of asset objects unloaded after import = 2
========================================================================
Received Import Request.
  Time since last request: 0.000059 seconds.
  path: Assets/Texture2D/Materials/IMG_4502-removebg-preview 1.mat
  artifactKey: Guid(621e6cf8158a75a459f20fa007987bc0) Importer(2089858483,0ecaa5967403d082aa24f35e1b516d23)
Start importing Assets/Texture2D/Materials/IMG_4502-removebg-preview 1.mat using Guid(621e6cf8158a75a459f20fa007987bc0) Importer(2089858483,0ecaa5967403d082aa24f35e1b516d23) Generated GUIDs only implemented for interfaces!
 -> (artifact id: '994c73dbbdca88f8e7269a976aa967a1') in 0.413488 seconds
Number of updated asset objects reloaded before import = 0
Number of asset objects unloaded after import = 2
========================================================================
Received Import Request.
  Time since last request: 0.000031 seconds.
  path: Assets/Texture2D/Materials/IMG_4510-removebg-preview.mat
  artifactKey: Guid(1fb2cdb808752ba4288af7be360387bd) Importer(2089858483,0ecaa5967403d082aa24f35e1b516d23)
Start importing Assets/Texture2D/Materials/IMG_4510-removebg-preview.mat using Guid(1fb2cdb808752ba4288af7be360387bd) Importer(2089858483,0ecaa5967403d082aa24f35e1b516d23) Generated GUIDs only implemented for interfaces!
 -> (artifact id: 'f369d9a690470d7994afacc72f66a625') in 0.037391 seconds
Number of updated asset objects reloaded before import = 0
Number of asset objects unloaded after import = 2
========================================================================
Received Import Request.
  Time since last request: 0.000345 seconds.
  path: Assets/Texture2D/Materials/360_F_260039674_yxsJzP8WeFmMIH98AdJMAlrex1bSttai.mat
  artifactKey: Guid(c3a7afac1907add4c870ef8ff8b03f59) Importer(2089858483,0ecaa5967403d082aa24f35e1b516d23)
Start importing Assets/Texture2D/Materials/360_F_260039674_yxsJzP8WeFmMIH98AdJMAlrex1bSttai.mat using Guid(c3a7afac1907add4c870ef8ff8b03f59) Importer(2089858483,0ecaa5967403d082aa24f35e1b516d23) Generated GUIDs only implemented for interfaces!
 -> (artifact id: 'dee5dc4e454481e593790e3e3f47356d') in 0.048877 seconds
Number of updated asset objects reloaded before import = 0
Number of asset objects unloaded after import = 2
========================================================================
Received Import Request.
  Time since last request: 0.000038 seconds.
  path: Assets/Texture2D/Materials/banana1.mat
  artifactKey: Guid(2f60a1aee549c1343bab8dc4fb77595c) Importer(2089858483,0ecaa5967403d082aa24f35e1b516d23)
Start importing Assets/Texture2D/Materials/banana1.mat using Guid(2f60a1aee549c1343bab8dc4fb77595c) Importer(2089858483,0ecaa5967403d082aa24f35e1b516d23) Generated GUIDs only implemented for interfaces!
 -> (artifact id: '08bf2530316ed28ac001f140d993594a') in 0.051908 seconds
Number of updated asset objects reloaded before import = 0
Number of asset objects unloaded after import = 2
========================================================================
Received Import Request.
  Time since last request: 0.000039 seconds.
  path: Assets/Texture2D/Materials/FENCE1.mat
  artifactKey: Guid(25bec83e5d268604e915fd8d7ca2f131) Importer(2089858483,0ecaa5967403d082aa24f35e1b516d23)
Start importing Assets/Texture2D/Materials/FENCE1.mat using Guid(25bec83e5d268604e915fd8d7ca2f131) Importer(2089858483,0ecaa5967403d082aa24f35e1b516d23) Generated GUIDs only implemented for interfaces!
 -> (artifact id: 'ae29b745ea5009010a8924fcbfde386a') in 0.037286 seconds
Number of updated asset objects reloaded before import = 0
Number of asset objects unloaded after import = 2
========================================================================
Received Import Request.
  Time since last request: 0.000030 seconds.
  path: Assets/Texture2D/Materials/IMG_4513-removebg-preview.mat
  artifactKey: Guid(bd85eea97b19b984286e32d5bc48b190) Importer(2089858483,0ecaa5967403d082aa24f35e1b516d23)
Start importing Assets/Texture2D/Materials/IMG_4513-removebg-preview.mat using Guid(bd85eea97b19b984286e32d5bc48b190) Importer(2089858483,0ecaa5967403d082aa24f35e1b516d23) Generated GUIDs only implemented for interfaces!
 -> (artifact id: '15cfbaed7f0516113d0dd5be6766516f') in 0.042516 seconds
Number of updated asset objects reloaded before import = 0
Number of asset objects unloaded after import = 2
========================================================================
Received Import Request.
  Time since last request: 0.000038 seconds.
  path: Assets/TextMesh Pro/Shaders/TMP_SDF.shader
  artifactKey: Guid(68e6db2ebdc24f95958faec2be5558d6) Importer(2089858483,0ecaa5967403d082aa24f35e1b516d23)
Start importing Assets/TextMesh Pro/Shaders/TMP_SDF.shader using Guid(68e6db2ebdc24f95958faec2be5558d6) Importer(2089858483,0ecaa5967403d082aa24f35e1b516d23) Generated GUIDs only implemented for interfaces!
 -> (artifact id: '1c14830bb4080748bdce8416a5317462') in 0.042597 seconds
Number of updated asset objects reloaded before import = 0
Number of asset objects unloaded after import = 1
========================================================================
Received Import Request.
  Time since last request: 0.000378 seconds.
  path: Assets/TextMesh Pro/Shaders/TMPro_Mobile.cginc
  artifactKey: Guid(c334973cef89a9840b0b0c507e0377ab) Importer(2089858483,0ecaa5967403d082aa24f35e1b516d23)
Start importing Assets/TextMesh Pro/Shaders/TMPro_Mobile.cginc using Guid(c334973cef89a9840b0b0c507e0377ab) Importer(2089858483,0ecaa5967403d082aa24f35e1b516d23) Generated GUIDs only implemented for interfaces!
 -> (artifact id: '94450a47e61e7d0ec1ae4bdb537928d2') in 0.418236 seconds
Number of updated asset objects reloaded before import = 0
Number of asset objects unloaded after import = 1
========================================================================
Received Import Request.
  Time since last request: 0.000717 seconds.
  path: Assets/Texture2D/Materials/Untitled140_20251102001935-removebg-preview.mat
  artifactKey: Guid(63dea1649735e794f97aba08a38b1067) Importer(2089858483,0ecaa5967403d082aa24f35e1b516d23)
Start importing Assets/Texture2D/Materials/Untitled140_20251102001935-removebg-preview.mat using Guid(63dea1649735e794f97aba08a38b1067) Importer(2089858483,0ecaa5967403d082aa24f35e1b516d23) Generated GUIDs only implemented for interfaces!
 -> (artifact id: '7975cff02b74679ee939ebd6325743dd') in 0.043441 seconds
Number of updated asset objects reloaded before import = 0
Number of asset objects unloaded after import = 2
========================================================================
Received Import Request.
  Time since last request: 0.000034 seconds.
  path: Assets/Texture2D/Materials/IMG_4514-removebg-preview.mat
  artifactKey: Guid(5defec36aac763c49be515688ea253ae) Importer(2089858483,0ecaa5967403d082aa24f35e1b516d23)
Start importing Assets/Texture2D/Materials/IMG_4514-removebg-preview.mat using Guid(5defec36aac763c49be515688ea253ae) Importer(2089858483,0ecaa5967403d082aa24f35e1b516d23) Generated GUIDs only implemented for interfaces!
 -> (artifact id: 'f5e30950e66f37a7a747a4b10e1e0b50') in 0.721531 seconds
Number of updated asset objects reloaded before import = 0
Number of asset objects unloaded after import = 2
========================================================================
Received Import Request.
  Time since last request: 0.000057 seconds.
  path: Assets/Texture2D/Materials/Untitled744_20250812093257.mat
  artifactKey: Guid(4bb0ce1d471ab46438eef547e522ee9e) Importer(2089858483,0ecaa5967403d082aa24f35e1b516d23)
Start importing Assets/Texture2D/Materials/Untitled744_20250812093257.mat using Guid(4bb0ce1d471ab46438eef547e522ee9e) Importer(2089858483,0ecaa5967403d082aa24f35e1b516d23) Generated GUIDs only implemented for interfaces!
 -> (artifact id: '63eb45cae0bd0b9cd9ebe3925370448f') in 1.969390 seconds
Number of updated asset objects reloaded before import = 0
Number of asset objects unloaded after import = 2
========================================================================
Received Import Request.
  Time since last request: 0.000170 seconds.
  path: Assets/Voice Lines/Red/we need to leave.mp3
  artifactKey: Guid(6c6fcb19ce528664cbdf683ad54d98ac) Importer(2089858483,0ecaa5967403d082aa24f35e1b516d23)
Start importing Assets/Voice Lines/Red/we need to leave.mp3 using Guid(6c6fcb19ce528664cbdf683ad54d98ac) Importer(2089858483,0ecaa5967403d082aa24f35e1b516d23) Generated GUIDs only implemented for interfaces!
 -> (artifact id: 'd6dca9879413bc923fd88f6c6b3bc1b0') in 1.989699 seconds
Number of updated asset objects reloaded before import = 0
Number of asset objects unloaded after import = 1
========================================================================
Received Import Request.
  Time since last request: 0.000065 seconds.
  path: Assets/Texture2D/Materials/Untitled140_20251008171659-removebg-preview.mat
  artifactKey: Guid(9d223161d977fcd468d3dabc7209f007) Importer(2089858483,0ecaa5967403d082aa24f35e1b516d23)
Start importing Assets/Texture2D/Materials/Untitled140_20251008171659-removebg-preview.mat using Guid(9d223161d977fcd468d3dabc7209f007) Importer(2089858483,0ecaa5967403d082aa24f35e1b516d23) Generated GUIDs only implemented for interfaces!
 -> (artifact id: 'd8067687b38c1c5cca8847fae3591a9e') in 1.336225 seconds
Number of updated asset objects reloaded before import = 0
Number of asset objects unloaded after import = 2
========================================================================
Received Import Request.
  Time since last request: 0.000021 seconds.
  path: Assets/Texture2D/Materials/istockphoto-1312850678-612x612.mat
  artifactKey: Guid(edaaf4e6446708d43953de4f25fc88c7) Importer(2089858483,0ecaa5967403d082aa24f35e1b516d23)
Start importing Assets/Texture2D/Materials/istockphoto-1312850678-612x612.mat using Guid(edaaf4e6446708d43953de4f25fc88c7) Importer(2089858483,0ecaa5967403d082aa24f35e1b516d23) Generated GUIDs only implemented for interfaces!
 -> (artifact id: 'd622bb2a7e06579f4f1adc8678781b15') in 2.974849 seconds
Number of updated asset objects reloaded before import = 0
Number of asset objects unloaded after import = 2
========================================================================
Received Import Request.
  Time since last request: 0.000035 seconds.
  path: Assets/Ultimate 10 Plus Shaders/Shaders/Ocean.shader
  artifactKey: Guid(4889fcee5f0084a4e8a1c45f616a86dd) Importer(2089858483,0ecaa5967403d082aa24f35e1b516d23)
Start importing Assets/Ultimate 10 Plus Shaders/Shaders/Ocean.shader using Guid(4889fcee5f0084a4e8a1c45f616a86dd) Importer(2089858483,0ecaa5967403d082aa24f35e1b516d23) Generated GUIDs only implemented for interfaces!
 -> (artifact id: '6aa433871ba83068544b8dd2ce25e80c') in 1.457845 seconds
Number of updated asset objects reloaded before import = 0
Number of asset objects unloaded after import = 1
========================================================================
Received Import Request.
  Time since last request: 0.000182 seconds.
  path: Assets/XR/Loaders/OpenXRLoader.asset
  artifactKey: Guid(b70251e946aae934a855f32632787180) Importer(2089858483,0ecaa5967403d082aa24f35e1b516d23)
Start importing Assets/XR/Loaders/OpenXRLoader.asset using Guid(b70251e946aae934a855f32632787180) Importer(2089858483,0ecaa5967403d082aa24f35e1b516d23) Generated GUIDs only implemented for interfaces!
 -> (artifact id: 'd3c17916aebb12c32a42b38fb1fc7d71') in 1.319098 seconds
Number of updated asset objects reloaded before import = 0
Number of asset objects unloaded after import = 1
========================================================================
Received Import Request.
  Time since last request: 0.000057 seconds.
  path: Assets/Texture2D/Materials/IMG_4514-removebg-preview 1.mat
  artifactKey: Guid(ace83a66e4e808942b974767763aee71) Importer(2089858483,0ecaa5967403d082aa24f35e1b516d23)
Start importing Assets/Texture2D/Materials/IMG_4514-removebg-preview 1.mat using Guid(ace83a66e4e808942b974767763aee71) Importer(2089858483,0ecaa5967403d082aa24f35e1b516d23) Generated GUIDs only implemented for interfaces!
 -> (artifact id: 'f7b65fc4e793a7e9699a5a7712d82d0c') in 0.455619 seconds
Number of updated asset objects reloaded before import = 0
Number of asset objects unloaded after import = 2
========================================================================
Received Import Request.
  Time since last request: 0.000169 seconds.
  path: Assets/Audio/HitSoundsV2/newhitsounds/Dirt3.mp3
  artifactKey: Guid(b155caa263fc0eb4cb5edf4343967b58) Importer(2089858483,0ecaa5967403d082aa24f35e1b516d23)
Start importing Assets/Audio/HitSoundsV2/newhitsounds/Dirt3.mp3 using Guid(b155caa263fc0eb4cb5edf4343967b58) Importer(2089858483,0ecaa5967403d082aa24f35e1b516d23) Generated GUIDs only implemented for interfaces!
 -> (artifact id: 'c1ff3733708109bb31b2992ab07bcaff') in 0.327964 seconds
Number of updated asset objects reloaded before import = 0
Number of asset objects unloaded after import = 1
========================================================================
Received Import Request.
  Time since last request: 0.000037 seconds.
  path: Assets/VideoClip/Materials/New Material.mat
  artifactKey: Guid(4859edc54d602724b86970b360b7cde1) Importer(2089858483,0ecaa5967403d082aa24f35e1b516d23)
Start importing Assets/VideoClip/Materials/New Material.mat using Guid(4859edc54d602724b86970b360b7cde1) Importer(2089858483,0ecaa5967403d082aa24f35e1b516d23) Generated GUIDs only implemented for interfaces!
 -> (artifact id: 'a61db4b980c729e4b8ec46a320eac8cc') in 0.093193 seconds
Number of updated asset objects reloaded before import = 0
Number of asset objects unloaded after import = 1
========================================================================
Received Import Request.
  Time since last request: 0.000147 seconds.
  path: Assets/VideoClip/Materials/miku 2.mat
  artifactKey: Guid(8ac47aef2b8eb9a4789fe8f8f2a6a6d3) Importer(2089858483,0ecaa5967403d082aa24f35e1b516d23)
Start importing Assets/VideoClip/Materials/miku 2.mat using Guid(8ac47aef2b8eb9a4789fe8f8f2a6a6d3) Importer(2089858483,0ecaa5967403d082aa24f35e1b516d23) Generated GUIDs only implemented for interfaces!
 -> (artifact id: '1b86f860e9fdf8c3ddefd18c7b44685c') in 0.104178 seconds
Number of updated asset objects reloaded before import = 0
Number of asset objects unloaded after import = 2
========================================================================
Received Import Request.
  Time since last request: 0.000120 seconds.
  path: Assets/XR/Loaders/OculusLoader.asset
  artifactKey: Guid(c5c59747572313b4384c102a62084873) Importer(2089858483,0ecaa5967403d082aa24f35e1b516d23)
Start importing Assets/XR/Loaders/OculusLoader.asset using Guid(c5c59747572313b4384c102a62084873) Importer(2089858483,0ecaa5967403d082aa24f35e1b516d23) Generated GUIDs only implemented for interfaces!
 -> (artifact id: '9e2d3230ef37295a98931ee20eb94250') in 0.168488 seconds
Number of updated asset objects reloaded before import = 0
Number of asset objects unloaded after import = 1
========================================================================
Received Import Request.
  Time since last request: 0.000044 seconds.
  path: Assets/Texture2D/Materials/Untitled140_20251102001935-removebg-preview 1.mat
  artifactKey: Guid(746c308eb434000449282c3f006ce1f6) Importer(2089858483,0ecaa5967403d082aa24f35e1b516d23)
Start importing Assets/Texture2D/Materials/Untitled140_20251102001935-removebg-preview 1.mat using Guid(746c308eb434000449282c3f006ce1f6) Importer(2089858483,0ecaa5967403d082aa24f35e1b516d23) Generated GUIDs only implemented for interfaces!
 -> (artifact id: '3f65499ef77dafc55cac302a4194479c') in 0.163428 seconds
Number of updated asset objects reloaded before import = 0
Number of asset objects unloaded after import = 2
========================================================================
Received Import Request.
  Time since last request: 0.000122 seconds.
  path: Assets/Audio/HitSoundsV2/newhitsounds/Wood2.mp3
  artifactKey: Guid(c6ad48b71789e2941b1d9fecd191212a) Importer(2089858483,0ecaa5967403d082aa24f35e1b516d23)
Start importing Assets/Audio/HitSoundsV2/newhitsounds/Wood2.mp3 using Guid(c6ad48b71789e2941b1d9fecd191212a) Importer(2089858483,0ecaa5967403d082aa24f35e1b516d23) Generated GUIDs only implemented for interfaces!
 -> (artifact id: '811e9b3adc594b10fb90c97d8c7775c6') in 0.280890 seconds
Number of updated asset objects reloaded before import = 0
Number of asset objects unloaded after import = 1
========================================================================
Received Import Request.
  Time since last request: 0.000103 seconds.
  path: Assets/Audio/HitSoundsV2/newhitsounds/Wood3.mp3
  artifactKey: Guid(7f569c1ce82c0a94f8974116f6b0bb49) Importer(2089858483,0ecaa5967403d082aa24f35e1b516d23)
Start importing Assets/Audio/HitSoundsV2/newhitsounds/Wood3.mp3 using Guid(7f569c1ce82c0a94f8974116f6b0bb49) Importer(2089858483,0ecaa5967403d082aa24f35e1b516d23) Generated GUIDs only implemented for interfaces!
 -> (artifact id: 'e35369d3d34939e589884de17b433278') in 0.179168 seconds
Number of updated asset objects reloaded before import = 0
Number of asset objects unloaded after import = 1
========================================================================
Received Import Request.
  Time since last request: 0.000078 seconds.
  path: Assets/Audio/HitSoundsV2/newhitsounds/Grass3.mp3
  artifactKey: Guid(9a7f3d7fc1edc874d90774ec9e45ba25) Importer(2089858483,0ecaa5967403d082aa24f35e1b516d23)
Start importing Assets/Audio/HitSoundsV2/newhitsounds/Grass3.mp3 using Guid(9a7f3d7fc1edc874d90774ec9e45ba25) Importer(2089858483,0ecaa5967403d082aa24f35e1b516d23) Generated GUIDs only implemented for interfaces!
 -> (artifact id: 'af5b1523ec5545e411b83dd2d10d6a1f') in 0.246826 seconds
Number of updated asset objects reloaded before import = 0
Number of asset objects unloaded after import = 1
========================================================================
Received Import Request.
  Time since last request: 0.000045 seconds.
  path: Assets/Audio/HitSoundsV2/newhitsounds/Grass1.mp3
  artifactKey: Guid(b766ab0dc0a20b04199c0ff25c23da59) Importer(2089858483,0ecaa5967403d082aa24f35e1b516d23)
Start importing Assets/Audio/HitSoundsV2/newhitsounds/Grass1.mp3 using Guid(b766ab0dc0a20b04199c0ff25c23da59) Importer(2089858483,0ecaa5967403d082aa24f35e1b516d23) Generated GUIDs only implemented for interfaces!
 -> (artifact id: 'c37defce9a1453c7a2b879d92bcbe084') in 0.166006 seconds
Number of updated asset objects reloaded before import = 0
Number of asset objects unloaded after import = 1
========================================================================
Received Import Request.
  Time since last request: 0.000049 seconds.
  path: Assets/Audio/HitSoundsV2 1/newhitsounds/Dirt3.mp3
  artifactKey: Guid(ed7769d23940f014885d626d1ac7ada8) Importer(2089858483,0ecaa5967403d082aa24f35e1b516d23)
Start importing Assets/Audio/HitSoundsV2 1/newhitsounds/Dirt3.mp3 using Guid(ed7769d23940f014885d626d1ac7ada8) Importer(2089858483,0ecaa5967403d082aa24f35e1b516d23) Generated GUIDs only implemented for interfaces!
 -> (artifact id: 'ad95a52048f57af826af3c99b6865e83') in 0.268746 seconds
Number of updated asset objects reloaded before import = 0
Number of asset objects unloaded after import = 1
========================================================================
Received Import Request.
  Time since last request: 0.000080 seconds.
  path: Assets/Audio/HitSoundsV2 1/newhitsounds/concrete3.mp3
  artifactKey: Guid(07042525284625044b3c4d032299d9b2) Importer(2089858483,0ecaa5967403d082aa24f35e1b516d23)
Start importing Assets/Audio/HitSoundsV2 1/newhitsounds/concrete3.mp3 using Guid(07042525284625044b3c4d032299d9b2) Importer(2089858483,0ecaa5967403d082aa24f35e1b516d23) Generated GUIDs only implemented for interfaces!
 -> (artifact id: '5e23650f03cb5267a9e6efcd44858cf7') in 0.272146 seconds
Number of updated asset objects reloaded before import = 0
Number of asset objects unloaded after import = 1
========================================================================
Received Import Request.
  Time since last request: 0.000049 seconds.
  path: Assets/Audio/HitSoundsV2 1/newhitsounds/Dirt2.mp3
  artifactKey: Guid(91bcc46b033fff84f8cc6b7afaf0175f) Importer(2089858483,0ecaa5967403d082aa24f35e1b516d23)
Start importing Assets/Audio/HitSoundsV2 1/newhitsounds/Dirt2.mp3 using Guid(91bcc46b033fff84f8cc6b7afaf0175f) Importer(2089858483,0ecaa5967403d082aa24f35e1b516d23) Generated GUIDs only implemented for interfaces!
 -> (artifact id: '1aec6b8e7e664b2a6a9a015fd1395830') in 0.422352 seconds
Number of updated asset objects reloaded before import = 0
Number of asset objects unloaded after import = 1
========================================================================
Received Import Request.
  Time since last request: 0.000110 seconds.
  path: Assets/Texture2D/Materials/metal-texture-design-template-1d2ffadb3134a46b29d31fecb587ebc2_screen 1.mat
  artifactKey: Guid(64687ff07d818bb4ba5dad6e3e2170d3) Importer(2089858483,0ecaa5967403d082aa24f35e1b516d23)
Start importing Assets/Texture2D/Materials/metal-texture-design-template-1d2ffadb3134a46b29d31fecb587ebc2_screen 1.mat using Guid(64687ff07d818bb4ba5dad6e3e2170d3) Importer(2089858483,0ecaa5967403d082aa24f35e1b516d23) Generated GUIDs only implemented for interfaces!
 -> (artifact id: '42a6484713223013013a224c7fc8ea1e') in 0.150402 seconds
Number of updated asset objects reloaded before import = 0
Number of asset objects unloaded after import = 2
========================================================================
Received Import Request.
  Time since last request: 0.000322 seconds.
  path: Assets/Audio/HitSoundsV2 1/newhitsounds/Metal2.mp3
  artifactKey: Guid(b454414cc3c72c048875148c4d5de15e) Importer(2089858483,0ecaa5967403d082aa24f35e1b516d23)
Start importing Assets/Audio/HitSoundsV2 1/newhitsounds/Metal2.mp3 using Guid(b454414cc3c72c048875148c4d5de15e) Importer(2089858483,0ecaa5967403d082aa24f35e1b516d23) Generated GUIDs only implemented for interfaces!
 -> (artifact id: '2b2b41b6c5a4427e6d7d2e345da81a8a') in 0.167205 seconds
Number of updated asset objects reloaded before import = 0
Number of asset objects unloaded after import = 1
========================================================================
Received Import Request.
  Time since last request: 0.000133 seconds.
  path: Assets/Audio/HitSoundsV2 1/newhitsounds/Grass3.mp3
  artifactKey: Guid(43d4d60fb11ebd64d8f4b7f7cbb2c1eb) Importer(2089858483,0ecaa5967403d082aa24f35e1b516d23)
Start importing Assets/Audio/HitSoundsV2 1/newhitsounds/Grass3.mp3 using Guid(43d4d60fb11ebd64d8f4b7f7cbb2c1eb) Importer(2089858483,0ecaa5967403d082aa24f35e1b516d23) Generated GUIDs only implemented for interfaces!
 -> (artifact id: '5825971927700ea11b0dee776babe1bf') in 0.106352 seconds
Number of updated asset objects reloaded before import = 0
Number of asset objects unloaded after import = 1
========================================================================
Received Import Request.
  Time since last request: 0.000066 seconds.
  path: Assets/TextMesh Pro/Shaders/TMPro.cginc
  artifactKey: Guid(407bc68d299748449bbf7f48ee690f8d) Importer(2089858483,0ecaa5967403d082aa24f35e1b516d23)
Start importing Assets/TextMesh Pro/Shaders/TMPro.cginc using Guid(407bc68d299748449bbf7f48ee690f8d) Importer(2089858483,0ecaa5967403d082aa24f35e1b516d23) Generated GUIDs only implemented for interfaces!
 -> (artifact id: 'd835a5306ba034f2be029c5ff44e69d5') in 0.190913 seconds
Number of updated asset objects reloaded before import = 0
Number of asset objects unloaded after import = 1
========================================================================
Received Import Request.
  Time since last request: 0.000034 seconds.
  path: Assets/Texture2D/Materials/Dirt Texture.mat
  artifactKey: Guid(8e452bafbb203c14fa9a7f0d5bd0d757) Importer(2089858483,0ecaa5967403d082aa24f35e1b516d23)
Start importing Assets/Texture2D/Materials/Dirt Texture.mat using Guid(8e452bafbb203c14fa9a7f0d5bd0d757) Importer(2089858483,0ecaa5967403d082aa24f35e1b516d23) Generated GUIDs only implemented for interfaces!
 -> (artifact id: 'fe56aaa3fa9f8690153325cef7567c6d') in 0.220311 seconds
Number of updated asset objects reloaded before import = 0
Number of asset objects unloaded after import = 2
========================================================================
Received Import Request.
  Time since last request: 0.000035 seconds.
  path: Assets/Texture2D/Materials/RockWall.mat
  artifactKey: Guid(f711bb01ea997484baf1e269b09874ff) Importer(2089858483,0ecaa5967403d082aa24f35e1b516d23)
Start importing Assets/Texture2D/Materials/RockWall.mat using Guid(f711bb01ea997484baf1e269b09874ff) Importer(2089858483,0ecaa5967403d082aa24f35e1b516d23) Generated GUIDs only implemented for interfaces!
 -> (artifact id: '65b4d67ce9b9b0ecbc313a8fdbf48ca7') in 0.136984 seconds
Number of updated asset objects reloaded before import = 0
Number of asset objects unloaded after import = 2
========================================================================
Received Import Request.
  Time since last request: 0.000060 seconds.
  path: Assets/Texture2D/Materials/metal-texture-design-template-1d2ffadb3134a46b29d31fecb587ebc2_screen 2.mat
  artifactKey: Guid(54f2e45bebab6af46adcd0587cf523a4) Importer(2089858483,0ecaa5967403d082aa24f35e1b516d23)
Start importing Assets/Texture2D/Materials/metal-texture-design-template-1d2ffadb3134a46b29d31fecb587ebc2_screen 2.mat using Guid(54f2e45bebab6af46adcd0587cf523a4) Importer(2089858483,0ecaa5967403d082aa24f35e1b516d23) Generated GUIDs only implemented for interfaces!
 -> (artifact id: 'f67f6d35d255c26ccf0091525b6c0d29') in 0.138727 seconds
Number of updated asset objects reloaded before import = 0
Number of asset objects unloaded after import = 2
========================================================================
Received Import Request.
  Time since last request: 0.000032 seconds.
  path: Assets/Photon/PhotonChat/Code/ChatAppSettings.cs
  artifactKey: Guid(87776a9b1f405644abcc38ecd70c37fb) Importer(2089858483,0ecaa5967403d082aa24f35e1b516d23)
Start importing Assets/Photon/PhotonChat/Code/ChatAppSettings.cs using Guid(87776a9b1f405644abcc38ecd70c37fb) Importer(2089858483,0ecaa5967403d082aa24f35e1b516d23) Generated GUIDs only implemented for interfaces!
 -> (artifact id: '89c0ff9b34cc936bd7cf06c3a74c314f') in 0.085325 seconds
Number of updated asset objects reloaded before import = 0
Number of asset objects unloaded after import = 1
========================================================================
Received Import Request.
  Time since last request: 0.000044 seconds.
  path: Assets/Audio/HitSoundsV2 1/newhitsounds/Wood3.mp3
  artifactKey: Guid(3ba852cbf40c9a545b582d98117a5fd5) Importer(2089858483,0ecaa5967403d082aa24f35e1b516d23)
Start importing Assets/Audio/HitSoundsV2 1/newhitsounds/Wood3.mp3 using Guid(3ba852cbf40c9a545b582d98117a5fd5) Importer(2089858483,0ecaa5967403d082aa24f35e1b516d23) Generated GUIDs only implemented for interfaces!
 -> (artifact id: 'e03019ca7c278bd4d31c5cda14fb6ff0') in 0.140804 seconds
Number of updated asset objects reloaded before import = 0
Number of asset objects unloaded after import = 1
========================================================================
Received Import Request.
  Time since last request: 0.000044 seconds.
  path: Assets/Photon/PhotonChat/Code/ChatEventCode.cs
  artifactKey: Guid(188e4a680bce12d4cbad8d57a24f7d44) Importer(2089858483,0ecaa5967403d082aa24f35e1b516d23)
Start importing Assets/Photon/PhotonChat/Code/ChatEventCode.cs using Guid(188e4a680bce12d4cbad8d57a24f7d44) Importer(2089858483,0ecaa5967403d082aa24f35e1b516d23) Generated GUIDs only implemented for interfaces!
 -> (artifact id: '9cbd9ead84e5a89ec532beffdd586c93') in 0.077580 seconds
Number of updated asset objects reloaded before import = 0
Number of asset objects unloaded after import = 1
========================================================================
Received Import Request.
  Time since last request: 0.000036 seconds.
  path: Assets/Photon/PhotonChat/Code/ChatDisconnectCause.cs
  artifactKey: Guid(b90b85043f1857f43b94fd00edfc1ef1) Importer(2089858483,0ecaa5967403d082aa24f35e1b516d23)
Start importing Assets/Photon/PhotonChat/Code/ChatDisconnectCause.cs using Guid(b90b85043f1857f43b94fd00edfc1ef1) Importer(2089858483,0ecaa5967403d082aa24f35e1b516d23) Generated GUIDs only implemented for interfaces!
 -> (artifact id: '557e6b6de8cfe60825d0586eb5ddc390') in 0.015946 seconds
Number of updated asset objects reloaded before import = 0
Number of asset objects unloaded after import = 1
========================================================================
Received Import Request.
  Time since last request: 0.000311 seconds.
  path: Assets/DinV/Dynamic Space Background/Sprites/Nebula Aqua-Pink.png
  artifactKey: Guid(d9b31ebd60af68c469212c1a9f513e74) Importer(2089858483,0ecaa5967403d082aa24f35e1b516d23)
Start importing Assets/DinV/Dynamic Space Background/Sprites/Nebula Aqua-Pink.png using Guid(d9b31ebd60af68c469212c1a9f513e74) Importer(2089858483,0ecaa5967403d082aa24f35e1b516d23) Generated GUIDs only implemented for interfaces!
 -> (artifact id: 'b4e9f3e5e87142f0a0984d834f6d1ff2') in 0.354514 seconds
Number of updated asset objects reloaded before import = 0
Number of asset objects unloaded after import = 3
========================================================================
Received Import Request.
  Time since last request: 0.000035 seconds.
  path: Assets/Audio/HitSoundsV2 1/newhitsounds/Carpet2.mp3
  artifactKey: Guid(6ff4c02e8d7ddb144819a850ff104f6a) Importer(2089858483,0ecaa5967403d082aa24f35e1b516d23)
Start importing Assets/Audio/HitSoundsV2 1/newhitsounds/Carpet2.mp3 using Guid(6ff4c02e8d7ddb144819a850ff104f6a) Importer(2089858483,0ecaa5967403d082aa24f35e1b516d23) Generated GUIDs only implemented for interfaces!
 -> (artifact id: '2a2f9f3fc009a640a2f2bbf9a26545da') in 0.152846 seconds
Number of updated asset objects reloaded before import = 0
Number of asset objects unloaded after import = 1
========================================================================
Received Import Request.
  Time since last request: 0.000050 seconds.
  path: Assets/Texture2D/Materials/IMG_4501-removebg-preview.mat
  artifactKey: Guid(76ffcb705a7388242bb43217c6bf9a7b) Importer(2089858483,0ecaa5967403d082aa24f35e1b516d23)
Start importing Assets/Texture2D/Materials/IMG_4501-removebg-preview.mat using Guid(76ffcb705a7388242bb43217c6bf9a7b) Importer(2089858483,0ecaa5967403d082aa24f35e1b516d23) Generated GUIDs only implemented for interfaces!
 -> (artifact id: '08c166214124ec6a9febd567b6ee67ca') in 0.141355 seconds
Number of updated asset objects reloaded before import = 0
Number of asset objects unloaded after import = 2
========================================================================
Received Import Request.
  Time since last request: 0.000037 seconds.
  path: Assets/Photon/PhotonLibs/netstandard2.0/Photon3Unity3D.deps.json
  artifactKey: Guid(a966b98b651e18748abf2829786b5899) Importer(2089858483,0ecaa5967403d082aa24f35e1b516d23)
Start importing Assets/Photon/PhotonLibs/netstandard2.0/Photon3Unity3D.deps.json using Guid(a966b98b651e18748abf2829786b5899) Importer(2089858483,0ecaa5967403d082aa24f35e1b516d23) Generated GUIDs only implemented for interfaces!
 -> (artifact id: '85f0a8ea525b1c33f147dd8358ec5165') in 0.087195 seconds
Number of updated asset objects reloaded before import = 0
Number of asset objects unloaded after import = 1
========================================================================
Received Import Request.
  Time since last request: 0.000107 seconds.
  path: Assets/Photon/PhotonLibs/WebSocket/websocket-sharp.dll
  artifactKey: Guid(748eb70bc0d7515498ef73fed155520a) Importer(2089858483,0ecaa5967403d082aa24f35e1b516d23)
Start importing Assets/Photon/PhotonLibs/WebSocket/websocket-sharp.dll using Guid(748eb70bc0d7515498ef73fed155520a) Importer(2089858483,0ecaa5967403d082aa24f35e1b516d23) Generated GUIDs only implemented for interfaces!
 -> (artifact id: '2b673bb338a65b9cbceda8120ee01937') in 0.083611 seconds
Number of updated asset objects reloaded before import = 0
Number of asset objects unloaded after import = 1
========================================================================
Received Import Request.
  Time since last request: 0.000072 seconds.
  path: Assets/Photon/PhotonLibs/Metro/Photon3Unity3D.pri
  artifactKey: Guid(3439a9e4030efca45b6cc06240106c02) Importer(2089858483,0ecaa5967403d082aa24f35e1b516d23)
Start importing Assets/Photon/PhotonLibs/Metro/Photon3Unity3D.pri using Guid(3439a9e4030efca45b6cc06240106c02) Importer(2089858483,0ecaa5967403d082aa24f35e1b516d23) Generated GUIDs only implemented for interfaces!
 -> (artifact id: 'a22d2464205b4ff932ffbb257e635f06') in 0.076430 seconds
Number of updated asset objects reloaded before import = 0
Number of asset objects unloaded after import = 1
========================================================================
Received Import Request.
  Time since last request: 0.000214 seconds.
  path: Assets/Photon/PhotonLibs/Metro/Photon3Unity3D.pdb
  artifactKey: Guid(ceaf3c270b0c23c44b43fa13cee2675b) Importer(2089858483,0ecaa5967403d082aa24f35e1b516d23)
Start importing Assets/Photon/PhotonLibs/Metro/Photon3Unity3D.pdb using Guid(ceaf3c270b0c23c44b43fa13cee2675b) Importer(2089858483,0ecaa5967403d082aa24f35e1b516d23) Generated GUIDs only implemented for interfaces!
 -> (artifact id: '7dd55dfad0b42ef7cc190d4875a524fc') in 0.018367 seconds
Number of updated asset objects reloaded before import = 0
Number of asset objects unloaded after import = 1
========================================================================
Received Import Request.
  Time since last request: 0.000114 seconds.
  path: Assets/Texture2D/Materials/Untitled15_20251009183549.mat
  artifactKey: Guid(44fa98b7d896ec64eaa935c1c203c051) Importer(2089858483,0ecaa5967403d082aa24f35e1b516d23)
Start importing Assets/Texture2D/Materials/Untitled15_20251009183549.mat using Guid(44fa98b7d896ec64eaa935c1c203c051) Importer(2089858483,0ecaa5967403d082aa24f35e1b516d23) Generated GUIDs only implemented for interfaces!
 -> (artifact id: '31f16d6792586c75986603f4d1bcd0c7') in 0.025983 seconds
Number of updated asset objects reloaded before import = 0
Number of asset objects unloaded after import = 2
========================================================================
Received Import Request.
  Time since last request: 0.000024 seconds.
  path: Assets/Photon/PhotonChat/Code/changes-chat.txt
  artifactKey: Guid(e5c3dda6f11fe7845989297c8a603dc2) Importer(2089858483,0ecaa5967403d082aa24f35e1b516d23)
Start importing Assets/Photon/PhotonChat/Code/changes-chat.txt using Guid(e5c3dda6f11fe7845989297c8a603dc2) Importer(2089858483,0ecaa5967403d082aa24f35e1b516d23) Generated GUIDs only implemented for interfaces!
 -> (artifact id: 'b6c895ae7db7cb48093740aa72d55fd8') in 0.026007 seconds
Number of updated asset objects reloaded before import = 0
Number of asset objects unloaded after import = 1
========================================================================
Received Import Request.
  Time since last request: 0.000027 seconds.
  path: Assets/Texture2D/Materials/grid2.mat
  artifactKey: Guid(89c5e91b6f2808f4087a94a8aeddfd04) Importer(2089858483,0ecaa5967403d082aa24f35e1b516d23)
Start importing Assets/Texture2D/Materials/grid2.mat using Guid(89c5e91b6f2808f4087a94a8aeddfd04) Importer(2089858483,0ecaa5967403d082aa24f35e1b516d23) Generated GUIDs only implemented for interfaces!
 -> (artifact id: '88b1866457263f130b1266d576311e9f') in 0.038047 seconds
Number of updated asset objects reloaded before import = 0
Number of asset objects unloaded after import = 2
========================================================================
Received Import Request.
  Time since last request: 0.000034 seconds.
  path: Assets/Audio/HitSoundsV2/newhitsounds/grass2.mp3
  artifactKey: Guid(4820091feeddc864bba0a3fc4d695f76) Importer(2089858483,0ecaa5967403d082aa24f35e1b516d23)
Start importing Assets/Audio/HitSoundsV2/newhitsounds/grass2.mp3 using Guid(4820091feeddc864bba0a3fc4d695f76) Importer(2089858483,0ecaa5967403d082aa24f35e1b516d23) Generated GUIDs only implemented for interfaces!
 -> (artifact id: 'aeeb346bdaf48f195620972d35c71098') in 0.103832 seconds
Number of updated asset objects reloaded before import = 0
Number of asset objects unloaded after import = 1
========================================================================
Received Import Request.
  Time since last request: 0.000070 seconds.
  path: Assets/Audio/HitSoundsV2/newhitsounds/Wood1.mp3
  artifactKey: Guid(020ed83375366ac46b9d70733cfec0a3) Importer(2089858483,0ecaa5967403d082aa24f35e1b516d23)
Start importing Assets/Audio/HitSoundsV2/newhitsounds/Wood1.mp3 using Guid(020ed83375366ac46b9d70733cfec0a3) Importer(2089858483,0ecaa5967403d082aa24f35e1b516d23) Generated GUIDs only implemented for interfaces!
 -> (artifact id: '32a1b22f08e2adf43bba89a3482483e8') in 0.098686 seconds
Number of updated asset objects reloaded before import = 0
Number of asset objects unloaded after import = 1
========================================================================
Received Import Request.
  Time since last request: 0.002747 seconds.
  path: Assets/DinV/Dynamic Space Background/Sprites/Nebula Blue.png
  artifactKey: Guid(ddcac1fac1f5c8943a30c2ef6b724062) Importer(2089858483,0ecaa5967403d082aa24f35e1b516d23)
Start importing Assets/DinV/Dynamic Space Background/Sprites/Nebula Blue.png using Guid(ddcac1fac1f5c8943a30c2ef6b724062) Importer(2089858483,0ecaa5967403d082aa24f35e1b516d23) Generated GUIDs only implemented for interfaces!
 -> (artifact id: '68179e2333e32d23d5a87d81f0d1f732') in 0.239128 seconds
Number of updated asset objects reloaded before import = 0
Number of asset objects unloaded after import = 1
========================================================================
Received Import Request.
  Time since last request: 0.000074 seconds.
  path: Assets/Photon/PhotonUnityNetworking/Code/PhotonNetwork.cs
  artifactKey: Guid(88e11b3353de7e94d84b1ec5adbdd15e) Importer(2089858483,0ecaa5967403d082aa24f35e1b516d23)
Start importing Assets/Photon/PhotonUnityNetworking/Code/PhotonNetwork.cs using Guid(88e11b3353de7e94d84b1ec5adbdd15e) Importer(2089858483,0ecaa5967403d082aa24f35e1b516d23) Generated GUIDs only implemented for interfaces!
 -> (artifact id: 'f92c0cb45c64c29b1e25b9f4605ff439') in 0.083197 seconds
Number of updated asset objects reloaded before import = 0
Number of asset objects unloaded after import = 1
========================================================================
Received Import Request.
  Time since last request: 0.000117 seconds.
  path: Assets/Photon/PhotonRealtime/Code/LoadbalancingPeer.cs
  artifactKey: Guid(35c989013c977244186e524a4c90dcee) Importer(2089858483,0ecaa5967403d082aa24f35e1b516d23)
Start importing Assets/Photon/PhotonRealtime/Code/LoadbalancingPeer.cs using Guid(35c989013c977244186e524a4c90dcee) Importer(2089858483,0ecaa5967403d082aa24f35e1b516d23) Generated GUIDs only implemented for interfaces!
 -> (artifact id: 'bf370be6b27a4d067f928dccbeb0d668') in 0.133352 seconds
Number of updated asset objects reloaded before import = 0
Number of asset objects unloaded after import = 1
========================================================================
Received Import Request.
  Time since last request: 0.000219 seconds.
  path: Assets/Photon/PhotonLibs/WebSocket/WebSocket.jslib
  artifactKey: Guid(04bb5f307f2e48b4fbaa6da865fd4091) Importer(2089858483,0ecaa5967403d082aa24f35e1b516d23)
Start importing Assets/Photon/PhotonLibs/WebSocket/WebSocket.jslib using Guid(04bb5f307f2e48b4fbaa6da865fd4091) Importer(2089858483,0ecaa5967403d082aa24f35e1b516d23) Generated GUIDs only implemented for interfaces!
 -> (artifact id: 'affc7c25edddf847a4910ca2f5acb268') in 0.138733 seconds
Number of updated asset objects reloaded before import = 0
Number of asset objects unloaded after import = 1
========================================================================
Received Import Request.
  Time since last request: 0.000171 seconds.
  path: Assets/Photon/PhotonUnityNetworking/Code/PhotonNetworkPart.cs
  artifactKey: Guid(cbf2b3734a024f842bd50f8738feb400) Importer(2089858483,0ecaa5967403d082aa24f35e1b516d23)
Start importing Assets/Photon/PhotonUnityNetworking/Code/PhotonNetworkPart.cs using Guid(cbf2b3734a024f842bd50f8738feb400) Importer(2089858483,0ecaa5967403d082aa24f35e1b516d23) Generated GUIDs only implemented for interfaces!
 -> (artifact id: '619cf28cf8cfd39e74d9615a898b6b1d') in 0.073659 seconds
Number of updated asset objects reloaded before import = 0
Number of asset objects unloaded after import = 1
========================================================================
Received Import Request.
  Time since last request: 0.000166 seconds.
  path: Assets/Photon/PhotonUnityNetworking/Code/Enums.cs
  artifactKey: Guid(b7962bbdaba2a4940b1341d755abd40d) Importer(2089858483,0ecaa5967403d082aa24f35e1b516d23)
Start importing Assets/Photon/PhotonUnityNetworking/Code/Enums.cs using Guid(b7962bbdaba2a4940b1341d755abd40d) Importer(2089858483,0ecaa5967403d082aa24f35e1b516d23) Generated GUIDs only implemented for interfaces!
 -> (artifact id: 'b2752b56bf22f62baa02316f26b2a2ff') in 0.078397 seconds
Number of updated asset objects reloaded before import = 0
Number of asset objects unloaded after import = 1
========================================================================
Received Import Request.
  Time since last request: 0.000348 seconds.
  path: Assets/Photon/PhotonRealtime/Code/changes-realtime.txt
  artifactKey: Guid(530dcba8d8fbbc24a8894ca925cadd8a) Importer(2089858483,0ecaa5967403d082aa24f35e1b516d23)
Start importing Assets/Photon/PhotonRealtime/Code/changes-realtime.txt using Guid(530dcba8d8fbbc24a8894ca925cadd8a) Importer(2089858483,0ecaa5967403d082aa24f35e1b516d23) Generated GUIDs only implemented for interfaces!
 -> (artifact id: 'd4d2a23dddba14c75b7f325899b9a433') in 0.095178 seconds
Number of updated asset objects reloaded before import = 0
Number of asset objects unloaded after import = 1
========================================================================
Received Import Request.
  Time since last request: 0.000060 seconds.
  path: Assets/Photon/PhotonUnityNetworking/Code/PhotonHandler.cs
  artifactKey: Guid(177bddf229f8d8445a70c0652f03b7df) Importer(2089858483,0ecaa5967403d082aa24f35e1b516d23)
Start importing Assets/Photon/PhotonUnityNetworking/Code/PhotonHandler.cs using Guid(177bddf229f8d8445a70c0652f03b7df) Importer(2089858483,0ecaa5967403d082aa24f35e1b516d23) Generated GUIDs only implemented for interfaces!
 -> (artifact id: 'c0e41e969ad598535e0130ba474d69d8') in 0.016828 seconds
Number of updated asset objects reloaded before import = 0
Number of asset objects unloaded after import = 1
========================================================================
Received Import Request.
  Time since last request: 0.000161 seconds.
  path: Assets/Photon/PhotonUnityNetworking/Code/PhotonUnityNetworking.asmdef
  artifactKey: Guid(57c32fc907df0f54e8e6e8f0d2488336) Importer(2089858483,0ecaa5967403d082aa24f35e1b516d23)
Start importing Assets/Photon/PhotonUnityNetworking/Code/PhotonUnityNetworking.asmdef using Guid(57c32fc907df0f54e8e6e8f0d2488336) Importer(2089858483,0ecaa5967403d082aa24f35e1b516d23) Generated GUIDs only implemented for interfaces!
 -> (artifact id: '71c4c879e05449f846b49e9ffd480f34') in 0.027494 seconds
Number of updated asset objects reloaded before import = 0
Number of asset objects unloaded after import = 1
========================================================================
Received Import Request.
  Time since last request: 0.000066 seconds.
  path: Assets/Photon/PhotonRealtime/Code/WebRpc.cs
  artifactKey: Guid(294b0a24f6c841f48acf4bf696a4d764) Importer(2089858483,0ecaa5967403d082aa24f35e1b516d23)
Start importing Assets/Photon/PhotonRealtime/Code/WebRpc.cs using Guid(294b0a24f6c841f48acf4bf696a4d764) Importer(2089858483,0ecaa5967403d082aa24f35e1b516d23) Generated GUIDs only implemented for interfaces!
 -> (artifact id: 'd9a50016f0dd5b8be23d951fcec5ccd7') in 0.017445 seconds
Number of updated asset objects reloaded before import = 0
Number of asset objects unloaded after import = 1
========================================================================
Received Import Request.
  Time since last request: 0.000159 seconds.
  path: Assets/TextMesh Pro/Resources/LineBreaking Following Characters.txt
  artifactKey: Guid(fade42e8bc714b018fac513c043d323b) Importer(2089858483,0ecaa5967403d082aa24f35e1b516d23)
Start importing Assets/TextMesh Pro/Resources/LineBreaking Following Characters.txt using Guid(fade42e8bc714b018fac513c043d323b) Importer(2089858483,0ecaa5967403d082aa24f35e1b516d23) Generated GUIDs only implemented for interfaces!
 -> (artifact id: 'd325b3fb78f3bbeb25ec6a4de774fb65') in 0.017954 seconds
Number of updated asset objects reloaded before import = 0
Number of asset objects unloaded after import = 1
========================================================================
Received Import Request.
  Time since last request: 0.000215 seconds.
  path: Assets/Audio/HitSoundsV2 1/newhitsounds/grass2.mp3
  artifactKey: Guid(85ccf775eeccf07479ff6d7fa654354f) Importer(2089858483,0ecaa5967403d082aa24f35e1b516d23)
Start importing Assets/Audio/HitSoundsV2 1/newhitsounds/grass2.mp3 using Guid(85ccf775eeccf07479ff6d7fa654354f) Importer(2089858483,0ecaa5967403d082aa24f35e1b516d23) Generated GUIDs only implemented for interfaces!
 -> (artifact id: 'b68d910b65aec1b5a3b3aacd1d7e7f6a') in 0.062044 seconds
Number of updated asset objects reloaded before import = 0
Number of asset objects unloaded after import = 1
========================================================================
Received Import Request.
  Time since last request: 0.000075 seconds.
  path: Assets/Photon/PhotonChat/Code/ChatPeer.cs
  artifactKey: Guid(3f712805dec728943a668b3bf19dc422) Importer(2089858483,0ecaa5967403d082aa24f35e1b516d23)
Start importing Assets/Photon/PhotonChat/Code/ChatPeer.cs using Guid(3f712805dec728943a668b3bf19dc422) Importer(2089858483,0ecaa5967403d082aa24f35e1b516d23) Generated GUIDs only implemented for interfaces!
 -> (artifact id: 'b0441298d303a3979d940b279b95eb8c') in 0.022282 seconds
Number of updated asset objects reloaded before import = 0
Number of asset objects unloaded after import = 1
========================================================================
Received Import Request.
  Time since last request: 0.000116 seconds.
  path: Assets/XR/Settings/OpenXR Package Settings.asset
  artifactKey: Guid(125797b853a49324493a0f6b6c164c11) Importer(2089858483,0ecaa5967403d082aa24f35e1b516d23)
Start importing Assets/XR/Settings/OpenXR Package Settings.asset using Guid(125797b853a49324493a0f6b6c164c11) Importer(2089858483,0ecaa5967403d082aa24f35e1b516d23) Generated GUIDs only implemented for interfaces!
 -> (artifact id: '92dfa950b0b915ace064efc750fa0d9a') in 0.125962 seconds
Number of updated asset objects reloaded before import = 0
Number of asset objects unloaded after import = 1
========================================================================
Received Import Request.
  Time since last request: 0.000080 seconds.
  path: Assets/Photon/PhotonChat/Code/ChannelWellKnownProperties.cs
  artifactKey: Guid(5eb508ffb7b7b0f47882f0087a668283) Importer(2089858483,0ecaa5967403d082aa24f35e1b516d23)
Start importing Assets/Photon/PhotonChat/Code/ChannelWellKnownProperties.cs using Guid(5eb508ffb7b7b0f47882f0087a668283) Importer(2089858483,0ecaa5967403d082aa24f35e1b516d23) Generated GUIDs only implemented for interfaces!
 -> (artifact id: 'f06258d6a4fe97c79ac1eef537159d9f') in 0.020121 seconds
Number of updated asset objects reloaded before import = 0
Number of asset objects unloaded after import = 1
========================================================================
Received Import Request.
  Time since last request: 0.000163 seconds.
  path: Assets/Photon/PhotonUnityNetworking/Code/PhotonView.cs
  artifactKey: Guid(aa584fbee541324448dd18d8409c7a41) Importer(2089858483,0ecaa5967403d082aa24f35e1b516d23)
Start importing Assets/Photon/PhotonUnityNetworking/Code/PhotonView.cs using Guid(aa584fbee541324448dd18d8409c7a41) Importer(2089858483,0ecaa5967403d082aa24f35e1b516d23) Generated GUIDs only implemented for interfaces!
 -> (artifact id: 'c9931e1ba2098d038d3aa201ccdb93e5') in 0.017954 seconds
Number of updated asset objects reloaded before import = 0
Number of asset objects unloaded after import = 1
========================================================================
Received Import Request.
  Time since last request: 0.000151 seconds.
  path: Assets/PlayFabSDK/Shared/Editor/MakeSharedSettingsObj.cs
  artifactKey: Guid(3e92542860dab28489c3d9cc0baa1ebd) Importer(2089858483,0ecaa5967403d082aa24f35e1b516d23)
Start importing Assets/PlayFabSDK/Shared/Editor/MakeSharedSettingsObj.cs using Guid(3e92542860dab28489c3d9cc0baa1ebd) Importer(2089858483,0ecaa5967403d082aa24f35e1b516d23) Generated GUIDs only implemented for interfaces!
 -> (artifact id: '340e61a95fcd14dba71cdddd5f84420d') in 0.019003 seconds
Number of updated asset objects reloaded before import = 0
Number of asset objects unloaded after import = 1
========================================================================
Received Import Request.
  Time since last request: 0.000232 seconds.
  path: Assets/Photon/PhotonVoice/Code/UnityVoiceClient.cs
  artifactKey: Guid(697c1cda529a1419782f2a2e3afe37a2) Importer(2089858483,0ecaa5967403d082aa24f35e1b516d23)
Start importing Assets/Photon/PhotonVoice/Code/UnityVoiceClient.cs using Guid(697c1cda529a1419782f2a2e3afe37a2) Importer(2089858483,0ecaa5967403d082aa24f35e1b516d23) Generated GUIDs only implemented for interfaces!
 -> (artifact id: 'c5db205b178a367ef4bb9bf57a131407') in 0.022778 seconds
Number of updated asset objects reloaded before import = 0
Number of asset objects unloaded after import = 2
========================================================================
Received Import Request.
  Time since last request: 0.000030 seconds.
  path: Assets/Photon/PhotonVoice/PhotonVoiceLibs/WebRTC-LICENSE.txt
  artifactKey: Guid(ef80233b2cf177b4fb3e47af263e38b7) Importer(2089858483,0ecaa5967403d082aa24f35e1b516d23)
Start importing Assets/Photon/PhotonVoice/PhotonVoiceLibs/WebRTC-LICENSE.txt using Guid(ef80233b2cf177b4fb3e47af263e38b7) Importer(2089858483,0ecaa5967403d082aa24f35e1b516d23) Generated GUIDs only implemented for interfaces!
 -> (artifact id: 'eb1c15124cfc50672bd5f07d3b7bf0a4') in 0.029365 seconds
Number of updated asset objects reloaded before import = 0
Number of asset objects unloaded after import = 1
========================================================================
Received Import Request.
  Time since last request: 0.000098 seconds.
  path: Assets/Photon/PhotonVoice/Icons/voice-0256.png
  artifactKey: Guid(af506f004fd62e943a8f85ec4d965349) Importer(2089858483,0ecaa5967403d082aa24f35e1b516d23)
Start importing Assets/Photon/PhotonVoice/Icons/voice-0256.png using Guid(af506f004fd62e943a8f85ec4d965349) Importer(2089858483,0ecaa5967403d082aa24f35e1b516d23) Generated GUIDs only implemented for interfaces!
 -> (artifact id: 'f05caeba75cf90786aa420e759fd3fab') in 0.217272 seconds
Number of updated asset objects reloaded before import = 0
Number of asset objects unloaded after import = 1
========================================================================
Received Import Request.
  Time since last request: 0.000042 seconds.
  path: Assets/Photon/PhotonUnityNetworking/Demos/PhotonUnityNetworking.Demos.asmdef
  artifactKey: Guid(35cc2632df2760540bcc67312740008b) Importer(2089858483,0ecaa5967403d082aa24f35e1b516d23)
Start importing Assets/Photon/PhotonUnityNetworking/Demos/PhotonUnityNetworking.Demos.asmdef using Guid(35cc2632df2760540bcc67312740008b) Importer(2089858483,0ecaa5967403d082aa24f35e1b516d23) Generated GUIDs only implemented for interfaces!
 -> (artifact id: 'f1f99ba7e9a7e7088fe18591f541502c') in 0.161901 seconds
Number of updated asset objects reloaded before import = 0
Number of asset objects unloaded after import = 1
========================================================================
Received Import Request.
  Time since last request: 0.000167 seconds.
  path: Assets/Photon/PhotonVoice/Icons/voice-0512.png
  artifactKey: Guid(70b4b84a1839a3b499f6ea491403ebc4) Importer(2089858483,0ecaa5967403d082aa24f35e1b516d23)
Start importing Assets/Photon/PhotonVoice/Icons/voice-0512.png using Guid(70b4b84a1839a3b499f6ea491403ebc4) Importer(2089858483,0ecaa5967403d082aa24f35e1b516d23) Generated GUIDs only implemented for interfaces!
 -> (artifact id: 'd3ad2c5fcf314f50cd604da610e3c7ff') in 0.222531 seconds
Number of updated asset objects reloaded before import = 0
Number of asset objects unloaded after import = 1
========================================================================
Received Import Request.
  Time since last request: 0.000069 seconds.
  path: Assets/Photon/PhotonVoice/Code/VoiceComponent.cs
  artifactKey: Guid(96d5757a1c6c7b7419c431119f905d94) Importer(2089858483,0ecaa5967403d082aa24f35e1b516d23)
Start importing Assets/Photon/PhotonVoice/Code/VoiceComponent.cs using Guid(96d5757a1c6c7b7419c431119f905d94) Importer(2089858483,0ecaa5967403d082aa24f35e1b516d23) Generated GUIDs only implemented for interfaces!
 -> (artifact id: 'c978cb3e7b1da5fce922ea7321204acd') in 0.134879 seconds
Number of updated asset objects reloaded before import = 0
Number of asset objects unloaded after import = 2
========================================================================
Received Import Request.
  Time since last request: 0.000248 seconds.
  path: Assets/PlayFabSDK/Shared/Models/PlayFabSharedSettings.cs
  artifactKey: Guid(093286084a3d1994a9c28281a1c38b1d) Importer(2089858483,0ecaa5967403d082aa24f35e1b516d23)
Start importing Assets/PlayFabSDK/Shared/Models/PlayFabSharedSettings.cs using Guid(093286084a3d1994a9c28281a1c38b1d) Importer(2089858483,0ecaa5967403d082aa24f35e1b516d23) Generated GUIDs only implemented for interfaces!
 -> (artifact id: '00b8a6fd77c98555d6aef726874c4e21') in 0.135862 seconds
Number of updated asset objects reloaded before import = 0
Number of asset objects unloaded after import = 1
========================================================================
Received Import Request.
  Time since last request: 0.000145 seconds.
  path: Assets/Resources/PhotonVR/Assets/VRHand.fbx
  artifactKey: Guid(67aca31b40801f1418f672e25d5d4f2b) Importer(2089858483,0ecaa5967403d082aa24f35e1b516d23)
Start importing Assets/Resources/PhotonVR/Assets/VRHand.fbx using Guid(67aca31b40801f1418f672e25d5d4f2b) Importer(2089858483,0ecaa5967403d082aa24f35e1b516d23) Generated GUIDs only implemented for interfaces!
 -> (artifact id: '1182a96e33fba5a5def9f018ddc948aa') in 0.280500 seconds
Number of updated asset objects reloaded before import = 0
Number of asset objects unloaded after import = 8
========================================================================
Received Import Request.
  Time since last request: 0.000030 seconds.
  path: Assets/PlayFabSDK/Shared/Internal/Util.cs
  artifactKey: Guid(b3bfc0fbdbe1a36429699dfc30c9e488) Importer(2089858483,0ecaa5967403d082aa24f35e1b516d23)
Start importing Assets/PlayFabSDK/Shared/Internal/Util.cs using Guid(b3bfc0fbdbe1a36429699dfc30c9e488) Importer(2089858483,0ecaa5967403d082aa24f35e1b516d23) Generated GUIDs only implemented for interfaces!
 -> (artifact id: '15c7b1d36ba0c99342f9a2794c2f1592') in 0.018712 seconds
Number of updated asset objects reloaded before import = 0
Number of asset objects unloaded after import = 1
========================================================================
Received Import Request.
  Time since last request: 0.000126 seconds.
  path: Assets/Photon/PhotonVoice/Code/AudioChangesHandler.cs
  artifactKey: Guid(b7f95aa3c06eaa84bba4eafdedf12758) Importer(2089858483,0ecaa5967403d082aa24f35e1b516d23)
Start importing Assets/Photon/PhotonVoice/Code/AudioChangesHandler.cs using Guid(b7f95aa3c06eaa84bba4eafdedf12758) Importer(2089858483,0ecaa5967403d082aa24f35e1b516d23) Generated GUIDs only implemented for interfaces!
 -> (artifact id: 'edbac81097f9827998bfcb4df84f84e4') in 0.122549 seconds
Number of updated asset objects reloaded before import = 0
Number of asset objects unloaded after import = 2
========================================================================
Received Import Request.
  Time since last request: 0.000028 seconds.
  path: Assets/PlayFabSDK/Shared/Internal/SimpleJson.cs
  artifactKey: Guid(bce6184794650f24fa8ac244b25edc17) Importer(2089858483,0ecaa5967403d082aa24f35e1b516d23)
Start importing Assets/PlayFabSDK/Shared/Internal/SimpleJson.cs using Guid(bce6184794650f24fa8ac244b25edc17) Importer(2089858483,0ecaa5967403d082aa24f35e1b516d23) Generated GUIDs only implemented for interfaces!
 -> (artifact id: 'b79710c5ec1099ddd93d25e12c0f2256') in 0.201127 seconds
Number of updated asset objects reloaded before import = 0
Number of asset objects unloaded after import = 1
========================================================================
Received Import Request.
  Time since last request: 0.000110 seconds.
  path: Assets/Photon/PhotonVoice/PhotonVoiceApi/changes-voice-api.txt
  artifactKey: Guid(6a08a841172ea3c47904eb3a8b263816) Importer(2089858483,0ecaa5967403d082aa24f35e1b516d23)
Start importing Assets/Photon/PhotonVoice/PhotonVoiceApi/changes-voice-api.txt using Guid(6a08a841172ea3c47904eb3a8b263816) Importer(2089858483,0ecaa5967403d082aa24f35e1b516d23) Generated GUIDs only implemented for interfaces!
 -> (artifact id: '75d3782ab0515f69e65793a30f49903e') in 0.138842 seconds
Number of updated asset objects reloaded before import = 0
Number of asset objects unloaded after import = 1
========================================================================
Received Import Request.
  Time since last request: 0.000048 seconds.
  path: Assets/Texture2D/Materials/Brick or Concrete... Anything solid/Tiles 5.mat
  artifactKey: Guid(72b59d3c6df40ab49bde2c22c90b8ba2) Importer(2089858483,0ecaa5967403d082aa24f35e1b516d23)
Start importing Assets/Texture2D/Materials/Brick or Concrete... Anything solid/Tiles 5.mat using Guid(72b59d3c6df40ab49bde2c22c90b8ba2) Importer(2089858483,0ecaa5967403d082aa24f35e1b516d23) Generated GUIDs only implemented for interfaces!
 -> (artifact id: '580fa6585e14c7a6994a4e157ece3588') in 0.147274 seconds
Number of updated asset objects reloaded before import = 0
Number of asset objects unloaded after import = 2
========================================================================
Received Import Request.
  Time since last request: 0.000036 seconds.
  path: Assets/Texture2D/Materials/Brick or Concrete... Anything solid/Tiles 4.mat
  artifactKey: Guid(3b73a709e02600b4399fd6e6b4536240) Importer(2089858483,0ecaa5967403d082aa24f35e1b516d23)
Start importing Assets/Texture2D/Materials/Brick or Concrete... Anything solid/Tiles 4.mat using Guid(3b73a709e02600b4399fd6e6b4536240) Importer(2089858483,0ecaa5967403d082aa24f35e1b516d23) Generated GUIDs only implemented for interfaces!
 -> (artifact id: '3179a2fa423599d7481901585995f9c5') in 0.137055 seconds
Number of updated asset objects reloaded before import = 0
Number of asset objects unloaded after import = 2
========================================================================
Received Import Request.
  Time since last request: 0.000035 seconds.
  path: Assets/TextMesh Pro/Resources/Fonts & Materials/LiberationSans SDF - Outline.mat
  artifactKey: Guid(79459efec17a4d00a321bdcc27bbc385) Importer(2089858483,0ecaa5967403d082aa24f35e1b516d23)
Start importing Assets/TextMesh Pro/Resources/Fonts & Materials/LiberationSans SDF - Outline.mat using Guid(79459efec17a4d00a321bdcc27bbc385) Importer(2089858483,0ecaa5967403d082aa24f35e1b516d23) Generated GUIDs only implemented for interfaces!
 -> (artifact id: '1bbecc12b1821f020c0a0f6ebea148d9') in 0.343015 seconds
Number of updated asset objects reloaded before import = 0
Number of asset objects unloaded after import = 2
========================================================================
Received Import Request.
  Time since last request: 0.000180 seconds.
  path: Assets/Resources/PhotonVR/Assets/PhotonVRLogo.png
  artifactKey: Guid(4ba584fefdb18ee4b887d15b6f4055a0) Importer(2089858483,0ecaa5967403d082aa24f35e1b516d23)
Start importing Assets/Resources/PhotonVR/Assets/PhotonVRLogo.png using Guid(4ba584fefdb18ee4b887d15b6f4055a0) Importer(2089858483,0ecaa5967403d082aa24f35e1b516d23) Generated GUIDs only implemented for interfaces!
 -> (artifact id: '565bd8c0bf8cf38e25c3e4642fa6e7a9') in 0.133832 seconds
Number of updated asset objects reloaded before import = 0
Number of asset objects unloaded after import = 1
========================================================================
Received Import Request.
  Time since last request: 0.000277 seconds.
  path: Assets/PlayFabSDK/Shared/Public/PlayFabLogger.cs
  artifactKey: Guid(65702fe1cdebb8e4783afb157a614161) Importer(2089858483,0ecaa5967403d082aa24f35e1b516d23)
Start importing Assets/PlayFabSDK/Shared/Public/PlayFabLogger.cs using Guid(65702fe1cdebb8e4783afb157a614161) Importer(2089858483,0ecaa5967403d082aa24f35e1b516d23) Generated GUIDs only implemented for interfaces!
 -> (artifact id: 'c00703eb4ac21b509c138fd39645bd24') in 0.074537 seconds
Number of updated asset objects reloaded before import = 0
Number of asset objects unloaded after import = 1
========================================================================
Received Import Request.
  Time since last request: 0.000112 seconds.
  path: Assets/PlayFabSDK/Shared/Internal/PlayFabErrors.cs
  artifactKey: Guid(ed146f2193bb8ef49ad1200eefdab503) Importer(2089858483,0ecaa5967403d082aa24f35e1b516d23)
Start importing Assets/PlayFabSDK/Shared/Internal/PlayFabErrors.cs using Guid(ed146f2193bb8ef49ad1200eefdab503) Importer(2089858483,0ecaa5967403d082aa24f35e1b516d23) Generated GUIDs only implemented for interfaces!
 -> (artifact id: '80a12921caa0293822c0abbe0c9aa50b') in 0.126922 seconds
Number of updated asset objects reloaded before import = 0
Number of asset objects unloaded after import = 1
========================================================================
Received Import Request.
  Time since last request: 0.000119 seconds.
  path: Assets/Texture2D/Materials/Carpets/graycarpet 2.mat
  artifactKey: Guid(a77d71790a251d641b094aa04acea967) Importer(2089858483,0ecaa5967403d082aa24f35e1b516d23)
Start importing Assets/Texture2D/Materials/Carpets/graycarpet 2.mat using Guid(a77d71790a251d641b094aa04acea967) Importer(2089858483,0ecaa5967403d082aa24f35e1b516d23) Generated GUIDs only implemented for interfaces!
 -> (artifact id: '9e327feee7b11ec66168040d847438b4') in 0.260546 seconds
Number of updated asset objects reloaded before import = 0
Number of asset objects unloaded after import = 2
========================================================================
Received Import Request.
  Time since last request: 0.000081 seconds.
  path: Assets/Texture2D/Materials/Brick or Concrete... Anything solid/Tiles 6.mat
  artifactKey: Guid(fac826a95bd0f344baaec383f7238bb0) Importer(2089858483,0ecaa5967403d082aa24f35e1b516d23)
Start importing Assets/Texture2D/Materials/Brick or Concrete... Anything solid/Tiles 6.mat using Guid(fac826a95bd0f344baaec383f7238bb0) Importer(2089858483,0ecaa5967403d082aa24f35e1b516d23) Generated GUIDs only implemented for interfaces!
 -> (artifact id: 'ced9611e182bb2c4d6788a42b0964590') in 0.150457 seconds
Number of updated asset objects reloaded before import = 0
Number of asset objects unloaded after import = 2
========================================================================
Received Import Request.
  Time since last request: 0.000034 seconds.
  path: Assets/Texture2D/Materials/Carpets/graycarpet 1.mat
  artifactKey: Guid(4c69484497a567148a92994e6ad97278) Importer(2089858483,0ecaa5967403d082aa24f35e1b516d23)
Start importing Assets/Texture2D/Materials/Carpets/graycarpet 1.mat using Guid(4c69484497a567148a92994e6ad97278) Importer(2089858483,0ecaa5967403d082aa24f35e1b516d23) Generated GUIDs only implemented for interfaces!
 -> (artifact id: '38fc949fbaa7cc75e9cbdf71b5a62627') in 0.078948 seconds
Number of updated asset objects reloaded before import = 0
Number of asset objects unloaded after import = 2
========================================================================
Received Import Request.
  Time since last request: 0.000031 seconds.
  path: Assets/Texture2D/Materials/Brick or Concrete... Anything solid/Tiles.mat
  artifactKey: Guid(7f953c8ca1232544284d9dad5e8e7085) Importer(2089858483,0ecaa5967403d082aa24f35e1b516d23)
Start importing Assets/Texture2D/Materials/Brick or Concrete... Anything solid/Tiles.mat using Guid(7f953c8ca1232544284d9dad5e8e7085) Importer(2089858483,0ecaa5967403d082aa24f35e1b516d23) Generated GUIDs only implemented for interfaces!
 -> (artifact id: 'e1b2d75800fe69f5d8caf86b7dfa90f6') in 0.198174 seconds
Number of updated asset objects reloaded before import = 0
Number of asset objects unloaded after import = 2
========================================================================
Received Import Request.
  Time since last request: 0.000037 seconds.
  path: Assets/Texture2D/Materials/Carpets/graycarpet 3.mat
  artifactKey: Guid(e61cc3f247ded4f4385c70d68cda6de4) Importer(2089858483,0ecaa5967403d082aa24f35e1b516d23)
Start importing Assets/Texture2D/Materials/Carpets/graycarpet 3.mat using Guid(e61cc3f247ded4f4385c70d68cda6de4) Importer(2089858483,0ecaa5967403d082aa24f35e1b516d23) Generated GUIDs only implemented for interfaces!
 -> (artifact id: '1e1e78eaeb9f3bb6a8fad21da4bde549') in 0.080346 seconds
Number of updated asset objects reloaded before import = 0
Number of asset objects unloaded after import = 2
========================================================================
Received Import Request.
  Time since last request: 0.000042 seconds.
  path: Assets/Resources/PhotonVR/Assets/VRHead.fbx
  artifactKey: Guid(ad30dc9b650bf1443a0b7de9dbb247c2) Importer(2089858483,0ecaa5967403d082aa24f35e1b516d23)
Start importing Assets/Resources/PhotonVR/Assets/VRHead.fbx using Guid(ad30dc9b650bf1443a0b7de9dbb247c2) Importer(2089858483,0ecaa5967403d082aa24f35e1b516d23) Generated GUIDs only implemented for interfaces!
 -> (artifact id: '1b7ac8b30ba195704ef333336d8f95ba') in 0.149941 seconds
Number of updated asset objects reloaded before import = 0
Number of asset objects unloaded after import = 8
========================================================================
Received Import Request.
  Time since last request: 0.000037 seconds.
  path: Assets/XRI/Settings/Resources/InteractionLayerSettings.asset
  artifactKey: Guid(3a4611159a3c0484da991b7f13e2cf65) Importer(2089858483,0ecaa5967403d082aa24f35e1b516d23)
Start importing Assets/XRI/Settings/Resources/InteractionLayerSettings.asset using Guid(3a4611159a3c0484da991b7f13e2cf65) Importer(2089858483,0ecaa5967403d082aa24f35e1b516d23) Generated GUIDs only implemented for interfaces!
 -> (artifact id: 'd6566b950864b82fd2d3111863209fc7') in 0.142123 seconds
Number of updated asset objects reloaded before import = 0
Number of asset objects unloaded after import = 1
========================================================================
Received Import Request.
  Time since last request: 0.000051 seconds.
  path: Assets/PlayFabSDK/Shared/Editor/PlayFabHelp.cs
  artifactKey: Guid(e51e733dabbc847fa839b19c01bc577c) Importer(2089858483,0ecaa5967403d082aa24f35e1b516d23)
Start importing Assets/PlayFabSDK/Shared/Editor/PlayFabHelp.cs using Guid(e51e733dabbc847fa839b19c01bc577c) Importer(2089858483,0ecaa5967403d082aa24f35e1b516d23) Generated GUIDs only implemented for interfaces!
 -> (artifact id: '1ba68fc056a7e1f34f7e9ebdb528feb3') in 0.015932 seconds
Number of updated asset objects reloaded before import = 0
Number of asset objects unloaded after import = 1
========================================================================
Received Import Request.
  Time since last request: 0.000123 seconds.
  path: Assets/PlayFabSDK/Shared/Public/PlayFabEvents.cs
  artifactKey: Guid(059603d7e53649849b7f08d3b99af79c) Importer(2089858483,0ecaa5967403d082aa24f35e1b516d23)
Start importing Assets/PlayFabSDK/Shared/Public/PlayFabEvents.cs using Guid(059603d7e53649849b7f08d3b99af79c) Importer(2089858483,0ecaa5967403d082aa24f35e1b516d23) Generated GUIDs only implemented for interfaces!
 -> (artifact id: '01974167626e0ce14708ebae331aae00') in 0.057017 seconds
Number of updated asset objects reloaded before import = 0
Number of asset objects unloaded after import = 1
========================================================================
Received Import Request.
  Time since last request: 0.000028 seconds.
  path: Assets/Texture2D/Materials/Woods/Crate.mat
  artifactKey: Guid(904e7a8b07956b24686367dcc942a522) Importer(2089858483,0ecaa5967403d082aa24f35e1b516d23)
Start importing Assets/Texture2D/Materials/Woods/Crate.mat using Guid(904e7a8b07956b24686367dcc942a522) Importer(2089858483,0ecaa5967403d082aa24f35e1b516d23) Generated GUIDs only implemented for interfaces!
 -> (artifact id: '0bd7e330af5a1697c879d4c5792619ed') in 0.148245 seconds
Number of updated asset objects reloaded before import = 0
Number of asset objects unloaded after import = 2
========================================================================
Received Import Request.
  Time since last request: 0.000036 seconds.
  path: Assets/Texture2D/Materials/Brick or Concrete... Anything solid/Tiles 1.mat
  artifactKey: Guid(010ceb426a822cb4da62285f1cd2f43b) Importer(2089858483,0ecaa5967403d082aa24f35e1b516d23)
Start importing Assets/Texture2D/Materials/Brick or Concrete... Anything solid/Tiles 1.mat using Guid(010ceb426a822cb4da62285f1cd2f43b) Importer(2089858483,0ecaa5967403d082aa24f35e1b516d23) Generated GUIDs only implemented for interfaces!
 -> (artifact id: '609578395978d79ad0bb01a4fd3aaa96') in 0.133468 seconds
Number of updated asset objects reloaded before import = 0
Number of asset objects unloaded after import = 2
========================================================================
Received Import Request.
  Time since last request: 0.000056 seconds.
  path: Assets/Ultimate 10 Plus Shaders/Materials/Textures/noise2.png
  artifactKey: Guid(fccc6818be225674382d96933708d421) Importer(2089858483,0ecaa5967403d082aa24f35e1b516d23)
Start importing Assets/Ultimate 10 Plus Shaders/Materials/Textures/noise2.png using Guid(fccc6818be225674382d96933708d421) Importer(2089858483,0ecaa5967403d082aa24f35e1b516d23) Generated GUIDs only implemented for interfaces!
 -> (artifact id: '94461635eb8cec90d8a6f94fa901fc40') in 0.473170 seconds
Number of updated asset objects reloaded before import = 0
Number of asset objects unloaded after import = 1
========================================================================
Received Import Request.
  Time since last request: 0.000151 seconds.
  path: Assets/PlayFabSDK/Shared/Models/SharedModels.cs
  artifactKey: Guid(8e2ad5324972b434883785ddddf9c851) Importer(2089858483,0ecaa5967403d082aa24f35e1b516d23)
Start importing Assets/PlayFabSDK/Shared/Models/SharedModels.cs using Guid(8e2ad5324972b434883785ddddf9c851) Importer(2089858483,0ecaa5967403d082aa24f35e1b516d23) Generated GUIDs only implemented for interfaces!
 -> (artifact id: 'c742947ff386ef92e4ce1d3c697e87cf') in 0.144986 seconds
Number of updated asset objects reloaded before import = 0
Number of asset objects unloaded after import = 1
========================================================================
Received Import Request.
  Time since last request: 0.000225 seconds.
  path: Assets/Photon/PhotonUnityNetworking/Code/Editor/CopyIconPro.png
  artifactKey: Guid(81b8e0c5ffa3345b7aa3af3a2c0257ce) Importer(2089858483,0ecaa5967403d082aa24f35e1b516d23)
Start importing Assets/Photon/PhotonUnityNetworking/Code/Editor/CopyIconPro.png using Guid(81b8e0c5ffa3345b7aa3af3a2c0257ce) Importer(2089858483,0ecaa5967403d082aa24f35e1b516d23) Generated GUIDs only implemented for interfaces!
 -> (artifact id: 'd6213885bf141b457d5a27a3e4b6d794') in 0.214649 seconds
Number of updated asset objects reloaded before import = 0
Number of asset objects unloaded after import = 1
========================================================================
Received Import Request.
  Time since last request: 0.000041 seconds.
  path: Assets/Photon/PhotonChat/Demos/DemoChat/FriendItem.cs
  artifactKey: Guid(660b16ba396d0465b98be14947420288) Importer(2089858483,0ecaa5967403d082aa24f35e1b516d23)
Start importing Assets/Photon/PhotonChat/Demos/DemoChat/FriendItem.cs using Guid(660b16ba396d0465b98be14947420288) Importer(2089858483,0ecaa5967403d082aa24f35e1b516d23) Generated GUIDs only implemented for interfaces!
 -> (artifact id: '8aae507dd2a3d1f21a4b7de47052b761') in 0.138890 seconds
Number of updated asset objects reloaded before import = 0
Number of asset objects unloaded after import = 1
========================================================================
Received Import Request.
  Time since last request: 0.000131 seconds.
  path: Assets/Photon/PhotonChat/Demos/DemoChat/DemoChat-Scene.unity
  artifactKey: Guid(ec07267f6a28fb044ac89845274e79af) Importer(2089858483,0ecaa5967403d082aa24f35e1b516d23)
Start importing Assets/Photon/PhotonChat/Demos/DemoChat/DemoChat-Scene.unity using Guid(ec07267f6a28fb044ac89845274e79af) Importer(2089858483,0ecaa5967403d082aa24f35e1b516d23) Generated GUIDs only implemented for interfaces!
 -> (artifact id: '3facd6cba9c43788387f8a5a641a66d0') in 0.015223 seconds
Number of updated asset objects reloaded before import = 0
Number of asset objects unloaded after import = 1
========================================================================
Received Import Request.
  Time since last request: 0.000152 seconds.
  path: Assets/Photon/PhotonChat/Demos/Common/TextButtonTransition.cs
  artifactKey: Guid(060fe8295761a47268586d33ef5673e0) Importer(2089858483,0ecaa5967403d082aa24f35e1b516d23)
Start importing Assets/Photon/PhotonChat/Demos/Common/TextButtonTransition.cs using Guid(060fe8295761a47268586d33ef5673e0) Importer(2089858483,0ecaa5967403d082aa24f35e1b516d23) Generated GUIDs only implemented for interfaces!
 -> (artifact id: 'b85b0453d75f9eec4fa6143af1c5d7bb') in 0.072677 seconds
Number of updated asset objects reloaded before import = 0
Number of asset objects unloaded after import = 1
========================================================================
Received Import Request.
  Time since last request: 0.000234 seconds.
  path: Assets/Photon/PhotonChat/Demos/DemoChat/AppSettingsExtensions.cs
  artifactKey: Guid(4fcf4818ecc9abf4e9b7e0c37af9b851) Importer(2089858483,0ecaa5967403d082aa24f35e1b516d23)
Start importing Assets/Photon/PhotonChat/Demos/DemoChat/AppSettingsExtensions.cs using Guid(4fcf4818ecc9abf4e9b7e0c37af9b851) Importer(2089858483,0ecaa5967403d082aa24f35e1b516d23) Generated GUIDs only implemented for interfaces!
 -> (artifact id: '80e878a423b83b1f0498d5c9559f5a18') in 0.082887 seconds
Number of updated asset objects reloaded before import = 0
Number of asset objects unloaded after import = 1
========================================================================
Received Import Request.
  Time since last request: 0.000234 seconds.
  path: Assets/Photon/PhotonUnityNetworking/Code/Editor/CopyIcon.png
  artifactKey: Guid(d1228d93299ce47a8a5ac1a33513aeaf) Importer(2089858483,0ecaa5967403d082aa24f35e1b516d23)
Start importing Assets/Photon/PhotonUnityNetworking/Code/Editor/CopyIcon.png using Guid(d1228d93299ce47a8a5ac1a33513aeaf) Importer(2089858483,0ecaa5967403d082aa24f35e1b516d23) Generated GUIDs only implemented for interfaces!
 -> (artifact id: '1f2a1024d5a3ec87339d37b52a561686') in 0.148247 seconds
Number of updated asset objects reloaded before import = 0
Number of asset objects unloaded after import = 1
========================================================================
Received Import Request.
  Time since last request: 0.000077 seconds.
  path: Assets/Photon/PhotonChat/Demos/DemoChat/ChatAppIdCheckerUI.cs
  artifactKey: Guid(4eb1284704a754507acb17b07b888086) Importer(2089858483,0ecaa5967403d082aa24f35e1b516d23)
Start importing Assets/Photon/PhotonChat/Demos/DemoChat/ChatAppIdCheckerUI.cs using Guid(4eb1284704a754507acb17b07b888086) Importer(2089858483,0ecaa5967403d082aa24f35e1b516d23) Generated GUIDs only implemented for interfaces!
 -> (artifact id: '52e687bece76801c67d471c2f0b9b039') in 0.076209 seconds
Number of updated asset objects reloaded before import = 0
Number of asset objects unloaded after import = 1
========================================================================
Received Import Request.
  Time since last request: 0.000315 seconds.
  path: Assets/Photon/PhotonUnityNetworking/Code/Editor/ServerSettingsInspector.cs
  artifactKey: Guid(21239ba77ac4b534f958e8617ef13ede) Importer(2089858483,0ecaa5967403d082aa24f35e1b516d23)
Start importing Assets/Photon/PhotonUnityNetworking/Code/Editor/ServerSettingsInspector.cs using Guid(21239ba77ac4b534f958e8617ef13ede) Importer(2089858483,0ecaa5967403d082aa24f35e1b516d23) Generated GUIDs only implemented for interfaces!
 -> (artifact id: '2528fa1197afb6c7a475221337c5426a') in 0.075621 seconds
Number of updated asset objects reloaded before import = 0
Number of asset objects unloaded after import = 1
========================================================================
Received Import Request.
  Time since last request: 0.000186 seconds.
  path: Assets/Photon/PhotonUnityNetworking/Code/Editor/PunGradient.png
  artifactKey: Guid(1faa1cf0448470c4ebbb23b97759ab50) Importer(2089858483,0ecaa5967403d082aa24f35e1b516d23)
Start importing Assets/Photon/PhotonUnityNetworking/Code/Editor/PunGradient.png using Guid(1faa1cf0448470c4ebbb23b97759ab50) Importer(2089858483,0ecaa5967403d082aa24f35e1b516d23) Generated GUIDs only implemented for interfaces!
 -> (artifact id: '5f5f2fdae34bf70705aabddfedaa40c7') in 0.052099 seconds
Number of updated asset objects reloaded before import = 0
Number of asset objects unloaded after import = 1
========================================================================
Received Import Request.
  Time since last request: 0.000042 seconds.
  path: Assets/Photon/PhotonUnityNetworking/Code/Views/PhotonRigidbody2DView.cs
  artifactKey: Guid(0e7cb724808c322458aa4d15f5035fa9) Importer(2089858483,0ecaa5967403d082aa24f35e1b516d23)
Start importing Assets/Photon/PhotonUnityNetworking/Code/Views/PhotonRigidbody2DView.cs using Guid(0e7cb724808c322458aa4d15f5035fa9) Importer(2089858483,0ecaa5967403d082aa24f35e1b516d23) Generated GUIDs only implemented for interfaces!
 -> (artifact id: '2f09783e42c69a9cc41c6d625373d503') in 0.157603 seconds
Number of updated asset objects reloaded before import = 0
Number of asset objects unloaded after import = 1
========================================================================
Received Import Request.
  Time since last request: 0.000059 seconds.
  path: Assets/Photon/PhotonUnityNetworking/Code/Views/PhotonRigidbodyView.cs
  artifactKey: Guid(64179f3720bbfe947b7724caa67b7c1d) Importer(2089858483,0ecaa5967403d082aa24f35e1b516d23)
Start importing Assets/Photon/PhotonUnityNetworking/Code/Views/PhotonRigidbodyView.cs using Guid(64179f3720bbfe947b7724caa67b7c1d) Importer(2089858483,0ecaa5967403d082aa24f35e1b516d23) Generated GUIDs only implemented for interfaces!
 -> (artifact id: '11f6c95e68d924eec0ea02399e9eeb90') in 0.385754 seconds
Number of updated asset objects reloaded before import = 0
Number of asset objects unloaded after import = 1
========================================================================
Received Import Request.
  Time since last request: 0.000263 seconds.
  path: Assets/Photon/PhotonUnityNetworking/Demos/PunCockpit/PunCockpit.cs
  artifactKey: Guid(f65282626d77d47738989d339cb4f3ff) Importer(2089858483,0ecaa5967403d082aa24f35e1b516d23)
Start importing Assets/Photon/PhotonUnityNetworking/Demos/PunCockpit/PunCockpit.cs using Guid(f65282626d77d47738989d339cb4f3ff) Importer(2089858483,0ecaa5967403d082aa24f35e1b516d23) Generated GUIDs only implemented for interfaces!
 -> (artifact id: '0693de85c62c1ddfe47dc2f3cb0aa4e8') in 0.148541 seconds
Number of updated asset objects reloaded before import = 0
Number of asset objects unloaded after import = 1
========================================================================
Received Import Request.
  Time since last request: 0.000037 seconds.
  path: Assets/Photon/PhotonUnityNetworking/Demos/DemoProcedural/Procedural-Scene.unity
  artifactKey: Guid(e1fad393017993c4893877b645062417) Importer(2089858483,0ecaa5967403d082aa24f35e1b516d23)
Start importing Assets/Photon/PhotonUnityNetworking/Demos/DemoProcedural/Procedural-Scene.unity using Guid(e1fad393017993c4893877b645062417) Importer(2089858483,0ecaa5967403d082aa24f35e1b516d23) Generated GUIDs only implemented for interfaces!
 -> (artifact id: 'c3001797c835227bd1ccc2e9e9123611') in 0.081577 seconds
Number of updated asset objects reloaded before import = 0
Number of asset objects unloaded after import = 1
========================================================================
Received Import Request.
  Time since last request: 0.000116 seconds.
  path: Assets/Photon/PhotonUnityNetworking/Demos/DemoSlotRacer/SlotCar-Scene.unity
  artifactKey: Guid(711b38c07f2cf904f81b3422c67f1825) Importer(2089858483,0ecaa5967403d082aa24f35e1b516d23)
Start importing Assets/Photon/PhotonUnityNetworking/Demos/DemoSlotRacer/SlotCar-Scene.unity using Guid(711b38c07f2cf904f81b3422c67f1825) Importer(2089858483,0ecaa5967403d082aa24f35e1b516d23) Generated GUIDs only implemented for interfaces!
 -> (artifact id: 'a2dec7c5d1d8d36a8d2ccc9ac2516e2c') in 0.081200 seconds
Number of updated asset objects reloaded before import = 0
Number of asset objects unloaded after import = 1
========================================================================
Received Import Request.
  Time since last request: 0.000304 seconds.
  path: Assets/Photon/PhotonUnityNetworking/Code/Views/PhotonAnimatorView.cs
  artifactKey: Guid(9b8c4a61274f60b4ea5fb4299cfdbf14) Importer(2089858483,0ecaa5967403d082aa24f35e1b516d23)
Start importing Assets/Photon/PhotonUnityNetworking/Code/Views/PhotonAnimatorView.cs using Guid(9b8c4a61274f60b4ea5fb4299cfdbf14) Importer(2089858483,0ecaa5967403d082aa24f35e1b516d23) Generated GUIDs only implemented for interfaces!
 -> (artifact id: 'd6eb0e3149eb05aacb40266a04b044ac') in 0.139913 seconds
Number of updated asset objects reloaded before import = 0
Number of asset objects unloaded after import = 1
========================================================================
Received Import Request.
  Time since last request: 0.000157 seconds.
  path: Assets/Photon/PhotonUnityNetworking/Code/Editor/PunSceneSettingsFile.asset
  artifactKey: Guid(d0aacb83307022d449e90a09d28222ae) Importer(2089858483,0ecaa5967403d082aa24f35e1b516d23)
Start importing Assets/Photon/PhotonUnityNetworking/Code/Editor/PunSceneSettingsFile.asset using Guid(d0aacb83307022d449e90a09d28222ae) Importer(2089858483,0ecaa5967403d082aa24f35e1b516d23) Generated GUIDs only implemented for interfaces!
 -> (artifact id: 'f770ee95a6e2231bc9c42ecd4b34c4b4') in 0.140390 seconds
Number of updated asset objects reloaded before import = 0
Number of asset objects unloaded after import = 1
========================================================================
Received Import Request.
  Time since last request: 0.000232 seconds.
  path: Assets/Resources/PhotonVR/Prefabs/PhotonVRManager.prefab
  artifactKey: Guid(9a96d92a6323f334898658a3f67f13fc) Importer(2089858483,0ecaa5967403d082aa24f35e1b516d23)
Start importing Assets/Resources/PhotonVR/Prefabs/PhotonVRManager.prefab using Guid(9a96d92a6323f334898658a3f67f13fc) Importer(2089858483,0ecaa5967403d082aa24f35e1b516d23) Generated GUIDs only implemented for interfaces!
 -> (artifact id: 'de65a9c31885613621c0ed8c33c22dc3') in 0.214198 seconds
Number of updated asset objects reloaded before import = 0
Number of asset objects unloaded after import = 5
========================================================================
Received Import Request.
  Time since last request: 0.000068 seconds.
  path: Assets/Photon/PhotonUnityNetworking/UtilityScripts/Debugging/PhotonStatsGui.cs
  artifactKey: Guid(d06466c03d263624786afa88b52928b6) Importer(2089858483,0ecaa5967403d082aa24f35e1b516d23)
Start importing Assets/Photon/PhotonUnityNetworking/UtilityScripts/Debugging/PhotonStatsGui.cs using Guid(d06466c03d263624786afa88b52928b6) Importer(2089858483,0ecaa5967403d082aa24f35e1b516d23) Generated GUIDs only implemented for interfaces!
 -> (artifact id: '80970bdab7c31a44c10bf5107250c796') in 0.215772 seconds
Number of updated asset objects reloaded before import = 0
Number of asset objects unloaded after import = 1
========================================================================
Received Import Request.
  Time since last request: 0.000079 seconds.
  path: Assets/Photon/PhotonUnityNetworking/UtilityScripts/Prototyping/OnClickInstantiate.cs
  artifactKey: Guid(9b79a9b62449de940a073364858c3f9b) Importer(2089858483,0ecaa5967403d082aa24f35e1b516d23)
Start importing Assets/Photon/PhotonUnityNetworking/UtilityScripts/Prototyping/OnClickInstantiate.cs using Guid(9b79a9b62449de940a073364858c3f9b) Importer(2089858483,0ecaa5967403d082aa24f35e1b516d23) Generated GUIDs only implemented for interfaces!
 -> (artifact id: '6c5ade3c1f348297d2072200455af887') in 0.079746 seconds
Number of updated asset objects reloaded before import = 0
Number of asset objects unloaded after import = 1
========================================================================
Received Import Request.
  Time since last request: 0.000134 seconds.
  path: Assets/Photon/PhotonUnityNetworking/UtilityScripts/Prototyping/ConnectAndJoinRandom.cs
  artifactKey: Guid(5c1b84a427010e0469ce0df07ab64dbc) Importer(2089858483,0ecaa5967403d082aa24f35e1b516d23)
Start importing Assets/Photon/PhotonUnityNetworking/UtilityScripts/Prototyping/ConnectAndJoinRandom.cs using Guid(5c1b84a427010e0469ce0df07ab64dbc) Importer(2089858483,0ecaa5967403d082aa24f35e1b516d23) Generated GUIDs only implemented for interfaces!
 -> (artifact id: '07de97ba97f7bc4c73a4b9a9f6138c00') in 0.071667 seconds
Number of updated asset objects reloaded before import = 0
Number of asset objects unloaded after import = 1
========================================================================
Received Import Request.
  Time since last request: 0.000888 seconds.
  path: Assets/Photon/PhotonUnityNetworking/UtilityScripts/Prototyping/OnEscapeQuit.cs
  artifactKey: Guid(1fbabafd914a48f4eb6108d8d8f43d29) Importer(2089858483,0ecaa5967403d082aa24f35e1b516d23)
Start importing Assets/Photon/PhotonUnityNetworking/UtilityScripts/Prototyping/OnEscapeQuit.cs using Guid(1fbabafd914a48f4eb6108d8d8f43d29) Importer(2089858483,0ecaa5967403d082aa24f35e1b516d23) Generated GUIDs only implemented for interfaces!
 -> (artifact id: '6398662cc2e497ab9a578315a93e76fd') in 0.217977 seconds
Number of updated asset objects reloaded before import = 0
Number of asset objects unloaded after import = 1
========================================================================
Received Import Request.
  Time since last request: 0.000511 seconds.
  path: Assets/Photon/PhotonVoice/PhotonVoiceLibs/opus-COPYING
  artifactKey: Guid(792c3af1ae888aa4396277e98fc6b996) Importer(2089858483,0ecaa5967403d082aa24f35e1b516d23)
Start importing Assets/Photon/PhotonVoice/PhotonVoiceLibs/opus-COPYING using Guid(792c3af1ae888aa4396277e98fc6b996) Importer(2089858483,0ecaa5967403d082aa24f35e1b516d23) Generated GUIDs only implemented for interfaces!
 -> (artifact id: 'e0ef4739f9eddd4a194f555d9d9ea44b') in 0.262506 seconds
Number of updated asset objects reloaded before import = 0
Number of asset objects unloaded after import = 1
========================================================================
Received Import Request.
  Time since last request: 0.000175 seconds.
  path: Assets/Photon/PhotonVoice/Code/Editor/PhotonVoice.Editor.asmdef
  artifactKey: Guid(ae8024269c736ee49ba1179cb00214e5) Importer(2089858483,0ecaa5967403d082aa24f35e1b516d23)
Start importing Assets/Photon/PhotonVoice/Code/Editor/PhotonVoice.Editor.asmdef using Guid(ae8024269c736ee49ba1179cb00214e5) Importer(2089858483,0ecaa5967403d082aa24f35e1b516d23) Generated GUIDs only implemented for interfaces!
 -> (artifact id: 'c0ee250f1bce5583b8120321fe10ff20') in 0.136209 seconds
Number of updated asset objects reloaded before import = 0
Number of asset objects unloaded after import = 1
========================================================================
Received Import Request.
  Time since last request: 0.000124 seconds.
  path: Assets/Photon/PhotonUnityNetworking/UtilityScripts/UI/EventSystemSpawner.cs
  artifactKey: Guid(68187d3cf4c8746aaa64930f1a766a38) Importer(2089858483,0ecaa5967403d082aa24f35e1b516d23)
Start importing Assets/Photon/PhotonUnityNetworking/UtilityScripts/UI/EventSystemSpawner.cs using Guid(68187d3cf4c8746aaa64930f1a766a38) Importer(2089858483,0ecaa5967403d082aa24f35e1b516d23) Generated GUIDs only implemented for interfaces!
 -> (artifact id: 'dafec6b86dce3d19b0f9c3932835bb49') in 0.076383 seconds
Number of updated asset objects reloaded before import = 0
Number of asset objects unloaded after import = 1
========================================================================
Received Import Request.
  Time since last request: 0.000122 seconds.
  path: Assets/Photon/PhotonUnityNetworking/UtilityScripts/UI/TextButtonTransition.cs
  artifactKey: Guid(9d234639538a34b8d9e3cc6362a7afd0) Importer(2089858483,0ecaa5967403d082aa24f35e1b516d23)
Start importing Assets/Photon/PhotonUnityNetworking/UtilityScripts/UI/TextButtonTransition.cs using Guid(9d234639538a34b8d9e3cc6362a7afd0) Importer(2089858483,0ecaa5967403d082aa24f35e1b516d23) Generated GUIDs only implemented for interfaces!
 -> (artifact id: '582e935ed4e6e6a19afedc58efa7f0f7') in 0.133642 seconds
Number of updated asset objects reloaded before import = 0
Number of asset objects unloaded after import = 1
========================================================================
Received Import Request.
  Time since last request: 0.000202 seconds.
  path: Assets/Photon/PhotonVoice/Code/Editor/SpeakerEditor.cs
  artifactKey: Guid(10964642c52ad634da4de24866140e2d) Importer(2089858483,0ecaa5967403d082aa24f35e1b516d23)
Start importing Assets/Photon/PhotonVoice/Code/Editor/SpeakerEditor.cs using Guid(10964642c52ad634da4de24866140e2d) Importer(2089858483,0ecaa5967403d082aa24f35e1b516d23) Generated GUIDs only implemented for interfaces!
 -> (artifact id: 'ecd9e84127912f22d06f7b5f3d52c72b') in 0.177933 seconds
Number of updated asset objects reloaded before import = 0
Number of asset objects unloaded after import = 1
========================================================================
Received Import Request.
  Time since last request: 0.000144 seconds.
  path: Assets/Photon/PhotonVoice/Code/PhotonVoice.asmdef
  artifactKey: Guid(b59fae9c7ebc1574e8690f2570b29d6f) Importer(2089858483,0ecaa5967403d082aa24f35e1b516d23)
Start importing Assets/Photon/PhotonVoice/Code/PhotonVoice.asmdef using Guid(b59fae9c7ebc1574e8690f2570b29d6f) Importer(2089858483,0ecaa5967403d082aa24f35e1b516d23) Generated GUIDs only implemented for interfaces!
 -> (artifact id: 'ff4b7cc92ae8bcc2efdfbf2c2f3ff136') in 0.234032 seconds
Number of updated asset objects reloaded before import = 0
Number of asset objects unloaded after import = 1
========================================================================
Received Import Request.
  Time since last request: 0.000100 seconds.
  path: Assets/Photon/PhotonVoice/Code/Fusion/VoiceNetworkObject.cs
  artifactKey: Guid(6376dd7fc23b3764483a7349b58502e2) Importer(2089858483,0ecaa5967403d082aa24f35e1b516d23)
Start importing Assets/Photon/PhotonVoice/Code/Fusion/VoiceNetworkObject.cs using Guid(6376dd7fc23b3764483a7349b58502e2) Importer(2089858483,0ecaa5967403d082aa24f35e1b516d23) Generated GUIDs only implemented for interfaces!
 -> (artifact id: '7c6355eec763cfcdaf175373b42402d7') in 0.216056 seconds
Number of updated asset objects reloaded before import = 0
Number of asset objects unloaded after import = 1
========================================================================
Received Import Request.
  Time since last request: 0.000266 seconds.
  path: Assets/Photon/PhotonVoice/Code/FMOD/FMODRecorderSetup.cs
  artifactKey: Guid(a5d4e59b53df458439d7efe3de1f557e) Importer(2089858483,0ecaa5967403d082aa24f35e1b516d23)
Start importing Assets/Photon/PhotonVoice/Code/FMOD/FMODRecorderSetup.cs using Guid(a5d4e59b53df458439d7efe3de1f557e) Importer(2089858483,0ecaa5967403d082aa24f35e1b516d23) Generated GUIDs only implemented for interfaces!
 -> (artifact id: 'd84b7f7457bf16033c8a517f004bc3fb') in 0.133377 seconds
Number of updated asset objects reloaded before import = 0
Number of asset objects unloaded after import = 1
========================================================================
Received Import Request.
  Time since last request: 0.000138 seconds.
  path: Assets/Photon/PhotonVoice/Code/Fusion/PhotonVoice.Fusion.asmdef
  artifactKey: Guid(415d649162855d948bfd44d8c5f1e7a2) Importer(2089858483,0ecaa5967403d082aa24f35e1b516d23)
Start importing Assets/Photon/PhotonVoice/Code/Fusion/PhotonVoice.Fusion.asmdef using Guid(415d649162855d948bfd44d8c5f1e7a2) Importer(2089858483,0ecaa5967403d082aa24f35e1b516d23) Generated GUIDs only implemented for interfaces!
 -> (artifact id: 'e2b258b23dfe4696d1d298342549f98b') in 0.085315 seconds
Number of updated asset objects reloaded before import = 0
Number of asset objects unloaded after import = 1
========================================================================
Received Import Request.
  Time since last request: 0.000038 seconds.
  path: Assets/Photon/PhotonVoice/Code/UtilityScripts/PhotonVoiceLagSimulationGui.cs
  artifactKey: Guid(28c5a759338295941af2080959c92312) Importer(2089858483,0ecaa5967403d082aa24f35e1b516d23)
Start importing Assets/Photon/PhotonVoice/Code/UtilityScripts/PhotonVoiceLagSimulationGui.cs using Guid(28c5a759338295941af2080959c92312) Importer(2089858483,0ecaa5967403d082aa24f35e1b516d23) Generated GUIDs only implemented for interfaces!
 -> (artifact id: '192a7bd3537105c21c3f3f7bad26777f') in 0.151174 seconds
Number of updated asset objects reloaded before import = 0
Number of asset objects unloaded after import = 2
========================================================================
Received Import Request.
  Time since last request: 0.000049 seconds.
  path: Assets/Photon/PhotonVoice/Code/PUN/PhotonVoiceView.cs
  artifactKey: Guid(126494ae2a10a34499272ed97a6c9f5d) Importer(2089858483,0ecaa5967403d082aa24f35e1b516d23)
Start importing Assets/Photon/PhotonVoice/Code/PUN/PhotonVoiceView.cs using Guid(126494ae2a10a34499272ed97a6c9f5d) Importer(2089858483,0ecaa5967403d082aa24f35e1b516d23) Generated GUIDs only implemented for interfaces!
 -> (artifact id: '8c01d29a6647720c757fd29ffe906202') in 0.084806 seconds
Number of updated asset objects reloaded before import = 0
Number of asset objects unloaded after import = 2
========================================================================
Received Import Request.
  Time since last request: 0.000035 seconds.
  path: Assets/Photon/PhotonChat/Demos/Common/TextToggleIsOnTransition.cs
  artifactKey: Guid(1e808171e8963498bb1db072a977d750) Importer(2089858483,0ecaa5967403d082aa24f35e1b516d23)
Start importing Assets/Photon/PhotonChat/Demos/Common/TextToggleIsOnTransition.cs using Guid(1e808171e8963498bb1db072a977d750) Importer(2089858483,0ecaa5967403d082aa24f35e1b516d23) Generated GUIDs only implemented for interfaces!
 -> (artifact id: '2c583e2080d5063c933261f52ac4822f') in 0.088401 seconds
Number of updated asset objects reloaded before import = 0
Number of asset objects unloaded after import = 1
========================================================================
Received Import Request.
  Time since last request: 0.000156 seconds.
  path: Assets/Photon/PhotonVoice/Code/UtilityScripts/TestTone.cs
  artifactKey: Guid(164ef2a94699d485abc9c2530d65736f) Importer(2089858483,0ecaa5967403d082aa24f35e1b516d23)
Start importing Assets/Photon/PhotonVoice/Code/UtilityScripts/TestTone.cs using Guid(164ef2a94699d485abc9c2530d65736f) Importer(2089858483,0ecaa5967403d082aa24f35e1b516d23) Generated GUIDs only implemented for interfaces!
 -> (artifact id: 'b96d705f88c7661dcfbb6c740fd82875') in 0.049409 seconds
Number of updated asset objects reloaded before import = 0
Number of asset objects unloaded after import = 2
========================================================================
Received Import Request.
  Time since last request: 0.000090 seconds.
  path: Assets/Photon/PhotonVoice/Demos/Resources/music_zapsplat_atmospheric_tension.mp3
  artifactKey: Guid(d35e9e1d6f876ce4c95f1eb8177f15ab) Importer(2089858483,0ecaa5967403d082aa24f35e1b516d23)
Start importing Assets/Photon/PhotonVoice/Demos/Resources/music_zapsplat_atmospheric_tension.mp3 using Guid(d35e9e1d6f876ce4c95f1eb8177f15ab) Importer(2089858483,0ecaa5967403d082aa24f35e1b516d23) Generated GUIDs only implemented for interfaces!
 -> (artifact id: '78cebeff40cdfa560d34cdcb5a85f2ee') in 0.453099 seconds
Number of updated asset objects reloaded before import = 0
Number of asset objects unloaded after import = 1
========================================================================
Received Import Request.
  Time since last request: 0.000047 seconds.
  path: Assets/Photon/PhotonVoice/Code/UtilityScripts/SaveIncomingStreamToFile.cs
  artifactKey: Guid(5e15851e17423014d9155ec2de326e2e) Importer(2089858483,0ecaa5967403d082aa24f35e1b516d23)
Start importing Assets/Photon/PhotonVoice/Code/UtilityScripts/SaveIncomingStreamToFile.cs using Guid(5e15851e17423014d9155ec2de326e2e) Importer(2089858483,0ecaa5967403d082aa24f35e1b516d23) Generated GUIDs only implemented for interfaces!
 -> (artifact id: '925cfd66c714f3ebd65574b37bea63d2') in 0.045269 seconds
Number of updated asset objects reloaded before import = 0
Number of asset objects unloaded after import = 1
========================================================================
Received Import Request.
  Time since last request: 0.000054 seconds.
  path: Assets/Photon/PhotonVoice/PhotonVoiceApi/Core/AudioGen.cs
  artifactKey: Guid(452a47d43fb9a2541ac591325fbf50a6) Importer(2089858483,0ecaa5967403d082aa24f35e1b516d23)
Start importing Assets/Photon/PhotonVoice/PhotonVoiceApi/Core/AudioGen.cs using Guid(452a47d43fb9a2541ac591325fbf50a6) Importer(2089858483,0ecaa5967403d082aa24f35e1b516d23) Generated GUIDs only implemented for interfaces!
 -> (artifact id: '4a7f43d52e1250b94e3b10c84a36489b') in 0.040224 seconds
Number of updated asset objects reloaded before import = 0
Number of asset objects unloaded after import = 1
========================================================================
Received Import Request.
  Time since last request: 0.000273 seconds.
  path: Assets/Photon/PhotonVoice/Icons/voice-0032.png
  artifactKey: Guid(96756fd342e07a64cbe6f2f614cb3e5d) Importer(2089858483,0ecaa5967403d082aa24f35e1b516d23)
Start importing Assets/Photon/PhotonVoice/Icons/voice-0032.png using Guid(96756fd342e07a64cbe6f2f614cb3e5d) Importer(2089858483,0ecaa5967403d082aa24f35e1b516d23) Generated GUIDs only implemented for interfaces!
 -> (artifact id: 'c9f8fa0e0bb80bfc843723b2ca0a24e9') in 0.135148 seconds
Number of updated asset objects reloaded before import = 0
Number of asset objects unloaded after import = 1
========================================================================
Received Import Request.
  Time since last request: 0.000035 seconds.
  path: Assets/Photon/PhotonUnityNetworking/UtilityScripts/Debugging/StatesGui.cs
  artifactKey: Guid(62880f27e95abf2418fd79e9d9d568b4) Importer(2089858483,0ecaa5967403d082aa24f35e1b516d23)
Start importing Assets/Photon/PhotonUnityNetworking/UtilityScripts/Debugging/StatesGui.cs using Guid(62880f27e95abf2418fd79e9d9d568b4) Importer(2089858483,0ecaa5967403d082aa24f35e1b516d23) Generated GUIDs only implemented for interfaces!
 -> (artifact id: 'b2f3aeb8ef6629ec1d879a6ae553b06f') in 0.251519 seconds
Number of updated asset objects reloaded before import = 0
Number of asset objects unloaded after import = 1
========================================================================
Received Import Request.
  Time since last request: 0.001037 seconds.
  path: Assets/Photon/PhotonVoice/PhotonVoiceApi/Core/Framer.cs
  artifactKey: Guid(2b4c65bec12dc5e4d8d1811b1143997b) Importer(2089858483,0ecaa5967403d082aa24f35e1b516d23)
Start importing Assets/Photon/PhotonVoice/PhotonVoiceApi/Core/Framer.cs using Guid(2b4c65bec12dc5e4d8d1811b1143997b) Importer(2089858483,0ecaa5967403d082aa24f35e1b516d23) Generated GUIDs only implemented for interfaces!
 -> (artifact id: '3a6fd59d5cd51a6ac9a963f6f857d48b') in 0.251159 seconds
Number of updated asset objects reloaded before import = 0
Number of asset objects unloaded after import = 1
========================================================================
Received Import Request.
  Time since last request: 0.000252 seconds.
  path: Assets/Photon/PhotonVoice/PhotonVoiceApi/Core/ObjectPool.cs
  artifactKey: Guid(84a99b47c1b2fba4a8a268215e5adef1) Importer(2089858483,0ecaa5967403d082aa24f35e1b516d23)
Start importing Assets/Photon/PhotonVoice/PhotonVoiceApi/Core/ObjectPool.cs using Guid(84a99b47c1b2fba4a8a268215e5adef1) Importer(2089858483,0ecaa5967403d082aa24f35e1b516d23) Generated GUIDs only implemented for interfaces!
 -> (artifact id: '9b3d9e1dc73929a258c34fea5541964d') in 0.191965 seconds
Number of updated asset objects reloaded before import = 0
Number of asset objects unloaded after import = 1
========================================================================
Received Import Request.
  Time since last request: 0.000792 seconds.
  path: Assets/Photon/PhotonVoice/PhotonVoiceApi/Core/AudioUtil.cs
  artifactKey: Guid(d4ec039454ee9b646ade0abcee9623b2) Importer(2089858483,0ecaa5967403d082aa24f35e1b516d23)
Start importing Assets/Photon/PhotonVoice/PhotonVoiceApi/Core/AudioUtil.cs using Guid(d4ec039454ee9b646ade0abcee9623b2) Importer(2089858483,0ecaa5967403d082aa24f35e1b516d23) Generated GUIDs only implemented for interfaces!
 -> (artifact id: 'ad3f41641598772338ef64c75198377d') in 0.141778 seconds
Number of updated asset objects reloaded before import = 0
Number of asset objects unloaded after import = 1
========================================================================
Received Import Request.
  Time since last request: 0.000201 seconds.
  path: Assets/Photon/PhotonVoice/PhotonVoiceApi/Core/VoiceSourceAdapter.cs
  artifactKey: Guid(91cde8da49ff1cc4cabfa7be9d821414) Importer(2089858483,0ecaa5967403d082aa24f35e1b516d23)
Start importing Assets/Photon/PhotonVoice/PhotonVoiceApi/Core/VoiceSourceAdapter.cs using Guid(91cde8da49ff1cc4cabfa7be9d821414) Importer(2089858483,0ecaa5967403d082aa24f35e1b516d23) Generated GUIDs only implemented for interfaces!
 -> (artifact id: '46462f2a9c4ffa5727f498157126a931') in 0.150424 seconds
Number of updated asset objects reloaded before import = 0
Number of asset objects unloaded after import = 1
========================================================================
Received Import Request.
  Time since last request: 0.000455 seconds.
  path: Assets/Photon/PhotonVoice/PhotonVoiceLibs/iOS/libwebrtc-audio.a
  artifactKey: Guid(5c5692698dd184f45ac41c75099601b2) Importer(2089858483,0ecaa5967403d082aa24f35e1b516d23)
Start importing Assets/Photon/PhotonVoice/PhotonVoiceLibs/iOS/libwebrtc-audio.a using Guid(5c5692698dd184f45ac41c75099601b2) Importer(2089858483,0ecaa5967403d082aa24f35e1b516d23) Generated GUIDs only implemented for interfaces!
 -> (artifact id: 'eb32463e8bd8e9f4131f9f68b0b72762') in 0.319125 seconds
Number of updated asset objects reloaded before import = 0
Number of asset objects unloaded after import = 1
========================================================================
Received Import Request.
  Time since last request: 0.000103 seconds.
  path: Assets/Photon/PhotonVoice/PhotonVoiceApi/Core/VoiceInfo.cs
  artifactKey: Guid(8466257066e89eb4d9fd374d4c77e405) Importer(2089858483,0ecaa5967403d082aa24f35e1b516d23)
Start importing Assets/Photon/PhotonVoice/PhotonVoiceApi/Core/VoiceInfo.cs using Guid(8466257066e89eb4d9fd374d4c77e405) Importer(2089858483,0ecaa5967403d082aa24f35e1b516d23) Generated GUIDs only implemented for interfaces!
 -> (artifact id: 'e9567eec35b12428f40cacf4e3e0deb0') in 0.190560 seconds
Number of updated asset objects reloaded before import = 0
Number of asset objects unloaded after import = 1
========================================================================
Received Import Request.
  Time since last request: 0.000604 seconds.
  path: Assets/Photon/PhotonVoice/PhotonVoiceLibs/x86_64/opus_egpv.dll
  artifactKey: Guid(07700460c83f30940a12bd7ccd173b9e) Importer(2089858483,0ecaa5967403d082aa24f35e1b516d23)
Start importing Assets/Photon/PhotonVoice/PhotonVoiceLibs/x86_64/opus_egpv.dll using Guid(07700460c83f30940a12bd7ccd173b9e) Importer(2089858483,0ecaa5967403d082aa24f35e1b516d23) Generated GUIDs only implemented for interfaces!
 -> (artifact id: '9cd5b64e88c4ba2a18c139a8588b532e') in 0.374225 seconds
Number of updated asset objects reloaded before import = 0
Number of asset objects unloaded after import = 1
========================================================================
Received Import Request.
  Time since last request: 0.000308 seconds.
  path: Assets/Photon/PhotonVoice/PhotonVoiceLibs/x86/AudioIn.dll
  artifactKey: Guid(f29fc88ada95ee44093a371a412da102) Importer(2089858483,0ecaa5967403d082aa24f35e1b516d23)
Start importing Assets/Photon/PhotonVoice/PhotonVoiceLibs/x86/AudioIn.dll using Guid(f29fc88ada95ee44093a371a412da102) Importer(2089858483,0ecaa5967403d082aa24f35e1b516d23) Generated GUIDs only implemented for interfaces!
 -> (artifact id: 'bf0421646922396632a77bd6c3db9f59') in 0.080476 seconds
Number of updated asset objects reloaded before import = 0
Number of asset objects unloaded after import = 1
========================================================================
Received Import Request.
  Time since last request: 0.000189 seconds.
  path: Assets/Photon/PhotonVoice/PhotonVoiceLibs/x86/webrtc-audio.dll
  artifactKey: Guid(2d2ab91c436748548bf7a33a8410e0a7) Importer(2089858483,0ecaa5967403d082aa24f35e1b516d23)
Start importing Assets/Photon/PhotonVoice/PhotonVoiceLibs/x86/webrtc-audio.dll using Guid(2d2ab91c436748548bf7a33a8410e0a7) Importer(2089858483,0ecaa5967403d082aa24f35e1b516d23) Generated GUIDs only implemented for interfaces!
 -> (artifact id: '532b5cb9784c653ef3697a243cdc5263') in 0.401045 seconds
Number of updated asset objects reloaded before import = 0
Number of asset objects unloaded after import = 1
========================================================================
Received Import Request.
  Time since last request: 0.000120 seconds.
  path: Assets/Resources/PhotonVR/Assets/DefaultCosmetics/New Material.mat
  artifactKey: Guid(e6f13fafd4578fb4693756a87347c809) Importer(2089858483,0ecaa5967403d082aa24f35e1b516d23)
Start importing Assets/Resources/PhotonVR/Assets/DefaultCosmetics/New Material.mat using Guid(e6f13fafd4578fb4693756a87347c809) Importer(2089858483,0ecaa5967403d082aa24f35e1b516d23) Generated GUIDs only implemented for interfaces!
 -> (artifact id: 'caa6afb36600bb41d5b34edb06dffb25') in 0.030785 seconds
Number of updated asset objects reloaded before import = 0
Number of asset objects unloaded after import = 1
========================================================================
Received Import Request.
  Time since last request: 0.000173 seconds.
  path: Assets/PlayFabSDK/Shared/Public/Resources/PlayFabSharedSettings.asset
  artifactKey: Guid(698b2db098268c640929a7b8090a31eb) Importer(2089858483,0ecaa5967403d082aa24f35e1b516d23)
Start importing Assets/PlayFabSDK/Shared/Public/Resources/PlayFabSharedSettings.asset using Guid(698b2db098268c640929a7b8090a31eb) Importer(2089858483,0ecaa5967403d082aa24f35e1b516d23) Generated GUIDs only implemented for interfaces!
 -> (artifact id: '73c284698302ed420f27ef8536161024') in 0.121997 seconds
Number of updated asset objects reloaded before import = 0
Number of asset objects unloaded after import = 1
========================================================================
Received Import Request.
  Time since last request: 0.000245 seconds.
  path: Assets/Photon/PhotonVoice/PhotonVoiceApi/Core/OpusCodec.cs
  artifactKey: Guid(be5011148df058f45957478c38d4a847) Importer(2089858483,0ecaa5967403d082aa24f35e1b516d23)
Start importing Assets/Photon/PhotonVoice/PhotonVoiceApi/Core/OpusCodec.cs using Guid(be5011148df058f45957478c38d4a847) Importer(2089858483,0ecaa5967403d082aa24f35e1b516d23) Generated GUIDs only implemented for interfaces!
 -> (artifact id: '6f70f43e1588e0ad0e4e30f9235ddaf3') in 0.022799 seconds
Number of updated asset objects reloaded before import = 0
Number of asset objects unloaded after import = 1
========================================================================
Received Import Request.
  Time since last request: 0.000096 seconds.
  path: Assets/Photon/PhotonVoice/PhotonVoiceApi/Core/VoiceFramed.cs
  artifactKey: Guid(ef70ab0e29cc1544896039f593d5a667) Importer(2089858483,0ecaa5967403d082aa24f35e1b516d23)
Start importing Assets/Photon/PhotonVoice/PhotonVoiceApi/Core/VoiceFramed.cs using Guid(ef70ab0e29cc1544896039f593d5a667) Importer(2089858483,0ecaa5967403d082aa24f35e1b516d23) Generated GUIDs only implemented for interfaces!
 -> (artifact id: '89b473d1f25607a92c68755de988da25') in 0.023243 seconds
Number of updated asset objects reloaded before import = 0
Number of asset objects unloaded after import = 1
========================================================================
Received Import Request.
  Time since last request: 0.000078 seconds.
  path: Assets/Photon/PhotonVoice/Code/PUN/PhotonVoice.PUN.asmdef
  artifactKey: Guid(d62e4537d6f8ca64c8d2affe565a5cd1) Importer(2089858483,0ecaa5967403d082aa24f35e1b516d23)
Start importing Assets/Photon/PhotonVoice/Code/PUN/PhotonVoice.PUN.asmdef using Guid(d62e4537d6f8ca64c8d2affe565a5cd1) Importer(2089858483,0ecaa5967403d082aa24f35e1b516d23) Generated GUIDs only implemented for interfaces!
 -> (artifact id: '92d3475dd94ccdbcb4bc5f289fd36ab2') in 0.131655 seconds
Number of updated asset objects reloaded before import = 0
Number of asset objects unloaded after import = 1
========================================================================
Received Import Request.
  Time since last request: 0.000111 seconds.
  path: Assets/Photon/PhotonUnityNetworking/UtilityScripts/PhotonUnityNetworking.Utilities.asmdef
  artifactKey: Guid(a738238285a7a8246af046cbf977522f) Importer(2089858483,0ecaa5967403d082aa24f35e1b516d23)
Start importing Assets/Photon/PhotonUnityNetworking/UtilityScripts/PhotonUnityNetworking.Utilities.asmdef using Guid(a738238285a7a8246af046cbf977522f) Importer(2089858483,0ecaa5967403d082aa24f35e1b516d23) Generated GUIDs only implemented for interfaces!
 -> (artifact id: '80d4cefcb3ae40b64928a6380b97864c') in 0.026454 seconds
Number of updated asset objects reloaded before import = 0
Number of asset objects unloaded after import = 1
========================================================================
Received Import Request.
  Time since last request: 0.000026 seconds.
  path: Assets/PlayFabSDK/Shared/Public/PlayFabSettings.cs
  artifactKey: Guid(aa223f24327e645d39b48f0ca9615e68) Importer(2089858483,0ecaa5967403d082aa24f35e1b516d23)
Start importing Assets/PlayFabSDK/Shared/Public/PlayFabSettings.cs using Guid(aa223f24327e645d39b48f0ca9615e68) Importer(2089858483,0ecaa5967403d082aa24f35e1b516d23) Generated GUIDs only implemented for interfaces!
 -> (artifact id: '01ed672a3975d4c5b074deeb9a897d02') in 0.015778 seconds
Number of updated asset objects reloaded before import = 0
Number of asset objects unloaded after import = 1
========================================================================
Received Import Request.
  Time since last request: 0.000164 seconds.
  path: Assets/TextMesh Pro/Resources/Fonts & Materials/LiberationSans SDF.asset
  artifactKey: Guid(8f586378b4e144a9851e7b34d9b748ee) Importer(2089858483,0ecaa5967403d082aa24f35e1b516d23)
Start importing Assets/TextMesh Pro/Resources/Fonts & Materials/LiberationSans SDF.asset using Guid(8f586378b4e144a9851e7b34d9b748ee) Importer(2089858483,0ecaa5967403d082aa24f35e1b516d23) Generated GUIDs only implemented for interfaces!
 -> (artifact id: '221948f977f7a42a22bec94c2d5b1080') in 0.163997 seconds
Number of updated asset objects reloaded before import = 0
Number of asset objects unloaded after import = 8
========================================================================
Received Import Request.
  Time since last request: 0.000038 seconds.
  path: Assets/Resources/PhotonVR/Assets/DefaultCosmetics/VRSunglasses.fbx
  artifactKey: Guid(97a81bc0bdbcad3488b965fb9eb8078e) Importer(2089858483,0ecaa5967403d082aa24f35e1b516d23)
Start importing Assets/Resources/PhotonVR/Assets/DefaultCosmetics/VRSunglasses.fbx using Guid(97a81bc0bdbcad3488b965fb9eb8078e) Importer(2089858483,0ecaa5967403d082aa24f35e1b516d23) Generated GUIDs only implemented for interfaces!
 -> (artifact id: '5a13657a35b0f009a5fbdde13ebe3461') in 0.140363 seconds
Number of updated asset objects reloaded before import = 0
Number of asset objects unloaded after import = 8
========================================================================
Received Import Request.
  Time since last request: 0.000052 seconds.
  path: Assets/Photon/PhotonChat/Demos/DemoChat/Files/OutlinedSquaredBox.png
  artifactKey: Guid(ea7134547a5488b41a6bb5243b4ec2f1) Importer(2089858483,0ecaa5967403d082aa24f35e1b516d23)
Start importing Assets/Photon/PhotonChat/Demos/DemoChat/Files/OutlinedSquaredBox.png using Guid(ea7134547a5488b41a6bb5243b4ec2f1) Importer(2089858483,0ecaa5967403d082aa24f35e1b516d23) Generated GUIDs only implemented for interfaces!
 -> (artifact id: '96ad3456c2e08858908a0bf68a9b7349') in 0.160130 seconds
Number of updated asset objects reloaded before import = 0
Number of asset objects unloaded after import = 3
========================================================================
Received Import Request.
  Time since last request: 0.000023 seconds.
  path: Assets/Photon/PhotonChat/Demos/DemoChat/Files/Gradient.png
  artifactKey: Guid(2fb83ea89df639b43a22d707d3c22af1) Importer(2089858483,0ecaa5967403d082aa24f35e1b516d23)
Start importing Assets/Photon/PhotonChat/Demos/DemoChat/Files/Gradient.png using Guid(2fb83ea89df639b43a22d707d3c22af1) Importer(2089858483,0ecaa5967403d082aa24f35e1b516d23) Generated GUIDs only implemented for interfaces!
 -> (artifact id: '5dab5d3ba8d980f19f83d84f5bc068d6') in 0.145055 seconds
Number of updated asset objects reloaded before import = 0
Number of asset objects unloaded after import = 3
========================================================================
Received Import Request.
  Time since last request: 0.000062 seconds.
  path: Assets/Resources/PhotonVR/Prefabs/Testing/CosmeticsChanger.prefab
  artifactKey: Guid(20080bab5b554ea4bbe13bcb3036f3c1) Importer(2089858483,0ecaa5967403d082aa24f35e1b516d23)
Start importing Assets/Resources/PhotonVR/Prefabs/Testing/CosmeticsChanger.prefab using Guid(20080bab5b554ea4bbe13bcb3036f3c1) Importer(2089858483,0ecaa5967403d082aa24f35e1b516d23) Generated GUIDs only implemented for interfaces!
 -> (artifact id: '9cdb9a2e004c9351afec84b4ae01643e') in 0.137248 seconds
Number of updated asset objects reloaded before import = 0
Number of asset objects unloaded after import = 5
========================================================================
Received Import Request.
  Time since last request: 0.000043 seconds.
  path: Assets/Photon/PhotonChat/Demos/DemoChat/Files/PunIcon-White-129.png
  artifactKey: Guid(37b0a18b391c6ae468b5bcc74bba2c1a) Importer(2089858483,0ecaa5967403d082aa24f35e1b516d23)
Start importing Assets/Photon/PhotonChat/Demos/DemoChat/Files/PunIcon-White-129.png using Guid(37b0a18b391c6ae468b5bcc74bba2c1a) Importer(2089858483,0ecaa5967403d082aa24f35e1b516d23) Generated GUIDs only implemented for interfaces!
 -> (artifact id: '63a22f485be48664ed2871ac94300070') in 0.048884 seconds
Number of updated asset objects reloaded before import = 0
Number of asset objects unloaded after import = 3
========================================================================
Received Import Request.
  Time since last request: 0.000025 seconds.
  path: Assets/Photon/PhotonRealtime/Code/Unity/Editor/AccountService.cs
  artifactKey: Guid(166dfe22956ef0341b28e18d0499e363) Importer(2089858483,0ecaa5967403d082aa24f35e1b516d23)
Start importing Assets/Photon/PhotonRealtime/Code/Unity/Editor/AccountService.cs using Guid(166dfe22956ef0341b28e18d0499e363) Importer(2089858483,0ecaa5967403d082aa24f35e1b516d23) Generated GUIDs only implemented for interfaces!
 -> (artifact id: '60032ba1fef8aa39e0c43faac2a51996') in 0.016827 seconds
Number of updated asset objects reloaded before import = 0
Number of asset objects unloaded after import = 1
========================================================================
Received Import Request.
  Time since last request: 0.000190 seconds.
  path: Assets/Resources/PhotonVR/Scripts/Player/PlayerSpawner.cs
  artifactKey: Guid(78d3497c3b66e9649ae05b126a352e19) Importer(2089858483,0ecaa5967403d082aa24f35e1b516d23)
Start importing Assets/Resources/PhotonVR/Scripts/Player/PlayerSpawner.cs using Guid(78d3497c3b66e9649ae05b126a352e19) Importer(2089858483,0ecaa5967403d082aa24f35e1b516d23) Generated GUIDs only implemented for interfaces!
 -> (artifact id: 'c63e73d32eb9ce5c0a3c0d7df2d4e8b3') in 0.023654 seconds
Number of updated asset objects reloaded before import = 0
Number of asset objects unloaded after import = 2
========================================================================
Received Import Request.
  Time since last request: 0.000037 seconds.
  path: Assets/Photon/PhotonChat/Demos/DemoChat/Files/eurof_tt.txt
  artifactKey: Guid(e96690bd3586cf643a223def4feaa4d4) Importer(2089858483,0ecaa5967403d082aa24f35e1b516d23)
Start importing Assets/Photon/PhotonChat/Demos/DemoChat/Files/eurof_tt.txt using Guid(e96690bd3586cf643a223def4feaa4d4) Importer(2089858483,0ecaa5967403d082aa24f35e1b516d23) Generated GUIDs only implemented for interfaces!
 -> (artifact id: 'f74998345b45de8bd4af72f15602b123') in 0.023056 seconds
Number of updated asset objects reloaded before import = 0
Number of asset objects unloaded after import = 1
========================================================================
Received Import Request.
  Time since last request: 0.000079 seconds.
  path: Assets/Photon/PhotonUnityNetworking/Demos/DemoAsteroids/Models/LaserBolt.fbx
  artifactKey: Guid(efbb13993d8043d4ba5c752ed4b1a2bc) Importer(2089858483,0ecaa5967403d082aa24f35e1b516d23)
Start importing Assets/Photon/PhotonUnityNetworking/Demos/DemoAsteroids/Models/LaserBolt.fbx using Guid(efbb13993d8043d4ba5c752ed4b1a2bc) Importer(2089858483,0ecaa5967403d082aa24f35e1b516d23) Generated GUIDs only implemented for interfaces!
 -> (artifact id: 'd1f0f8e803e3703437fc386575c067bc') in 0.037906 seconds
Number of updated asset objects reloaded before import = 0
Number of asset objects unloaded after import = 7
========================================================================
Received Import Request.
  Time since last request: 0.000023 seconds.
  path: Assets/Photon/PhotonUnityNetworking/changelog.txt
  artifactKey: Guid(612a7d8fb44bb994d90d9c0fa1408703) Importer(2089858483,0ecaa5967403d082aa24f35e1b516d23)
Start importing Assets/Photon/PhotonUnityNetworking/changelog.txt using Guid(612a7d8fb44bb994d90d9c0fa1408703) Importer(2089858483,0ecaa5967403d082aa24f35e1b516d23) Generated GUIDs only implemented for interfaces!
 -> (artifact id: '645bb3360aaaff4166166cb94b8aaffd') in 0.032600 seconds
Number of updated asset objects reloaded before import = 0
Number of asset objects unloaded after import = 1
========================================================================
Received Import Request.
  Time since last request: 0.000103 seconds.
  path: Assets/Photon/PhotonUnityNetworking/Demos/DemoAsteroids/Prefabs/Bullet.prefab
  artifactKey: Guid(5624ee9da9d10514ea7b808e83979c85) Importer(2089858483,0ecaa5967403d082aa24f35e1b516d23)
Start importing Assets/Photon/PhotonUnityNetworking/Demos/DemoAsteroids/Prefabs/Bullet.prefab using Guid(5624ee9da9d10514ea7b808e83979c85) Importer(2089858483,0ecaa5967403d082aa24f35e1b516d23) Generated GUIDs only implemented for interfaces!
 -> (artifact id: '60554b25aa1793a33fae7213d7646faa') in 0.051561 seconds
Number of updated asset objects reloaded before import = 0
Number of asset objects unloaded after import = 10
========================================================================
Received Import Request.
  Time since last request: 0.000038 seconds.
  path: Assets/Photon/PhotonUnityNetworking/Demos/DemoAsteroids/Materials/FlyerPlayership.mat
  artifactKey: Guid(99fced4bc2985174cac8512dc765d2bc) Importer(2089858483,0ecaa5967403d082aa24f35e1b516d23)
Start importing Assets/Photon/PhotonUnityNetworking/Demos/DemoAsteroids/Materials/FlyerPlayership.mat using Guid(99fced4bc2985174cac8512dc765d2bc) Importer(2089858483,0ecaa5967403d082aa24f35e1b516d23) Generated GUIDs only implemented for interfaces!
 -> (artifact id: 'fad35b3c0fe2313e21ffd449e65500d5') in 0.230348 seconds
Number of updated asset objects reloaded before import = 0
Number of asset objects unloaded after import = 4
========================================================================
Received Import Request.
  Time since last request: 0.000046 seconds.
  path: Assets/Photon/PhotonUnityNetworking/Demos/DemoAsteroids/Prefabs/PlayerOverviewEntry.prefab
  artifactKey: Guid(f03d1c686a26a1d4da99a4186b0bb1ab) Importer(2089858483,0ecaa5967403d082aa24f35e1b516d23)
Start importing Assets/Photon/PhotonUnityNetworking/Demos/DemoAsteroids/Prefabs/PlayerOverviewEntry.prefab using Guid(f03d1c686a26a1d4da99a4186b0bb1ab) Importer(2089858483,0ecaa5967403d082aa24f35e1b516d23) Generated GUIDs only implemented for interfaces!
 -> (artifact id: '61760deda9b4809e1d849cd9d9d54b0d') in 0.059859 seconds
Number of updated asset objects reloaded before import = 0
Number of asset objects unloaded after import = 8
========================================================================
Received Import Request.
  Time since last request: 0.000026 seconds.
  path: Assets/Photon/PhotonUnityNetworking/Demos/DemoAsteroids/Resources/SmallAsteroid.prefab
  artifactKey: Guid(18a79aea49b60d342b7a672b7a34edbe) Importer(2089858483,0ecaa5967403d082aa24f35e1b516d23)
Start importing Assets/Photon/PhotonUnityNetworking/Demos/DemoAsteroids/Resources/SmallAsteroid.prefab using Guid(18a79aea49b60d342b7a672b7a34edbe) Importer(2089858483,0ecaa5967403d082aa24f35e1b516d23) Generated GUIDs only implemented for interfaces!
 -> (artifact id: '33b2b70ee5ee684eb0e165f3dec75e73') in 0.063341 seconds
Number of updated asset objects reloaded before import = 0
Number of asset objects unloaded after import = 12
========================================================================
Received Import Request.
  Time since last request: 0.000028 seconds.
  path: Assets/Photon/PhotonChat/Demos/DemoChat/Files/Jura-Medium.ttf
  artifactKey: Guid(5abfb0a229c98b3499cffa6c59c2ffb4) Importer(2089858483,0ecaa5967403d082aa24f35e1b516d23)
Start importing Assets/Photon/PhotonChat/Demos/DemoChat/Files/Jura-Medium.ttf using Guid(5abfb0a229c98b3499cffa6c59c2ffb4) Importer(2089858483,0ecaa5967403d082aa24f35e1b516d23) Generated GUIDs only implemented for interfaces!
 -> (artifact id: 'bdd208ffaa5db0bfae3db8e87bd3a8f3') in 0.046103 seconds
Number of updated asset objects reloaded before import = 0
Number of asset objects unloaded after import = 3
========================================================================
Received Import Request.
  Time since last request: 0.000025 seconds.
  path: Assets/Photon/PhotonUnityNetworking/Demos/DemoAsteroids/Resources/BigAsteroid.prefab
  artifactKey: Guid(15f43343ba0a60e47a63d28496373c3f) Importer(2089858483,0ecaa5967403d082aa24f35e1b516d23)
Start importing Assets/Photon/PhotonUnityNetworking/Demos/DemoAsteroids/Resources/BigAsteroid.prefab using Guid(15f43343ba0a60e47a63d28496373c3f) Importer(2089858483,0ecaa5967403d082aa24f35e1b516d23) Generated GUIDs only implemented for interfaces!
 -> (artifact id: '4aa19045ec9a2e4b4fa140a187d192b7') in 0.036846 seconds
Number of updated asset objects reloaded before import = 0
Number of asset objects unloaded after import = 12
========================================================================
Received Import Request.
  Time since last request: 0.000032 seconds.
  path: Assets/Photon/PhotonUnityNetworking/Code/Editor/Views/MonoBehaviourPunEditor.cs
  artifactKey: Guid(6da457ee57ad5794782f1f76644536e4) Importer(2089858483,0ecaa5967403d082aa24f35e1b516d23)
Start importing Assets/Photon/PhotonUnityNetworking/Code/Editor/Views/MonoBehaviourPunEditor.cs using Guid(6da457ee57ad5794782f1f76644536e4) Importer(2089858483,0ecaa5967403d082aa24f35e1b516d23) Generated GUIDs only implemented for interfaces!
 -> (artifact id: '48eb8d18b50a30a0fc10124b583158a0') in 0.018938 seconds
Number of updated asset objects reloaded before import = 0
Number of asset objects unloaded after import = 1
========================================================================
Received Import Request.
  Time since last request: 0.000156 seconds.
  path: Assets/Photon/PhotonVoice/PhotonVoiceLibs/WSA/Photon.Voice.UWP.winmd
  artifactKey: Guid(135bf1c6fddf90d44847f1fd5b62465c) Importer(2089858483,0ecaa5967403d082aa24f35e1b516d23)
Start importing Assets/Photon/PhotonVoice/PhotonVoiceLibs/WSA/Photon.Voice.UWP.winmd using Guid(135bf1c6fddf90d44847f1fd5b62465c) Importer(2089858483,0ecaa5967403d082aa24f35e1b516d23) Generated GUIDs only implemented for interfaces!
 -> (artifact id: '00eb61c320bc68dc55039e8a4e67c4f8') in 0.019317 seconds
Number of updated asset objects reloaded before import = 0
Number of asset objects unloaded after import = 1
========================================================================
Received Import Request.
  Time since last request: 0.000131 seconds.
  path: Assets/Photon/PhotonVoice/Code/Editor/PhotonVoiceEditorUtils.cs
  artifactKey: Guid(4e837e30d97d9fd4a984a83cc6db75a7) Importer(2089858483,0ecaa5967403d082aa24f35e1b516d23)
Start importing Assets/Photon/PhotonVoice/Code/Editor/PhotonVoiceEditorUtils.cs using Guid(4e837e30d97d9fd4a984a83cc6db75a7) Importer(2089858483,0ecaa5967403d082aa24f35e1b516d23) Generated GUIDs only implemented for interfaces!
 -> (artifact id: 'eb7fac5ab3dcdf4db2a122937d2a327a') in 0.016754 seconds
Number of updated asset objects reloaded before import = 0
Number of asset objects unloaded after import = 1
========================================================================
Received Import Request.
  Time since last request: 0.000232 seconds.
  path: Assets/Resources/PhotonVR/Scripts/Testing/PhotonVRCosmeticsChangerGUI.cs
  artifactKey: Guid(a49b941d8e35ec34e97fea359f48fd34) Importer(2089858483,0ecaa5967403d082aa24f35e1b516d23)
Start importing Assets/Resources/PhotonVR/Scripts/Testing/PhotonVRCosmeticsChangerGUI.cs using Guid(a49b941d8e35ec34e97fea359f48fd34) Importer(2089858483,0ecaa5967403d082aa24f35e1b516d23) Generated GUIDs only implemented for interfaces!
 -> (artifact id: '8148661740405f92f0901b23598ff9e3') in 0.020505 seconds
Number of updated asset objects reloaded before import = 0
Number of asset objects unloaded after import = 1
========================================================================
Received Import Request.
  Time since last request: 0.000152 seconds.
  path: Assets/Photon/PhotonVoice/PhotonVoiceApi/Core/FrameBuffer.cs
  artifactKey: Guid(4efa49ae83b47f346bb58cdca5ea6281) Importer(2089858483,0ecaa5967403d082aa24f35e1b516d23)
Start importing Assets/Photon/PhotonVoice/PhotonVoiceApi/Core/FrameBuffer.cs using Guid(4efa49ae83b47f346bb58cdca5ea6281) Importer(2089858483,0ecaa5967403d082aa24f35e1b516d23) Generated GUIDs only implemented for interfaces!
 -> (artifact id: 'd8ff87865a284953b5778dcd3584766f') in 0.018767 seconds
Number of updated asset objects reloaded before import = 0
Number of asset objects unloaded after import = 1
========================================================================
Received Import Request.
  Time since last request: 0.000074 seconds.
  path: Assets/Photon/PhotonUnityNetworking/Demos/DemoAsteroids/Resources/Spaceship.prefab
  artifactKey: Guid(775dd0a15ad25a544b33ad40ef0da1f0) Importer(2089858483,0ecaa5967403d082aa24f35e1b516d23)
Start importing Assets/Photon/PhotonUnityNetworking/Demos/DemoAsteroids/Resources/Spaceship.prefab using Guid(775dd0a15ad25a544b33ad40ef0da1f0) Importer(2089858483,0ecaa5967403d082aa24f35e1b516d23) Generated GUIDs only implemented for interfaces!
 -> (artifact id: 'ce18e44801b332fdd59f3009ff3c6946') in 0.068595 seconds
Number of updated asset objects reloaded before import = 0
Number of asset objects unloaded after import = 29
========================================================================
Received Import Request.
  Time since last request: 0.000024 seconds.
  path: Assets/Photon/PhotonUnityNetworking/Demos/DemoProcedural/Scripts/Cluster.cs
  artifactKey: Guid(3fde284a91e7bf14dbf72b084e11736d) Importer(2089858483,0ecaa5967403d082aa24f35e1b516d23)
Start importing Assets/Photon/PhotonUnityNetworking/Demos/DemoProcedural/Scripts/Cluster.cs using Guid(3fde284a91e7bf14dbf72b084e11736d) Importer(2089858483,0ecaa5967403d082aa24f35e1b516d23) Generated GUIDs only implemented for interfaces!
 -> (artifact id: 'f65349f3c778c2994293736efad7b79d') in 0.020538 seconds
Number of updated asset objects reloaded before import = 0
Number of asset objects unloaded after import = 1
========================================================================
Received Import Request.
  Time since last request: 0.000123 seconds.
  path: Assets/Photon/PhotonUnityNetworking/Demos/DemoHub/Sprites/toHub.png
  artifactKey: Guid(9587663c4d27e47b19a118aabaac4a08) Importer(2089858483,0ecaa5967403d082aa24f35e1b516d23)
Start importing Assets/Photon/PhotonUnityNetworking/Demos/DemoHub/Sprites/toHub.png using Guid(9587663c4d27e47b19a118aabaac4a08) Importer(2089858483,0ecaa5967403d082aa24f35e1b516d23) Generated GUIDs only implemented for interfaces!
 -> (artifact id: 'd59925afbbcc4422568620531f99172c') in 0.057963 seconds
Number of updated asset objects reloaded before import = 0
Number of asset objects unloaded after import = 3
========================================================================
Received Import Request.
  Time since last request: 0.000035 seconds.
  path: Assets/Photon/PhotonUnityNetworking/Demos/DemoHub/Sprites/OutlinedSquaredBox.png
  artifactKey: Guid(c222cd02c447941edb09ecb6433229ce) Importer(2089858483,0ecaa5967403d082aa24f35e1b516d23)
Start importing Assets/Photon/PhotonUnityNetworking/Demos/DemoHub/Sprites/OutlinedSquaredBox.png using Guid(c222cd02c447941edb09ecb6433229ce) Importer(2089858483,0ecaa5967403d082aa24f35e1b516d23) Generated GUIDs only implemented for interfaces!
 -> (artifact id: 'fb202353b5a841f1f40c37edf5136c4c') in 0.040212 seconds
Number of updated asset objects reloaded before import = 0
Number of asset objects unloaded after import = 3
========================================================================
Received Import Request.
  Time since last request: 0.000057 seconds.
  path: Assets/Photon/PhotonUnityNetworking/Demos/DemoHub/Editor/PunStartup.cs
  artifactKey: Guid(6bafe5c223c99ab44a5f70010efdae47) Importer(2089858483,0ecaa5967403d082aa24f35e1b516d23)
Start importing Assets/Photon/PhotonUnityNetworking/Demos/DemoHub/Editor/PunStartup.cs using Guid(6bafe5c223c99ab44a5f70010efdae47) Importer(2089858483,0ecaa5967403d082aa24f35e1b516d23) Generated GUIDs only implemented for interfaces!
 -> (artifact id: 'c242aafcbd2b6e7e7d8b9c09659c78e2') in 0.018384 seconds
Number of updated asset objects reloaded before import = 0
Number of asset objects unloaded after import = 1
========================================================================
Received Import Request.
  Time since last request: 0.000240 seconds.
  path: Assets/Photon/PhotonUnityNetworking/Demos/DemoProcedural/Materials/Orange.mat
  artifactKey: Guid(09adc4af150569a4cb996354c367b8c8) Importer(2089858483,0ecaa5967403d082aa24f35e1b516d23)
Start importing Assets/Photon/PhotonUnityNetworking/Demos/DemoProcedural/Materials/Orange.mat using Guid(09adc4af150569a4cb996354c367b8c8) Importer(2089858483,0ecaa5967403d082aa24f35e1b516d23) Generated GUIDs only implemented for interfaces!
 -> (artifact id: '65840c23f2209a2fb8d85f6d82c167b4') in 0.026355 seconds
Number of updated asset objects reloaded before import = 0
Number of asset objects unloaded after import = 1
========================================================================
Received Import Request.
  Time since last request: 0.000234 seconds.
  path: Assets/Photon/PhotonUnityNetworking/Demos/DemoProcedural/Scripts/ProceduralController.cs
  artifactKey: Guid(11937abc60ef5bc4796d4b3a3d273f83) Importer(2089858483,0ecaa5967403d082aa24f35e1b516d23)
Start importing Assets/Photon/PhotonUnityNetworking/Demos/DemoProcedural/Scripts/ProceduralController.cs using Guid(11937abc60ef5bc4796d4b3a3d273f83) Importer(2089858483,0ecaa5967403d082aa24f35e1b516d23) Generated GUIDs only implemented for interfaces!
 -> (artifact id: 'd5a11d9b71046849a6483d79cd96d092') in 0.014721 seconds
Number of updated asset objects reloaded before import = 0
Number of asset objects unloaded after import = 1
========================================================================
Received Import Request.
  Time since last request: 0.000158 seconds.
  path: Assets/Photon/PhotonUnityNetworking/Demos/DemoProcedural/Materials/Black.mat
  artifactKey: Guid(1598ff147655ecb4893e78f88baa9475) Importer(2089858483,0ecaa5967403d082aa24f35e1b516d23)
Start importing Assets/Photon/PhotonUnityNetworking/Demos/DemoProcedural/Materials/Black.mat using Guid(1598ff147655ecb4893e78f88baa9475) Importer(2089858483,0ecaa5967403d082aa24f35e1b516d23) Generated GUIDs only implemented for interfaces!
 -> (artifact id: '54eaeab5c084bffec982158afaef3b8a') in 0.026497 seconds
Number of updated asset objects reloaded before import = 0
Number of asset objects unloaded after import = 1
========================================================================
Received Import Request.
  Time since last request: 0.000073 seconds.
  path: Assets/Photon/PhotonUnityNetworking/Demos/DemoProcedural/Scripts/Noise.cs
  artifactKey: Guid(980b260de9546514d80e3d867a591802) Importer(2089858483,0ecaa5967403d082aa24f35e1b516d23)
Start importing Assets/Photon/PhotonUnityNetworking/Demos/DemoProcedural/Scripts/Noise.cs using Guid(980b260de9546514d80e3d867a591802) Importer(2089858483,0ecaa5967403d082aa24f35e1b516d23) Generated GUIDs only implemented for interfaces!
 -> (artifact id: 'f177e3894ccf8afd8355beb2fde1299e') in 0.016117 seconds
Number of updated asset objects reloaded before import = 0
Number of asset objects unloaded after import = 1
========================================================================
Received Import Request.
  Time since last request: 0.000121 seconds.
  path: Assets/Photon/PhotonUnityNetworking/Demos/DemoHub/Sprites/Gradient.png
  artifactKey: Guid(66efb24ed46044ab8a039599cbc47d7b) Importer(2089858483,0ecaa5967403d082aa24f35e1b516d23)
Start importing Assets/Photon/PhotonUnityNetworking/Demos/DemoHub/Sprites/Gradient.png using Guid(66efb24ed46044ab8a039599cbc47d7b) Importer(2089858483,0ecaa5967403d082aa24f35e1b516d23) Generated GUIDs only implemented for interfaces!
 -> (artifact id: '74e0b4e6c78f1db0f346754c3c8b0d27') in 0.034606 seconds
Number of updated asset objects reloaded before import = 0
Number of asset objects unloaded after import = 3
========================================================================
Received Import Request.
  Time since last request: 0.000024 seconds.
  path: Assets/Photon/PhotonUnityNetworking/Demos/DemoSlotRacer/Prefabs/SlotCar_D.prefab
  artifactKey: Guid(9db296b8bb78143c1a5f7fa8f611967e) Importer(2089858483,0ecaa5967403d082aa24f35e1b516d23)
Start importing Assets/Photon/PhotonUnityNetworking/Demos/DemoSlotRacer/Prefabs/SlotCar_D.prefab using Guid(9db296b8bb78143c1a5f7fa8f611967e) Importer(2089858483,0ecaa5967403d082aa24f35e1b516d23) Generated GUIDs only implemented for interfaces!
 -> (artifact id: '4fcdd5f22dbebc621a9d414ff72daa91') in 0.052073 seconds
Number of updated asset objects reloaded before import = 0
Number of asset objects unloaded after import = 106
========================================================================
Received Import Request.
  Time since last request: 0.000042 seconds.
  path: Assets/TextMesh Pro/Resources/Sprite Assets/EmojiOne.asset
  artifactKey: Guid(c41005c129ba4d66911b75229fd70b45) Importer(2089858483,0ecaa5967403d082aa24f35e1b516d23)
Start importing Assets/TextMesh Pro/Resources/Sprite Assets/EmojiOne.asset using Guid(c41005c129ba4d66911b75229fd70b45) Importer(2089858483,0ecaa5967403d082aa24f35e1b516d23) Generated GUIDs only implemented for interfaces!
 -> (artifact id: '5062c0f403035629ff4260da465f8f70') in 0.031606 seconds
Number of updated asset objects reloaded before import = 0
Number of asset objects unloaded after import = 3
========================================================================
Received Import Request.
  Time since last request: 0.000042 seconds.
  path: Assets/Photon/PhotonUnityNetworking/UtilityScripts/PhotonView/SmoothSyncMovement.cs
  artifactKey: Guid(35144820bcc25444bb8f0fd767d9423e) Importer(2089858483,0ecaa5967403d082aa24f35e1b516d23)
Start importing Assets/Photon/PhotonUnityNetworking/UtilityScripts/PhotonView/SmoothSyncMovement.cs using Guid(35144820bcc25444bb8f0fd767d9423e) Importer(2089858483,0ecaa5967403d082aa24f35e1b516d23) Generated GUIDs only implemented for interfaces!
 -> (artifact id: '0524537b8a3121f16fccec02b774761a') in 0.020871 seconds
Number of updated asset objects reloaded before import = 0
Number of asset objects unloaded after import = 1
========================================================================
Received Import Request.
  Time since last request: 0.000132 seconds.
  path: Assets/Photon/PhotonUnityNetworking/UtilityScripts/UI/OnPointerOverTooltip.cs
  artifactKey: Guid(ff93154db96e843fbbc5e816ec0d2b48) Importer(2089858483,0ecaa5967403d082aa24f35e1b516d23)
Start importing Assets/Photon/PhotonUnityNetworking/UtilityScripts/UI/OnPointerOverTooltip.cs using Guid(ff93154db96e843fbbc5e816ec0d2b48) Importer(2089858483,0ecaa5967403d082aa24f35e1b516d23) Generated GUIDs only implemented for interfaces!
 -> (artifact id: 'b1018aaead9be5f0b1f00015f433b6bd') in 0.127432 seconds
Number of updated asset objects reloaded before import = 0
Number of asset objects unloaded after import = 1
========================================================================
Received Import Request.
  Time since last request: 0.000192 seconds.
  path: Assets/Photon/PhotonUnityNetworking/Demos/DemoSlotRacer/Scripts/SlotRacerSplashScreen.cs
  artifactKey: Guid(fda2ec3ef73274d5886232a03b450769) Importer(2089858483,0ecaa5967403d082aa24f35e1b516d23)
Start importing Assets/Photon/PhotonUnityNetworking/Demos/DemoSlotRacer/Scripts/SlotRacerSplashScreen.cs using Guid(fda2ec3ef73274d5886232a03b450769) Importer(2089858483,0ecaa5967403d082aa24f35e1b516d23) Generated GUIDs only implemented for interfaces!
 -> (artifact id: '76c63f101eb444d8f540e50fa3391160') in 0.025944 seconds
Number of updated asset objects reloaded before import = 0
Number of asset objects unloaded after import = 1
========================================================================
Received Import Request.
  Time since last request: 0.000241 seconds.
  path: Assets/Photon/PhotonUnityNetworking/Demos/PunBasics-Tutorial/Animator/Kyle Robot.controller
  artifactKey: Guid(1b222757b9e3844209748206173481c3) Importer(2089858483,0ecaa5967403d082aa24f35e1b516d23)
Start importing Assets/Photon/PhotonUnityNetworking/Demos/PunBasics-Tutorial/Animator/Kyle Robot.controller using Guid(1b222757b9e3844209748206173481c3) Importer(2089858483,0ecaa5967403d082aa24f35e1b516d23) Generated GUIDs only implemented for interfaces!
 -> (artifact id: '30d8036915ea8e7daab41ea1b46a48c2') in 0.382362 seconds
Number of updated asset objects reloaded before import = 0
Number of asset objects unloaded after import = 15
========================================================================
Received Import Request.
  Time since last request: 0.000044 seconds.
  path: Assets/Photon/PhotonUnityNetworking/Demos/DemoSlotRacer/Scripts/SlotLanes.cs
  artifactKey: Guid(54c0aa0c215c64226bdfacbeed74edbb) Importer(2089858483,0ecaa5967403d082aa24f35e1b516d23)
Start importing Assets/Photon/PhotonUnityNetworking/Demos/DemoSlotRacer/Scripts/SlotLanes.cs using Guid(54c0aa0c215c64226bdfacbeed74edbb) Importer(2089858483,0ecaa5967403d082aa24f35e1b516d23) Generated GUIDs only implemented for interfaces!
 -> (artifact id: 'fc9d79f07a1ab2db3f8361f956866031') in 0.023297 seconds
Number of updated asset objects reloaded before import = 0
Number of asset objects unloaded after import = 1
========================================================================
Received Import Request.
  Time since last request: 0.000056 seconds.
  path: Assets/Photon/PhotonUnityNetworking/Demos/PunCockpit/Scripts/ScoreHelper.cs
  artifactKey: Guid(5a92eafb6e3fe4390b50c3eefbcc0504) Importer(2089858483,0ecaa5967403d082aa24f35e1b516d23)
Start importing Assets/Photon/PhotonUnityNetworking/Demos/PunCockpit/Scripts/ScoreHelper.cs using Guid(5a92eafb6e3fe4390b50c3eefbcc0504) Importer(2089858483,0ecaa5967403d082aa24f35e1b516d23) Generated GUIDs only implemented for interfaces!
 -> (artifact id: 'b6cb91c4de736363e93879683c16c4b1') in 0.025360 seconds
Number of updated asset objects reloaded before import = 0
Number of asset objects unloaded after import = 1
========================================================================
Received Import Request.
  Time since last request: 0.000063 seconds.
  path: Assets/Photon/PhotonUnityNetworking/Demos/PunBasics-Tutorial/Materials/UnitTextureGreen12x.mat
  artifactKey: Guid(8c13ddd2bc8fa4e85943376cf7c8bf7d) Importer(2089858483,0ecaa5967403d082aa24f35e1b516d23)
Start importing Assets/Photon/PhotonUnityNetworking/Demos/PunBasics-Tutorial/Materials/UnitTextureGreen12x.mat using Guid(8c13ddd2bc8fa4e85943376cf7c8bf7d) Importer(2089858483,0ecaa5967403d082aa24f35e1b516d23) Generated GUIDs only implemented for interfaces!
 -> (artifact id: 'fac4dc132aceda3888a51a6bf73c8d1b') in 0.051091 seconds
Number of updated asset objects reloaded before import = 0
Number of asset objects unloaded after import = 2
========================================================================
Received Import Request.
  Time since last request: 0.000022 seconds.
  path: Assets/Photon/PhotonUnityNetworking/Demos/PunCockpit/Forms/UserIdUiForm.cs
  artifactKey: Guid(a37901dfac2364b018833f32816a7a16) Importer(2089858483,0ecaa5967403d082aa24f35e1b516d23)
Start importing Assets/Photon/PhotonUnityNetworking/Demos/PunCockpit/Forms/UserIdUiForm.cs using Guid(a37901dfac2364b018833f32816a7a16) Importer(2089858483,0ecaa5967403d082aa24f35e1b516d23) Generated GUIDs only implemented for interfaces!
 -> (artifact id: '516fb0f1c4299595f44cf1b6b1233a90') in 0.117453 seconds
Number of updated asset objects reloaded before import = 0
Number of asset objects unloaded after import = 1
========================================================================
Received Import Request.
  Time since last request: 0.000026 seconds.
  path: Assets/Photon/PhotonUnityNetworking/Demos/Shared Assets/Animations/HumanoidRunTurn.fbx
  artifactKey: Guid(1062212255550964e974f3ffb3cbaae3) Importer(2089858483,0ecaa5967403d082aa24f35e1b516d23)
Start importing Assets/Photon/PhotonUnityNetworking/Demos/Shared Assets/Animations/HumanoidRunTurn.fbx using Guid(1062212255550964e974f3ffb3cbaae3) Importer(2089858483,0ecaa5967403d082aa24f35e1b516d23) Generated GUIDs only implemented for interfaces!
 -> (artifact id: '99f95c8d6a3419663d5cfd438d243199') in 0.112096 seconds
Number of updated asset objects reloaded before import = 0
Number of asset objects unloaded after import = 184
========================================================================
Received Import Request.
  Time since last request: 0.000035 seconds.
  path: Assets/Photon/PhotonUnityNetworking/Demos/Shared Assets/Materials/UnitTextureRed.mat
  artifactKey: Guid(4c506c95d32f3494e9453ef5c0124b0e) Importer(2089858483,0ecaa5967403d082aa24f35e1b516d23)
Start importing Assets/Photon/PhotonUnityNetworking/Demos/Shared Assets/Materials/UnitTextureRed.mat using Guid(4c506c95d32f3494e9453ef5c0124b0e) Importer(2089858483,0ecaa5967403d082aa24f35e1b516d23) Generated GUIDs only implemented for interfaces!
 -> (artifact id: '8a623fddf861af2a8a8d3235e3be0003') in 0.030238 seconds
Number of updated asset objects reloaded before import = 0
Number of asset objects unloaded after import = 2
========================================================================
Received Import Request.
  Time since last request: 0.000044 seconds.
  path: Assets/Photon/PhotonUnityNetworking/Demos/Shared Assets/Materials/Gradient.mat
  artifactKey: Guid(32e7ed8e6b80b884bbed8260b788648b) Importer(2089858483,0ecaa5967403d082aa24f35e1b516d23)
Start importing Assets/Photon/PhotonUnityNetworking/Demos/Shared Assets/Materials/Gradient.mat using Guid(32e7ed8e6b80b884bbed8260b788648b) Importer(2089858483,0ecaa5967403d082aa24f35e1b516d23) Generated GUIDs only implemented for interfaces!
 -> (artifact id: '5b28fcab63426e9486daad2097ead4bf') in 0.040774 seconds
Number of updated asset objects reloaded before import = 0
Number of asset objects unloaded after import = 2
========================================================================
Received Import Request.
  Time since last request: 0.000036 seconds.
  path: Assets/Photon/PhotonUnityNetworking/Demos/Shared Assets/Animations/HumanoidWalkTurnSharp.fbx
  artifactKey: Guid(bb141fc9a700c9c4ca7e6dadb8acf24b) Importer(2089858483,0ecaa5967403d082aa24f35e1b516d23)
Start importing Assets/Photon/PhotonUnityNetworking/Demos/Shared Assets/Animations/HumanoidWalkTurnSharp.fbx using Guid(bb141fc9a700c9c4ca7e6dadb8acf24b) Importer(2089858483,0ecaa5967403d082aa24f35e1b516d23) Generated GUIDs only implemented for interfaces!
 -> (artifact id: 'cccd831e6baca3bd0a7c7e60ab639a92') in 0.239993 seconds
Number of updated asset objects reloaded before import = 0
Number of asset objects unloaded after import = 158
========================================================================
Received Import Request.
  Time since last request: 0.000037 seconds.
  path: Assets/Photon/PhotonUnityNetworking/Demos/Shared Assets/Animator/ThirdPersonAnimatorController.controller
  artifactKey: Guid(e2cf68ff4b1ffda45a77f7307dd789b9) Importer(2089858483,0ecaa5967403d082aa24f35e1b516d23)
Start importing Assets/Photon/PhotonUnityNetworking/Demos/Shared Assets/Animator/ThirdPersonAnimatorController.controller using Guid(e2cf68ff4b1ffda45a77f7307dd789b9) Importer(2089858483,0ecaa5967403d082aa24f35e1b516d23) Generated GUIDs only implemented for interfaces!
 -> (artifact id: '06e98d53638f6126758d8bcbddf7cc8f') in 0.278073 seconds
Number of updated asset objects reloaded before import = 0
Number of asset objects unloaded after import = 40
========================================================================
Received Import Request.
  Time since last request: 0.000053 seconds.
  path: Assets/Photon/PhotonUnityNetworking/Demos/Shared Assets/Prefabs/PointerPrefab.prefab
  artifactKey: Guid(9c6977a9ecda14e4e96ea3a71c749c2c) Importer(2089858483,0ecaa5967403d082aa24f35e1b516d23)
Start importing Assets/Photon/PhotonUnityNetworking/Demos/Shared Assets/Prefabs/PointerPrefab.prefab using Guid(9c6977a9ecda14e4e96ea3a71c749c2c) Importer(2089858483,0ecaa5967403d082aa24f35e1b516d23) Generated GUIDs only implemented for interfaces!
 -> (artifact id: '109cb657522bdc0956b5d1c325ac96ed') in 0.042092 seconds
Number of updated asset objects reloaded before import = 0
Number of asset objects unloaded after import = 7
========================================================================
Received Import Request.
  Time since last request: 0.000020 seconds.
  path: Assets/Photon/PhotonUnityNetworking/Demos/Shared Assets/Skin/BoxTextHover.png
  artifactKey: Guid(13154691f37c1884c865b54d8bd29d6e) Importer(2089858483,0ecaa5967403d082aa24f35e1b516d23)
Start importing Assets/Photon/PhotonUnityNetworking/Demos/Shared Assets/Skin/BoxTextHover.png using Guid(13154691f37c1884c865b54d8bd29d6e) Importer(2089858483,0ecaa5967403d082aa24f35e1b516d23) Generated GUIDs only implemented for interfaces!
 -> (artifact id: 'fa7b14005038f8b02b248d6c7fc0e4b0') in 0.041994 seconds
Number of updated asset objects reloaded before import = 0
Number of asset objects unloaded after import = 1
========================================================================
Received Import Request.
  Time since last request: 0.000099 seconds.
  path: Assets/Photon/PhotonUnityNetworking/Demos/Shared Assets/Scripts/ThirdPersonCharacter.cs
  artifactKey: Guid(d8bc6cf2d5b0fa7468adcfed2d0454aa) Importer(2089858483,0ecaa5967403d082aa24f35e1b516d23)
Start importing Assets/Photon/PhotonUnityNetworking/Demos/Shared Assets/Scripts/ThirdPersonCharacter.cs using Guid(d8bc6cf2d5b0fa7468adcfed2d0454aa) Importer(2089858483,0ecaa5967403d082aa24f35e1b516d23) Generated GUIDs only implemented for interfaces!
 -> (artifact id: 'a2a848ce424d3effa70a771be3223a6b') in 0.017363 seconds
Number of updated asset objects reloaded before import = 0
Number of asset objects unloaded after import = 1
========================================================================
Received Import Request.
  Time since last request: 0.000160 seconds.
  path: Assets/Photon/PhotonUnityNetworking/Demos/PunBasics-Tutorial/Scripts/GameManager.cs
  artifactKey: Guid(4433564e76b1940028e7e531f171050d) Importer(2089858483,0ecaa5967403d082aa24f35e1b516d23)
Start importing Assets/Photon/PhotonUnityNetworking/Demos/PunBasics-Tutorial/Scripts/GameManager.cs using Guid(4433564e76b1940028e7e531f171050d) Importer(2089858483,0ecaa5967403d082aa24f35e1b516d23) Generated GUIDs only implemented for interfaces!
 -> (artifact id: 'fc0cf0ffdf3fc7f22afdae8ffc89bfaf') in 0.024119 seconds
Number of updated asset objects reloaded before import = 0
Number of asset objects unloaded after import = 1
========================================================================
Received Import Request.
  Time since last request: 0.000176 seconds.
  path: Assets/Photon/PhotonUnityNetworking/Demos/PunBasics-Tutorial/Prefabs/Player UI.prefab
  artifactKey: Guid(e41946a981c3b444a84d15eb7c608ca4) Importer(2089858483,0ecaa5967403d082aa24f35e1b516d23)
Start importing Assets/Photon/PhotonUnityNetworking/Demos/PunBasics-Tutorial/Prefabs/Player UI.prefab using Guid(e41946a981c3b444a84d15eb7c608ca4) Importer(2089858483,0ecaa5967403d082aa24f35e1b516d23) Generated GUIDs only implemented for interfaces!
 -> (artifact id: 'd9272ad072f4e174e6e0e76d9a966969') in 0.049887 seconds
Number of updated asset objects reloaded before import = 0
Number of asset objects unloaded after import = 28
========================================================================
Received Import Request.
  Time since last request: 0.000033 seconds.
  path: Assets/Photon/PhotonUnityNetworking/Demos/DemoSlotRacer/Resources/Player Controller.prefab
  artifactKey: Guid(c9248d8e58293473bb27cf2f5505f88b) Importer(2089858483,0ecaa5967403d082aa24f35e1b516d23)
Start importing Assets/Photon/PhotonUnityNetworking/Demos/DemoSlotRacer/Resources/Player Controller.prefab using Guid(c9248d8e58293473bb27cf2f5505f88b) Importer(2089858483,0ecaa5967403d082aa24f35e1b516d23) Generated GUIDs only implemented for interfaces!
 -> (artifact id: 'ce453b1e315dc0e2dbe3e88703de100a') in 0.054388 seconds
Number of updated asset objects reloaded before import = 0
Number of asset objects unloaded after import = 307
========================================================================
Received Import Request.
  Time since last request: 0.000040 seconds.
  path: Assets/Photon/PhotonUnityNetworking/Demos/Shared Assets/Animations/HumanoidJumpAndFall.fbx
  artifactKey: Guid(51dd2e4c869794f75a0df7d54b210214) Importer(2089858483,0ecaa5967403d082aa24f35e1b516d23)
Start importing Assets/Photon/PhotonUnityNetworking/Demos/Shared Assets/Animations/HumanoidJumpAndFall.fbx using Guid(51dd2e4c869794f75a0df7d54b210214) Importer(2089858483,0ecaa5967403d082aa24f35e1b516d23) Generated GUIDs only implemented for interfaces!
 -> (artifact id: 'f4290c28448ec691306e68a211263d86') in 0.161858 seconds
Number of updated asset objects reloaded before import = 0
Number of asset objects unloaded after import = 160
========================================================================
Received Import Request.
  Time since last request: 0.000034 seconds.
  path: Assets/Photon/PhotonUnityNetworking/Demos/PunBasics-Tutorial/Scripts/CameraWork.cs
  artifactKey: Guid(fd08475b23aa548b7b9d28397d430b32) Importer(2089858483,0ecaa5967403d082aa24f35e1b516d23)
Start importing Assets/Photon/PhotonUnityNetworking/Demos/PunBasics-Tutorial/Scripts/CameraWork.cs using Guid(fd08475b23aa548b7b9d28397d430b32) Importer(2089858483,0ecaa5967403d082aa24f35e1b516d23) Generated GUIDs only implemented for interfaces!
 -> (artifact id: 'c73bd36082e15e891a87f69f0b81b87e') in 0.020732 seconds
Number of updated asset objects reloaded before import = 0
Number of asset objects unloaded after import = 1
========================================================================
Received Import Request.
  Time since last request: 0.000141 seconds.
  path: Assets/Photon/PhotonUnityNetworking/UtilityScripts/PhotonPlayer/Editor/PunTeamsInspector.cs
  artifactKey: Guid(7dcadaf22424c4f5d82f4d48c3b8097f) Importer(2089858483,0ecaa5967403d082aa24f35e1b516d23)
Start importing Assets/Photon/PhotonUnityNetworking/UtilityScripts/PhotonPlayer/Editor/PunTeamsInspector.cs using Guid(7dcadaf22424c4f5d82f4d48c3b8097f) Importer(2089858483,0ecaa5967403d082aa24f35e1b516d23) Generated GUIDs only implemented for interfaces!
 -> (artifact id: 'c2348575a8c11d1e75c9d0ff28bc7378') in 0.019845 seconds
Number of updated asset objects reloaded before import = 0
Number of asset objects unloaded after import = 1
========================================================================
Received Import Request.
  Time since last request: 0.000324 seconds.
  path: Assets/PlayFabSDK/Economy/PlayFabEvents.cs
  artifactKey: Guid(a2679e440c4893c4f9b6e5d5314c0465) Importer(2089858483,0ecaa5967403d082aa24f35e1b516d23)
Start importing Assets/PlayFabSDK/Economy/PlayFabEvents.cs using Guid(a2679e440c4893c4f9b6e5d5314c0465) Importer(2089858483,0ecaa5967403d082aa24f35e1b516d23) Generated GUIDs only implemented for interfaces!
 -> (artifact id: '6bb3d82aaa5575f158a402a16b1c16a7') in 0.018510 seconds
Number of updated asset objects reloaded before import = 0
Number of asset objects unloaded after import = 1
========================================================================
Received Import Request.
  Time since last request: 0.000179 seconds.
  path: Assets/Photon/PhotonUnityNetworking/Demos/Shared Assets/Skin/Orbitron Black.ttf
  artifactKey: Guid(495c9e2a934bcc640a8d7427b13cb680) Importer(2089858483,0ecaa5967403d082aa24f35e1b516d23)
Start importing Assets/Photon/PhotonUnityNetworking/Demos/Shared Assets/Skin/Orbitron Black.ttf using Guid(495c9e2a934bcc640a8d7427b13cb680) Importer(2089858483,0ecaa5967403d082aa24f35e1b516d23) Generated GUIDs only implemented for interfaces!
 -> (artifact id: '4430ea5f835c184af98e01741a348d4c') in 0.019110 seconds
Number of updated asset objects reloaded before import = 0
Number of asset objects unloaded after import = 3
========================================================================
Received Import Request.
  Time since last request: 0.000092 seconds.
  path: Assets/Photon/PhotonVoice/Code/FMOD/Editor/PhotonVoice.FMOD.Editor.asmdef
  artifactKey: Guid(4f7021285a23e9c4ab652c94802fafe8) Importer(2089858483,0ecaa5967403d082aa24f35e1b516d23)
Start importing Assets/Photon/PhotonVoice/Code/FMOD/Editor/PhotonVoice.FMOD.Editor.asmdef using Guid(4f7021285a23e9c4ab652c94802fafe8) Importer(2089858483,0ecaa5967403d082aa24f35e1b516d23) Generated GUIDs only implemented for interfaces!
 -> (artifact id: '169434803559fb229667bd11faab3fc4') in 0.025903 seconds
Number of updated asset objects reloaded before import = 0
Number of asset objects unloaded after import = 1
========================================================================
Received Import Request.
  Time since last request: 0.000111 seconds.
  path: Assets/Photon/PhotonUnityNetworking/UtilityScripts/PhotonPlayer/Editor/PlayerNumberingInspector.cs
  artifactKey: Guid(d6590f39353bf4efdb3b14691166135f) Importer(2089858483,0ecaa5967403d082aa24f35e1b516d23)
Start importing Assets/Photon/PhotonUnityNetworking/UtilityScripts/PhotonPlayer/Editor/PlayerNumberingInspector.cs using Guid(d6590f39353bf4efdb3b14691166135f) Importer(2089858483,0ecaa5967403d082aa24f35e1b516d23) Generated GUIDs only implemented for interfaces!
 -> (artifact id: '0452ff55a403aeef1b2c9b6825f191f6') in 0.017999 seconds
Number of updated asset objects reloaded before import = 0
Number of asset objects unloaded after import = 1
========================================================================
Received Import Request.
  Time since last request: 0.000140 seconds.
  path: Assets/Photon/PhotonUnityNetworking/Demos/Shared Assets/Textures/UnitCircleTexture.png
  artifactKey: Guid(875557e634eec5c42a4681b331501c01) Importer(2089858483,0ecaa5967403d082aa24f35e1b516d23)
Start importing Assets/Photon/PhotonUnityNetworking/Demos/Shared Assets/Textures/UnitCircleTexture.png using Guid(875557e634eec5c42a4681b331501c01) Importer(2089858483,0ecaa5967403d082aa24f35e1b516d23) Generated GUIDs only implemented for interfaces!
 -> (artifact id: 'b1628d7d71b940b0486d6f56d51effa8') in 0.034308 seconds
Number of updated asset objects reloaded before import = 0
Number of asset objects unloaded after import = 1
========================================================================
Received Import Request.
  Time since last request: 0.000097 seconds.
  path: Assets/Photon/PhotonUnityNetworking/Demos/Shared Assets/Skin/Jura-Flat-Material.mat
  artifactKey: Guid(c190da5d14d0e904ba512abe82018576) Importer(2089858483,0ecaa5967403d082aa24f35e1b516d23)
Start importing Assets/Photon/PhotonUnityNetworking/Demos/Shared Assets/Skin/Jura-Flat-Material.mat using Guid(c190da5d14d0e904ba512abe82018576) Importer(2089858483,0ecaa5967403d082aa24f35e1b516d23) Generated GUIDs only implemented for interfaces!
 -> (artifact id: 'ee7c9010105cc641fc2b7d47b7d1d19b') in 0.031391 seconds
Number of updated asset objects reloaded before import = 0
Number of asset objects unloaded after import = 2
========================================================================
Received Import Request.
  Time since last request: 0.000030 seconds.
  path: Assets/Photon/PhotonUnityNetworking/Demos/PunBasics-Tutorial/Materials/Red Beam.mat
  artifactKey: Guid(409bf720e9924426b9f253cf037a8f4e) Importer(2089858483,0ecaa5967403d082aa24f35e1b516d23)
Start importing Assets/Photon/PhotonUnityNetworking/Demos/PunBasics-Tutorial/Materials/Red Beam.mat using Guid(409bf720e9924426b9f253cf037a8f4e) Importer(2089858483,0ecaa5967403d082aa24f35e1b516d23) Generated GUIDs only implemented for interfaces!
 -> (artifact id: '4871272620474de2512d07fbb3657526') in 0.025243 seconds
Number of updated asset objects reloaded before import = 0
Number of asset objects unloaded after import = 1
========================================================================
Received Import Request.
  Time since last request: 0.000169 seconds.
  path: Assets/Photon/PhotonUnityNetworking/Demos/PunCockpit/Prefabs/Tab Toggle.prefab
  artifactKey: Guid(192c18d73e55e466d89edd9bc2ab936d) Importer(2089858483,0ecaa5967403d082aa24f35e1b516d23)
Start importing Assets/Photon/PhotonUnityNetworking/Demos/PunCockpit/Prefabs/Tab Toggle.prefab using Guid(192c18d73e55e466d89edd9bc2ab936d) Importer(2089858483,0ecaa5967403d082aa24f35e1b516d23) Generated GUIDs only implemented for interfaces!
 -> (artifact id: '111c8e5abb43105de2f4d4087d91c2e7') in 0.055983 seconds
Number of updated asset objects reloaded before import = 0
Number of asset objects unloaded after import = 32
========================================================================
Received Import Request.
  Time since last request: 0.000038 seconds.
  path: Assets/Photon/PhotonUnityNetworking/Demos/PunBasics-Tutorial/Scripts/PlayerUI.cs
  artifactKey: Guid(dba1a179e553446f0a08606778f559f1) Importer(2089858483,0ecaa5967403d082aa24f35e1b516d23)
Start importing Assets/Photon/PhotonUnityNetworking/Demos/PunBasics-Tutorial/Scripts/PlayerUI.cs using Guid(dba1a179e553446f0a08606778f559f1) Importer(2089858483,0ecaa5967403d082aa24f35e1b516d23) Generated GUIDs only implemented for interfaces!
 -> (artifact id: '962643d9db37f66ed11b6795573525fa') in 0.017610 seconds
Number of updated asset objects reloaded before import = 0
Number of asset objects unloaded after import = 1
========================================================================
Received Import Request.
  Time since last request: 0.000086 seconds.
  path: Assets/Photon/PhotonUnityNetworking/Demos/Shared Assets/Skin/Toggle.png
  artifactKey: Guid(b213d4a4b20760f49a105e29da3e4a9a) Importer(2089858483,0ecaa5967403d082aa24f35e1b516d23)
Start importing Assets/Photon/PhotonUnityNetworking/Demos/Shared Assets/Skin/Toggle.png using Guid(b213d4a4b20760f49a105e29da3e4a9a) Importer(2089858483,0ecaa5967403d082aa24f35e1b516d23) Generated GUIDs only implemented for interfaces!
 -> (artifact id: '505e5b83abc29553bd691f639bb1802d') in 0.040755 seconds
Number of updated asset objects reloaded before import = 0
Number of asset objects unloaded after import = 1
========================================================================
Received Import Request.
  Time since last request: 0.000025 seconds.
  path: Assets/Photon/PhotonUnityNetworking/Code/Editor/ReordableList/LICENSE.txt
  artifactKey: Guid(c2fbd2e43c3dfae4d9830e9921238cf5) Importer(2089858483,0ecaa5967403d082aa24f35e1b516d23)
Start importing Assets/Photon/PhotonUnityNetworking/Code/Editor/ReordableList/LICENSE.txt using Guid(c2fbd2e43c3dfae4d9830e9921238cf5) Importer(2089858483,0ecaa5967403d082aa24f35e1b516d23) Generated GUIDs only implemented for interfaces!
 -> (artifact id: '3fab64badd19b9125eb33b038e72e318') in 0.025717 seconds
Number of updated asset objects reloaded before import = 0
Number of asset objects unloaded after import = 1
========================================================================
Received Import Request.
  Time since last request: 0.000027 seconds.
  path: Assets/Photon/PhotonUnityNetworking/Demos/Shared Assets/Skin/eurof35.ttf
  artifactKey: Guid(954746d370bc8934299c8c8267543f4f) Importer(2089858483,0ecaa5967403d082aa24f35e1b516d23)
Start importing Assets/Photon/PhotonUnityNetworking/Demos/Shared Assets/Skin/eurof35.ttf using Guid(954746d370bc8934299c8c8267543f4f) Importer(2089858483,0ecaa5967403d082aa24f35e1b516d23) Generated GUIDs only implemented for interfaces!
 -> (artifact id: '26d20b624c97a0978da117ccd3098bca') in 0.023186 seconds
Number of updated asset objects reloaded before import = 0
Number of asset objects unloaded after import = 3
========================================================================
Received Import Request.
  Time since last request: 0.000028 seconds.
  path: Assets/Photon/PhotonUnityNetworking/Demos/Shared Assets/Skin/DropDown Arrow.png
  artifactKey: Guid(936345f7fc3934efa8119a8700d904c7) Importer(2089858483,0ecaa5967403d082aa24f35e1b516d23)
Start importing Assets/Photon/PhotonUnityNetworking/Demos/Shared Assets/Skin/DropDown Arrow.png using Guid(936345f7fc3934efa8119a8700d904c7) Importer(2089858483,0ecaa5967403d082aa24f35e1b516d23) Generated GUIDs only implemented for interfaces!
 -> (artifact id: '15746c9d0e7144eeaa3d8953ebd0ab27') in 0.053922 seconds
Number of updated asset objects reloaded before import = 0
Number of asset objects unloaded after import = 3
========================================================================
Received Import Request.
  Time since last request: 0.000053 seconds.
  path: Assets/Photon/PhotonUnityNetworking/Demos/Shared Assets/Textures/UnitTextureBlue.png
  artifactKey: Guid(bf44fd0b5bb0c4142b16ba9db02789fc) Importer(2089858483,0ecaa5967403d082aa24f35e1b516d23)
Start importing Assets/Photon/PhotonUnityNetworking/Demos/Shared Assets/Textures/UnitTextureBlue.png using Guid(bf44fd0b5bb0c4142b16ba9db02789fc) Importer(2089858483,0ecaa5967403d082aa24f35e1b516d23) Generated GUIDs only implemented for interfaces!
 -> (artifact id: 'dbf4b156c8381e4510fab1128ca046f0') in 0.051473 seconds
Number of updated asset objects reloaded before import = 0
Number of asset objects unloaded after import = 1
========================================================================
Received Import Request.
  Time since last request: 0.000101 seconds.
  path: Assets/Photon/PhotonUnityNetworking/UtilityScripts/Culling/Editor/CullAreaEditor.cs
  artifactKey: Guid(abadaa451a7bff0489078ed9eec61133) Importer(2089858483,0ecaa5967403d082aa24f35e1b516d23)
Start importing Assets/Photon/PhotonUnityNetworking/UtilityScripts/Culling/Editor/CullAreaEditor.cs using Guid(abadaa451a7bff0489078ed9eec61133) Importer(2089858483,0ecaa5967403d082aa24f35e1b516d23) Generated GUIDs only implemented for interfaces!
 -> (artifact id: 'b3df8a298a361eefcbd117f77fc7c122') in 0.022760 seconds
Number of updated asset objects reloaded before import = 0
Number of asset objects unloaded after import = 1
========================================================================
Received Import Request.
  Time since last request: 0.000178 seconds.
  path: Assets/Photon/PhotonUnityNetworking/Demos/Shared Assets/Skin/ToggleOn.png
  artifactKey: Guid(0520b1e88ad26ae4bb758a35cdf13a64) Importer(2089858483,0ecaa5967403d082aa24f35e1b516d23)
Start importing Assets/Photon/PhotonUnityNetworking/Demos/Shared Assets/Skin/ToggleOn.png using Guid(0520b1e88ad26ae4bb758a35cdf13a64) Importer(2089858483,0ecaa5967403d082aa24f35e1b516d23) Generated GUIDs only implemented for interfaces!
 -> (artifact id: 'b8e6a1d87e3e8c1da2d795a1b1096cd8') in 0.150230 seconds
Number of updated asset objects reloaded before import = 0
Number of asset objects unloaded after import = 1
========================================================================
Received Import Request.
  Time since last request: 0.000088 seconds.
  path: Assets/Photon/PhotonVoice/Demos/DemoVoiceProximityChat/Scripts/ProximityVoiceTrigger.cs
  artifactKey: Guid(93f52792dd821664a896b3c1c0418b9e) Importer(2089858483,0ecaa5967403d082aa24f35e1b516d23)
Start importing Assets/Photon/PhotonVoice/Demos/DemoVoiceProximityChat/Scripts/ProximityVoiceTrigger.cs using Guid(93f52792dd821664a896b3c1c0418b9e) Importer(2089858483,0ecaa5967403d082aa24f35e1b516d23) Generated GUIDs only implemented for interfaces!
 -> (artifact id: '6d2f3d7a8c4acdaa7ec419096d1c182b') in 0.026702 seconds
Number of updated asset objects reloaded before import = 0
Number of asset objects unloaded after import = 1
========================================================================
Received Import Request.
  Time since last request: 0.000145 seconds.
  path: Assets/Photon/PhotonVoice/Demos/DemoVoicePun/Materials/HellephantMaterial.mat
  artifactKey: Guid(20c2c861010d0ce49a4716087f02535e) Importer(2089858483,0ecaa5967403d082aa24f35e1b516d23)
Start importing Assets/Photon/PhotonVoice/Demos/DemoVoicePun/Materials/HellephantMaterial.mat using Guid(20c2c861010d0ce49a4716087f02535e) Importer(2089858483,0ecaa5967403d082aa24f35e1b516d23) Generated GUIDs only implemented for interfaces!
 -> (artifact id: '5f8a2eb627d19d5917b3244c0622639a') in 0.271283 seconds
Number of updated asset objects reloaded before import = 0
Number of asset objects unloaded after import = 6
========================================================================
Received Import Request.
  Time since last request: 0.000031 seconds.
  path: Assets/Photon/PhotonVoice/Demos/DemoVoicePun/Materials/Gradient.png
  artifactKey: Guid(c617f033b045e154fa2ccd982228f36b) Importer(2089858483,0ecaa5967403d082aa24f35e1b516d23)
Start importing Assets/Photon/PhotonVoice/Demos/DemoVoicePun/Materials/Gradient.png using Guid(c617f033b045e154fa2ccd982228f36b) Importer(2089858483,0ecaa5967403d082aa24f35e1b516d23) Generated GUIDs only implemented for interfaces!
 -> (artifact id: 'abc780d9e7dcacc0d1c1057c00a0d52b') in 0.075024 seconds
Number of updated asset objects reloaded before import = 0
Number of asset objects unloaded after import = 1
========================================================================
Received Import Request.
  Time since last request: 0.000098 seconds.
  path: Assets/Photon/PhotonVoice/Code/UtilityScripts/MicAmplifier/MicAmplifierShort.cs
  artifactKey: Guid(fa8d3b254d2d2e6488f58f4d71ee2363) Importer(2089858483,0ecaa5967403d082aa24f35e1b516d23)
Start importing Assets/Photon/PhotonVoice/Code/UtilityScripts/MicAmplifier/MicAmplifierShort.cs using Guid(fa8d3b254d2d2e6488f58f4d71ee2363) Importer(2089858483,0ecaa5967403d082aa24f35e1b516d23) Generated GUIDs only implemented for interfaces!
 -> (artifact id: '2b46e575e21fa5d9365661515c467abf') in 0.019942 seconds
Number of updated asset objects reloaded before import = 0
Number of asset objects unloaded after import = 1
========================================================================
Received Import Request.
  Time since last request: 0.000241 seconds.
  path: Assets/Photon/PhotonVoice/Demos/DemoVoicePun/Materials/SkyBox-Voice.mat
  artifactKey: Guid(378e6f5b30ae67c4da6848fcb2f8b455) Importer(2089858483,0ecaa5967403d082aa24f35e1b516d23)
Start importing Assets/Photon/PhotonVoice/Demos/DemoVoicePun/Materials/SkyBox-Voice.mat using Guid(378e6f5b30ae67c4da6848fcb2f8b455) Importer(2089858483,0ecaa5967403d082aa24f35e1b516d23) Generated GUIDs only implemented for interfaces!
 -> (artifact id: '2047857594cda6b4f63896c7e281bb5c') in 0.071525 seconds
Number of updated asset objects reloaded before import = 0
Number of asset objects unloaded after import = 2
========================================================================
Received Import Request.
  Time since last request: 0.000033 seconds.
  path: Assets/Photon/PhotonVoice/Demos/DemoVoicePun/Materials/Ground.mat
  artifactKey: Guid(7ec261d64781e0a43859a5fc0c20ea3e) Importer(2089858483,0ecaa5967403d082aa24f35e1b516d23)
Start importing Assets/Photon/PhotonVoice/Demos/DemoVoicePun/Materials/Ground.mat using Guid(7ec261d64781e0a43859a5fc0c20ea3e) Importer(2089858483,0ecaa5967403d082aa24f35e1b516d23) Generated GUIDs only implemented for interfaces!
 -> (artifact id: '1a6cccaebcca716b5cf5b7285f470476') in 0.033830 seconds
Number of updated asset objects reloaded before import = 0
Number of asset objects unloaded after import = 2
========================================================================
Received Import Request.
  Time since last request: 0.000020 seconds.
  path: Assets/Photon/PhotonVoice/Demos/DemoVoicePun/Resources/Speaker.prefab
  artifactKey: Guid(74d3f5789ce48c041b35b67b9f1e8064) Importer(2089858483,0ecaa5967403d082aa24f35e1b516d23)
Start importing Assets/Photon/PhotonVoice/Demos/DemoVoicePun/Resources/Speaker.prefab using Guid(74d3f5789ce48c041b35b67b9f1e8064) Importer(2089858483,0ecaa5967403d082aa24f35e1b516d23) Generated GUIDs only implemented for interfaces!
 -> (artifact id: '884dc073c7fe56065a5691f1c5694e52') in 0.039423 seconds
Number of updated asset objects reloaded before import = 0
Number of asset objects unloaded after import = 6
========================================================================
Received Import Request.
  Time since last request: 0.000030 seconds.
  path: Assets/Photon/PhotonVoice/Demos/DemoVoicePun/Resources/Hellephant-Remote.prefab
  artifactKey: Guid(912c2829d51be264d909b2ec61a5c020) Importer(2089858483,0ecaa5967403d082aa24f35e1b516d23)
Start importing Assets/Photon/PhotonVoice/Demos/DemoVoicePun/Resources/Hellephant-Remote.prefab using Guid(912c2829d51be264d909b2ec61a5c020) Importer(2089858483,0ecaa5967403d082aa24f35e1b516d23) Generated GUIDs only implemented for interfaces!
 -> (artifact id: '8345a58d80b0e6bca1709675759fff69') in 0.106191 seconds
Number of updated asset objects reloaded before import = 0
Number of asset objects unloaded after import = 65
========================================================================
Received Import Request.
  Time since last request: 0.000051 seconds.
  path: Assets/Photon/PhotonVoice/Demos/DemoVoicePun/Scripts/BetterToggle.cs
  artifactKey: Guid(02aa66d915b164c41880df3b7ced396a) Importer(2089858483,0ecaa5967403d082aa24f35e1b516d23)
Start importing Assets/Photon/PhotonVoice/Demos/DemoVoicePun/Scripts/BetterToggle.cs using Guid(02aa66d915b164c41880df3b7ced396a) Importer(2089858483,0ecaa5967403d082aa24f35e1b516d23) Generated GUIDs only implemented for interfaces!
 -> (artifact id: 'ff740022bc41af5258db64d1e031ff7f') in 0.027196 seconds
Number of updated asset objects reloaded before import = 0
Number of asset objects unloaded after import = 1
========================================================================
Received Import Request.
  Time since last request: 0.000159 seconds.
  path: Assets/Photon/PhotonVoice/Demos/DemoVoicePun/Scripts/MouseLookHelper.cs
  artifactKey: Guid(7cec8b58f1f52c74ba0226ade0cdcc53) Importer(2089858483,0ecaa5967403d082aa24f35e1b516d23)
Start importing Assets/Photon/PhotonVoice/Demos/DemoVoicePun/Scripts/MouseLookHelper.cs using Guid(7cec8b58f1f52c74ba0226ade0cdcc53) Importer(2089858483,0ecaa5967403d082aa24f35e1b516d23) Generated GUIDs only implemented for interfaces!
 -> (artifact id: '8d50707150fa8efc5a3b071d85776234') in 0.020308 seconds
Number of updated asset objects reloaded before import = 0
Number of asset objects unloaded after import = 1
========================================================================
Received Import Request.
  Time since last request: 0.000160 seconds.
  path: Assets/Photon/PhotonVoice/Demos/DemoVoicePun/Materials/ZombunnyMaterial.mat
  artifactKey: Guid(90309a9ae07af7a4baf27031c594f369) Importer(2089858483,0ecaa5967403d082aa24f35e1b516d23)
Start importing Assets/Photon/PhotonVoice/Demos/DemoVoicePun/Materials/ZombunnyMaterial.mat using Guid(90309a9ae07af7a4baf27031c594f369) Importer(2089858483,0ecaa5967403d082aa24f35e1b516d23) Generated GUIDs only implemented for interfaces!
 -> (artifact id: '4f12dd9325e3302a1b807aa094cbe615') in 0.144870 seconds
Number of updated asset objects reloaded before import = 0
Number of asset objects unloaded after import = 6
========================================================================
Received Import Request.
  Time since last request: 0.000028 seconds.
  path: Assets/Photon/PhotonVoice/Demos/DemoVoiceProximityChat/Materials/PointerUpMaterial.mat
  artifactKey: Guid(13e9c48926ccc704caab4f3b6fd0eeca) Importer(2089858483,0ecaa5967403d082aa24f35e1b516d23)
Start importing Assets/Photon/PhotonVoice/Demos/DemoVoiceProximityChat/Materials/PointerUpMaterial.mat using Guid(13e9c48926ccc704caab4f3b6fd0eeca) Importer(2089858483,0ecaa5967403d082aa24f35e1b516d23) Generated GUIDs only implemented for interfaces!
 -> (artifact id: '809347d7463d2a75d553fefbb128e97a') in 0.037744 seconds
Number of updated asset objects reloaded before import = 0
Number of asset objects unloaded after import = 1
========================================================================
Received Import Request.
  Time since last request: 0.000083 seconds.
  path: Assets/Photon/PhotonVoice/Demos/DemoVoiceProximityChat/Materials/PointerMaterial.mat
  artifactKey: Guid(8e5ddf08ecd7f544cb53fab72178a0e0) Importer(2089858483,0ecaa5967403d082aa24f35e1b516d23)
Start importing Assets/Photon/PhotonVoice/Demos/DemoVoiceProximityChat/Materials/PointerMaterial.mat using Guid(8e5ddf08ecd7f544cb53fab72178a0e0) Importer(2089858483,0ecaa5967403d082aa24f35e1b516d23) Generated GUIDs only implemented for interfaces!
 -> (artifact id: '4b4188661a0a832afc6fe455d0671e33') in 0.038704 seconds
Number of updated asset objects reloaded before import = 0
Number of asset objects unloaded after import = 1
========================================================================
Received Import Request.
  Time since last request: 0.000129 seconds.
  path: Assets/Photon/PhotonVoice/Demos/DemoVoiceProximityChat/Materials/GroundMaterial.mat
  artifactKey: Guid(28bac3abffecbe1448a30968e2382d1b) Importer(2089858483,0ecaa5967403d082aa24f35e1b516d23)
Start importing Assets/Photon/PhotonVoice/Demos/DemoVoiceProximityChat/Materials/GroundMaterial.mat using Guid(28bac3abffecbe1448a30968e2382d1b) Importer(2089858483,0ecaa5967403d082aa24f35e1b516d23) Generated GUIDs only implemented for interfaces!
 -> (artifact id: '2f4011aeb1c4cff2e5a39d2c83e92be4') in 0.034415 seconds
Number of updated asset objects reloaded before import = 0
Number of asset objects unloaded after import = 2
========================================================================
Received Import Request.
  Time since last request: 0.000028 seconds.
  path: Assets/Photon/PhotonVoice/Demos/DemoVoicePun/Textures/gizmo-speaker.png
  artifactKey: Guid(c47e398a757a26944afdfef9c300a9e9) Importer(2089858483,0ecaa5967403d082aa24f35e1b516d23)
Start importing Assets/Photon/PhotonVoice/Demos/DemoVoicePun/Textures/gizmo-speaker.png using Guid(c47e398a757a26944afdfef9c300a9e9) Importer(2089858483,0ecaa5967403d082aa24f35e1b516d23) Generated GUIDs only implemented for interfaces!
 -> (artifact id: '0f99d2ddc1660a3f1abf05121d451634') in 0.049695 seconds
Number of updated asset objects reloaded before import = 0
Number of asset objects unloaded after import = 3
========================================================================
Received Import Request.
  Time since last request: 0.000027 seconds.
  path: Assets/Photon/PhotonVoice/Demos/DemoVoicePun/Textures/SkyBox-Voice.png
  artifactKey: Guid(6bf085433a5c14c4a8c64333fba3eb8b) Importer(2089858483,0ecaa5967403d082aa24f35e1b516d23)
Start importing Assets/Photon/PhotonVoice/Demos/DemoVoicePun/Textures/SkyBox-Voice.png using Guid(6bf085433a5c14c4a8c64333fba3eb8b) Importer(2089858483,0ecaa5967403d082aa24f35e1b516d23) Generated GUIDs only implemented for interfaces!
 -> (artifact id: '1e0d62bf88503aab4bbca7cf7c6b6f13') in 0.047959 seconds
Number of updated asset objects reloaded before import = 0
Number of asset objects unloaded after import = 1
========================================================================
Received Import Request.
  Time since last request: 0.000123 seconds.
  path: Assets/Photon/PhotonVoice/Demos/DemoVoicePun/Textures/ZomBunnyNormals.png
  artifactKey: Guid(198e8077dfa85724e949b8ee7111f203) Importer(2089858483,0ecaa5967403d082aa24f35e1b516d23)
Start importing Assets/Photon/PhotonVoice/Demos/DemoVoicePun/Textures/ZomBunnyNormals.png using Guid(198e8077dfa85724e949b8ee7111f203) Importer(2089858483,0ecaa5967403d082aa24f35e1b516d23) Generated GUIDs only implemented for interfaces!
 -> (artifact id: '564369a482bd5d378b32cfca31a70e75') in 0.034594 seconds
Number of updated asset objects reloaded before import = 0
Number of asset objects unloaded after import = 1
========================================================================
Received Import Request.
  Time since last request: 0.000029 seconds.
  path: Assets/Photon/PhotonVoice/Demos/DemoVoicePun/Textures/gizmo-speech-bubble.png
  artifactKey: Guid(7f03ad306684b814691c894ce28dc105) Importer(2089858483,0ecaa5967403d082aa24f35e1b516d23)
Start importing Assets/Photon/PhotonVoice/Demos/DemoVoicePun/Textures/gizmo-speech-bubble.png using Guid(7f03ad306684b814691c894ce28dc105) Importer(2089858483,0ecaa5967403d082aa24f35e1b516d23) Generated GUIDs only implemented for interfaces!
 -> (artifact id: 'da2f76a643d191e6362d8e038a8c6dbb') in 0.038092 seconds
Number of updated asset objects reloaded before import = 0
Number of asset objects unloaded after import = 3
========================================================================
Received Import Request.
  Time since last request: 0.000091 seconds.
  path: Assets/Photon/PhotonVoice/Demos/DemoVoicePun/Textures/HellephantDiffuse.png
  artifactKey: Guid(e6e99f9ddd45baf4bb95a4f65b0d88de) Importer(2089858483,0ecaa5967403d082aa24f35e1b516d23)
Start importing Assets/Photon/PhotonVoice/Demos/DemoVoicePun/Textures/HellephantDiffuse.png using Guid(e6e99f9ddd45baf4bb95a4f65b0d88de) Importer(2089858483,0ecaa5967403d082aa24f35e1b516d23) Generated GUIDs only implemented for interfaces!
 -> (artifact id: '1393f1076e739883d71388cfa27fe632') in 0.039621 seconds
Number of updated asset objects reloaded before import = 0
Number of asset objects unloaded after import = 1
========================================================================
Received Import Request.
  Time since last request: 0.000193 seconds.
  path: Assets/Photon/PhotonVoice/Demos/DemoVoicePun/Textures/ZomBunnyEmissive.png
  artifactKey: Guid(f48f0c81ef3d12e43aa8ca0b3e87ead8) Importer(2089858483,0ecaa5967403d082aa24f35e1b516d23)
Start importing Assets/Photon/PhotonVoice/Demos/DemoVoicePun/Textures/ZomBunnyEmissive.png using Guid(f48f0c81ef3d12e43aa8ca0b3e87ead8) Importer(2089858483,0ecaa5967403d082aa24f35e1b516d23) Generated GUIDs only implemented for interfaces!
 -> (artifact id: '8bea47cb0b8320b3fb28d751d3116ca3') in 0.040386 seconds
Number of updated asset objects reloaded before import = 0
Number of asset objects unloaded after import = 1
========================================================================
Received Import Request.
  Time since last request: 0.000063 seconds.
  path: Assets/Photon/PhotonVoice/Demos/DemoVoicePun/Textures/ZomBearEmission.png
  artifactKey: Guid(0513a639646d5434085ed846c332e341) Importer(2089858483,0ecaa5967403d082aa24f35e1b516d23)
Start importing Assets/Photon/PhotonVoice/Demos/DemoVoicePun/Textures/ZomBearEmission.png using Guid(0513a639646d5434085ed846c332e341) Importer(2089858483,0ecaa5967403d082aa24f35e1b516d23) Generated GUIDs only implemented for interfaces!
 -> (artifact id: '463337abac3647689acbfe54d252c3ed') in 0.032787 seconds
Number of updated asset objects reloaded before import = 0
Number of asset objects unloaded after import = 1
========================================================================
Received Import Request.
  Time since last request: 0.000129 seconds.
  path: Assets/Photon/PhotonVoice/Demos/DemoVoicePun/Textures/ZomBearNormals.png
  artifactKey: Guid(babf27cb902ceac438c89f0dcb30bccb) Importer(2089858483,0ecaa5967403d082aa24f35e1b516d23)
Start importing Assets/Photon/PhotonVoice/Demos/DemoVoicePun/Textures/ZomBearNormals.png using Guid(babf27cb902ceac438c89f0dcb30bccb) Importer(2089858483,0ecaa5967403d082aa24f35e1b516d23) Generated GUIDs only implemented for interfaces!
 -> (artifact id: '694c1f0d29c1fd90013db22c9acda89f') in 0.104019 seconds
Number of updated asset objects reloaded before import = 0
Number of asset objects unloaded after import = 1
========================================================================
Received Import Request.
  Time since last request: 0.000153 seconds.
  path: Assets/Photon/PhotonVoice/Demos/DemoVoicePun/Materials/EyesMaterial.mat
  artifactKey: Guid(51d14e0fd3936be48bf8d5031d3e24c7) Importer(2089858483,0ecaa5967403d082aa24f35e1b516d23)
Start importing Assets/Photon/PhotonVoice/Demos/DemoVoicePun/Materials/EyesMaterial.mat using Guid(51d14e0fd3936be48bf8d5031d3e24c7) Importer(2089858483,0ecaa5967403d082aa24f35e1b516d23) Generated GUIDs only implemented for interfaces!
 -> (artifact id: 'c7993175e1f2feb1a1f9ac7605556060') in 0.031440 seconds
Number of updated asset objects reloaded before import = 0
Number of asset objects unloaded after import = 1
========================================================================
Received Import Request.
  Time since last request: 0.000122 seconds.
  path: Assets/Photon/PhotonVoice/Demos/DemoVoicePun/Resources/Hellephant.prefab
  artifactKey: Guid(548c56f4bcf4db24b8aa057e9846a005) Importer(2089858483,0ecaa5967403d082aa24f35e1b516d23)
Start importing Assets/Photon/PhotonVoice/Demos/DemoVoicePun/Resources/Hellephant.prefab using Guid(548c56f4bcf4db24b8aa057e9846a005) Importer(2089858483,0ecaa5967403d082aa24f35e1b516d23) Generated GUIDs only implemented for interfaces!
 -> (artifact id: '66264f932993295bbba168860d98a188') in 0.158428 seconds
Number of updated asset objects reloaded before import = 0
Number of asset objects unloaded after import = 65
========================================================================
Received Import Request.
  Time since last request: 0.000026 seconds.
  path: Assets/Photon/PhotonVoice/Demos/Fusion/DemoFollowState/Scene.unity
  artifactKey: Guid(f5040f01fcadeee468dec020d5c95efd) Importer(2089858483,0ecaa5967403d082aa24f35e1b516d23)
Start importing Assets/Photon/PhotonVoice/Demos/Fusion/DemoFollowState/Scene.unity using Guid(f5040f01fcadeee468dec020d5c95efd) Importer(2089858483,0ecaa5967403d082aa24f35e1b516d23) Generated GUIDs only implemented for interfaces!
 -> (artifact id: 'b2e9d122852d70bcd8ceb41ebdc5af56') in 0.017500 seconds
Number of updated asset objects reloaded before import = 0
Number of asset objects unloaded after import = 1
========================================================================
Received Import Request.
  Time since last request: 0.000242 seconds.
  path: Assets/Photon/PhotonVoice/Demos/DemoVoiceUI/Media/barsHorizontal.png
  artifactKey: Guid(055458b32c82031478126740cfeff8b5) Importer(2089858483,0ecaa5967403d082aa24f35e1b516d23)
Start importing Assets/Photon/PhotonVoice/Demos/DemoVoiceUI/Media/barsHorizontal.png using Guid(055458b32c82031478126740cfeff8b5) Importer(2089858483,0ecaa5967403d082aa24f35e1b516d23) Generated GUIDs only implemented for interfaces!
 -> (artifact id: 'e83000d6d6d4d158e0d5f7b18bbee209') in 0.154187 seconds
Number of updated asset objects reloaded before import = 0
Number of asset objects unloaded after import = 3
========================================================================
Received Import Request.
  Time since last request: 0.000172 seconds.
  path: Assets/Photon/PhotonVoice/Demos/DemoVoiceUI/Prefabs/Stats Bar.prefab
  artifactKey: Guid(c4e00f6ba71484545bef17d11b0f1185) Importer(2089858483,0ecaa5967403d082aa24f35e1b516d23)
Start importing Assets/Photon/PhotonVoice/Demos/DemoVoiceUI/Prefabs/Stats Bar.prefab using Guid(c4e00f6ba71484545bef17d11b0f1185) Importer(2089858483,0ecaa5967403d082aa24f35e1b516d23) Generated GUIDs only implemented for interfaces!
 -> (artifact id: '9a113a4145606a1ee47e1c4a9f58865c') in 0.181143 seconds
Number of updated asset objects reloaded before import = 0
Number of asset objects unloaded after import = 27
========================================================================
Received Import Request.
  Time since last request: 0.000040 seconds.
  path: Assets/Photon/PhotonVoice/Demos/DemoVoiceUI/RobotoFont/Apache License.txt
  artifactKey: Guid(d885444fcbcff8441a020461620e620b) Importer(2089858483,0ecaa5967403d082aa24f35e1b516d23)
Start importing Assets/Photon/PhotonVoice/Demos/DemoVoiceUI/RobotoFont/Apache License.txt using Guid(d885444fcbcff8441a020461620e620b) Importer(2089858483,0ecaa5967403d082aa24f35e1b516d23) Generated GUIDs only implemented for interfaces!
 -> (artifact id: '8ae9cf7e259891b10b4035eebe049a16') in 0.036619 seconds
Number of updated asset objects reloaded before import = 0
Number of asset objects unloaded after import = 1
========================================================================
Received Import Request.
  Time since last request: 0.000175 seconds.
  path: Assets/Photon/PhotonVoice/Demos/DemoVoiceUI/Scripts/UiExtensions.cs
  artifactKey: Guid(61bfa3948d4c1d34bb79ea542ab7217f) Importer(2089858483,0ecaa5967403d082aa24f35e1b516d23)
Start importing Assets/Photon/PhotonVoice/Demos/DemoVoiceUI/Scripts/UiExtensions.cs using Guid(61bfa3948d4c1d34bb79ea542ab7217f) Importer(2089858483,0ecaa5967403d082aa24f35e1b516d23) Generated GUIDs only implemented for interfaces!
 -> (artifact id: '63f3b5ba35c07c35d0c69655ea1dcac7') in 0.021380 seconds
Number of updated asset objects reloaded before import = 0
Number of asset objects unloaded after import = 1
========================================================================
Received Import Request.
  Time since last request: 0.000183 seconds.
  path: Assets/Photon/PhotonVoice/Demos/Fusion/DemoNetworkObject/NetworkObject.prefab
  artifactKey: Guid(e63233a416c734342a837267990c58aa) Importer(2089858483,0ecaa5967403d082aa24f35e1b516d23)
Start importing Assets/Photon/PhotonVoice/Demos/Fusion/DemoNetworkObject/NetworkObject.prefab using Guid(e63233a416c734342a837267990c58aa) Importer(2089858483,0ecaa5967403d082aa24f35e1b516d23) Generated GUIDs only implemented for interfaces!
 -> (artifact id: 'dd11fa0a8b815abca22e9ac65ed2eb0e') in 0.036054 seconds
Number of updated asset objects reloaded before import = 0
Number of asset objects unloaded after import = 15
========================================================================
Received Import Request.
  Time since last request: 0.000041 seconds.
  path: Assets/Photon/PhotonVoice/Demos/DemoVoiceUI/Prefabs/RemoteSpeakerPrefab.prefab
  artifactKey: Guid(68d1999e77809664ab4e058635090f3c) Importer(2089858483,0ecaa5967403d082aa24f35e1b516d23)
Start importing Assets/Photon/PhotonVoice/Demos/DemoVoiceUI/Prefabs/RemoteSpeakerPrefab.prefab using Guid(68d1999e77809664ab4e058635090f3c) Importer(2089858483,0ecaa5967403d082aa24f35e1b516d23) Generated GUIDs only implemented for interfaces!
 -> (artifact id: '41d402f503fca23f9627f2419f8df12c') in 0.172219 seconds
Number of updated asset objects reloaded before import = 0
Number of asset objects unloaded after import = 111
========================================================================
Received Import Request.
  Time since last request: 0.000038 seconds.
  path: Assets/Photon/PhotonVoice/PhotonVoiceApi/Platforms/Apple/MacOSDeviceEnumerator.cs
  artifactKey: Guid(7dcf1a594e0ea9845b5ec7ae2931428b) Importer(2089858483,0ecaa5967403d082aa24f35e1b516d23)
Start importing Assets/Photon/PhotonVoice/PhotonVoiceApi/Platforms/Apple/MacOSDeviceEnumerator.cs using Guid(7dcf1a594e0ea9845b5ec7ae2931428b) Importer(2089858483,0ecaa5967403d082aa24f35e1b516d23) Generated GUIDs only implemented for interfaces!
 -> (artifact id: '9c4c537be81e30c3bcc4f7cca88535db') in 0.023784 seconds
Number of updated asset objects reloaded before import = 0
Number of asset objects unloaded after import = 1
========================================================================
Received Import Request.
  Time since last request: 0.000129 seconds.
  path: Assets/Photon/PhotonVoice/PhotonVoiceApi/Core/POpusCodec/OpusException.cs
  artifactKey: Guid(6a76e6ebcab0b9344837c3cbd4124687) Importer(2089858483,0ecaa5967403d082aa24f35e1b516d23)
Start importing Assets/Photon/PhotonVoice/PhotonVoiceApi/Core/POpusCodec/OpusException.cs using Guid(6a76e6ebcab0b9344837c3cbd4124687) Importer(2089858483,0ecaa5967403d082aa24f35e1b516d23) Generated GUIDs only implemented for interfaces!
 -> (artifact id: 'da53180a036b84ef38fcdd3fb7ad4fad') in 0.019376 seconds
Number of updated asset objects reloaded before import = 0
Number of asset objects unloaded after import = 1
========================================================================
Received Import Request.
  Time since last request: 0.000160 seconds.
  path: Assets/Photon/PhotonVoice/PhotonVoiceApi/Core/POpusCodec/OpusWrapper.cs
  artifactKey: Guid(f928aa994e3035c4089dd9f8e839a0a1) Importer(2089858483,0ecaa5967403d082aa24f35e1b516d23)
Start importing Assets/Photon/PhotonVoice/PhotonVoiceApi/Core/POpusCodec/OpusWrapper.cs using Guid(f928aa994e3035c4089dd9f8e839a0a1) Importer(2089858483,0ecaa5967403d082aa24f35e1b516d23) Generated GUIDs only implemented for interfaces!
 -> (artifact id: '691a12bbeb26a93ebc2e803dfa0b506e') in 0.027780 seconds
Number of updated asset objects reloaded before import = 0
Number of asset objects unloaded after import = 1
========================================================================
Received Import Request.
  Time since last request: 0.000201 seconds.
  path: Assets/Photon/PhotonVoice/Demos/Fusion/DemoNetworkObject/PrefabSpawner.cs
  artifactKey: Guid(f5ffc0a1300a0ac41b74f03246bf255f) Importer(2089858483,0ecaa5967403d082aa24f35e1b516d23)
Start importing Assets/Photon/PhotonVoice/Demos/Fusion/DemoNetworkObject/PrefabSpawner.cs using Guid(f5ffc0a1300a0ac41b74f03246bf255f) Importer(2089858483,0ecaa5967403d082aa24f35e1b516d23) Generated GUIDs only implemented for interfaces!
 -> (artifact id: 'a464711960c24e17d33816bdaa0ab2c2') in 0.017156 seconds
Number of updated asset objects reloaded before import = 0
Number of asset objects unloaded after import = 1
========================================================================
Received Import Request.
  Time since last request: 0.000213 seconds.
  path: Assets/Photon/PhotonVoice/PhotonVoiceApi/Platforms/Apple/iOSAudioInPusher.cs
  artifactKey: Guid(a173aa7f3a7bbc94aa78a6747d55f3f6) Importer(2089858483,0ecaa5967403d082aa24f35e1b516d23)
Start importing Assets/Photon/PhotonVoice/PhotonVoiceApi/Platforms/Apple/iOSAudioInPusher.cs using Guid(a173aa7f3a7bbc94aa78a6747d55f3f6) Importer(2089858483,0ecaa5967403d082aa24f35e1b516d23) Generated GUIDs only implemented for interfaces!
 -> (artifact id: '7db1bb6cc845b226faa157ca8f61b9c7') in 0.019601 seconds
Number of updated asset objects reloaded before import = 0
Number of asset objects unloaded after import = 1
========================================================================
Received Import Request.
  Time since last request: 0.000201 seconds.
  path: Assets/Photon/PhotonVoice/Demos/DemoVoiceUI/Media/Gradient.png
  artifactKey: Guid(6c4246dd80904b747bd0f2b32a4b5bef) Importer(2089858483,0ecaa5967403d082aa24f35e1b516d23)
Start importing Assets/Photon/PhotonVoice/Demos/DemoVoiceUI/Media/Gradient.png using Guid(6c4246dd80904b747bd0f2b32a4b5bef) Importer(2089858483,0ecaa5967403d082aa24f35e1b516d23) Generated GUIDs only implemented for interfaces!
 -> (artifact id: 'a3615d6098a7eacba9a2880b83cda677') in 0.047846 seconds
Number of updated asset objects reloaded before import = 0
Number of asset objects unloaded after import = 3
========================================================================
Received Import Request.
  Time since last request: 0.000029 seconds.
  path: Assets/Photon/PhotonVoice/PhotonVoiceApi/Platforms/FMOD/FMODAudioIn.cs
  artifactKey: Guid(210999343d484d745965ceb31acc2b8e) Importer(2089858483,0ecaa5967403d082aa24f35e1b516d23)
Start importing Assets/Photon/PhotonVoice/PhotonVoiceApi/Platforms/FMOD/FMODAudioIn.cs using Guid(210999343d484d745965ceb31acc2b8e) Importer(2089858483,0ecaa5967403d082aa24f35e1b516d23) Generated GUIDs only implemented for interfaces!
 -> (artifact id: '041e91cae1ad559ee3b0e68f49ffc734') in 0.024267 seconds
Number of updated asset objects reloaded before import = 0
Number of asset objects unloaded after import = 1
========================================================================
Received Import Request.
  Time since last request: 0.000136 seconds.
  path: Assets/Photon/PhotonVoice/Demos/DemoVoiceUI/Scripts/CodecSettingsUI.cs
  artifactKey: Guid(28f4b5ea592c07a46923a0bda48b14b1) Importer(2089858483,0ecaa5967403d082aa24f35e1b516d23)
Start importing Assets/Photon/PhotonVoice/Demos/DemoVoiceUI/Scripts/CodecSettingsUI.cs using Guid(28f4b5ea592c07a46923a0bda48b14b1) Importer(2089858483,0ecaa5967403d082aa24f35e1b516d23) Generated GUIDs only implemented for interfaces!
 -> (artifact id: '7f2020b0951e6fd6232b35011e2fb731') in 0.020595 seconds
Number of updated asset objects reloaded before import = 0
Number of asset objects unloaded after import = 1
========================================================================
Received Import Request.
  Time since last request: 0.000194 seconds.
  path: Assets/Photon/PhotonVoice/PhotonVoiceApi/Platforms/Apple/MacOSAudioInReader.cs
  artifactKey: Guid(7f22e06cf781af34abf9e24bf6010fce) Importer(2089858483,0ecaa5967403d082aa24f35e1b516d23)
Start importing Assets/Photon/PhotonVoice/PhotonVoiceApi/Platforms/Apple/MacOSAudioInReader.cs using Guid(7f22e06cf781af34abf9e24bf6010fce) Importer(2089858483,0ecaa5967403d082aa24f35e1b516d23) Generated GUIDs only implemented for interfaces!
 -> (artifact id: '598a625436e40a3706088f12868a7531') in 0.020227 seconds
Number of updated asset objects reloaded before import = 0
Number of asset objects unloaded after import = 1
========================================================================
Received Import Request.
  Time since last request: 0.000117 seconds.
  path: Assets/Photon/PhotonUnityNetworking/UtilityScripts/PhotonPlayer/Editor/PhotonUnityNetworking.Utilities.PhotonPlayer.Editor.asmdef
  artifactKey: Guid(7024f760fc566cf45a16d2c838e22b2d) Importer(2089858483,0ecaa5967403d082aa24f35e1b516d23)
Start importing Assets/Photon/PhotonUnityNetworking/UtilityScripts/PhotonPlayer/Editor/PhotonUnityNetworking.Utilities.PhotonPlayer.Editor.asmdef using Guid(7024f760fc566cf45a16d2c838e22b2d) Importer(2089858483,0ecaa5967403d082aa24f35e1b516d23) Generated GUIDs only implemented for interfaces!
 -> (artifact id: 'e0fdd0d90b1bffbb3a146b3ef40f539c') in 0.030331 seconds
Number of updated asset objects reloaded before import = 0
Number of asset objects unloaded after import = 1
========================================================================
Received Import Request.
  Time since last request: 0.000030 seconds.
  path: Assets/Photon/PhotonVoice/Demos/Fusion/DemoFollowState/SpeakerPrefab.prefab
  artifactKey: Guid(bb8ef1209faed4d4689110b91eae8e1c) Importer(2089858483,0ecaa5967403d082aa24f35e1b516d23)
Start importing Assets/Photon/PhotonVoice/Demos/Fusion/DemoFollowState/SpeakerPrefab.prefab using Guid(bb8ef1209faed4d4689110b91eae8e1c) Importer(2089858483,0ecaa5967403d082aa24f35e1b516d23) Generated GUIDs only implemented for interfaces!
 -> (artifact id: 'ccece372cf6cb9273d8a5f8d69d679c2') in 0.032830 seconds
Number of updated asset objects reloaded before import = 0
Number of asset objects unloaded after import = 6
========================================================================
Received Import Request.
  Time since last request: 0.000057 seconds.
  path: Assets/Photon/PhotonUnityNetworking/Demos/PunCockpit/Forms/ConnectToRegionUIForm.cs
  artifactKey: Guid(7133598fc7a8b4047b3a7b855224fcae) Importer(2089858483,0ecaa5967403d082aa24f35e1b516d23)
Start importing Assets/Photon/PhotonUnityNetworking/Demos/PunCockpit/Forms/ConnectToRegionUIForm.cs using Guid(7133598fc7a8b4047b3a7b855224fcae) Importer(2089858483,0ecaa5967403d082aa24f35e1b516d23) Generated GUIDs only implemented for interfaces!
 -> (artifact id: '23dba07ca7f2582ae2f6120fe63f1156') in 0.123345 seconds
Number of updated asset objects reloaded before import = 0
Number of asset objects unloaded after import = 1
========================================================================
Received Import Request.
  Time since last request: 0.000341 seconds.
  path: Assets/Photon/PhotonVoice/PhotonVoiceApi/Platforms/Unity/AudioClipWrapper.cs
  artifactKey: Guid(634203506e5489f44a94fb127aca71bb) Importer(2089858483,0ecaa5967403d082aa24f35e1b516d23)
Start importing Assets/Photon/PhotonVoice/PhotonVoiceApi/Platforms/Unity/AudioClipWrapper.cs using Guid(634203506e5489f44a94fb127aca71bb) Importer(2089858483,0ecaa5967403d082aa24f35e1b516d23) Generated GUIDs only implemented for interfaces!
 -> (artifact id: '22c2c3ca6944398866a1f7661ae4ffa1') in 0.032553 seconds
Number of updated asset objects reloaded before import = 0
Number of asset objects unloaded after import = 1
========================================================================
Received Import Request.
  Time since last request: 0.000166 seconds.
  path: Assets/Photon/PhotonVoice/PhotonVoiceLibs/Linux/x86_64/libopus_egpv.so
  artifactKey: Guid(a131c2259f6a24e47b342bba6783efbb) Importer(2089858483,0ecaa5967403d082aa24f35e1b516d23)
Start importing Assets/Photon/PhotonVoice/PhotonVoiceLibs/Linux/x86_64/libopus_egpv.so using Guid(a131c2259f6a24e47b342bba6783efbb) Importer(2089858483,0ecaa5967403d082aa24f35e1b516d23) Generated GUIDs only implemented for interfaces!
 -> (artifact id: 'bab09729a07fb3adad111b7896f1e3f4') in 0.126352 seconds
Number of updated asset objects reloaded before import = 0
Number of asset objects unloaded after import = 1
========================================================================
Received Import Request.
  Time since last request: 0.000219 seconds.
  path: Assets/Photon/PhotonVoice/PhotonVoiceApi/Platforms/Unity/MicWrapperPusher.cs
  artifactKey: Guid(4d6ac92ecc68f5844986af1f12ba3b60) Importer(2089858483,0ecaa5967403d082aa24f35e1b516d23)
Start importing Assets/Photon/PhotonVoice/PhotonVoiceApi/Platforms/Unity/MicWrapperPusher.cs using Guid(4d6ac92ecc68f5844986af1f12ba3b60) Importer(2089858483,0ecaa5967403d082aa24f35e1b516d23) Generated GUIDs only implemented for interfaces!
 -> (artifact id: '57d1e82d6576f4f7607fe3f6f03aca25') in 0.024931 seconds
Number of updated asset objects reloaded before import = 0
Number of asset objects unloaded after import = 1
========================================================================
Received Import Request.
  Time since last request: 0.000099 seconds.
  path: Assets/Photon/PhotonVoice/PhotonVoiceLibs/iOS/Photon/AudioIn.h
  artifactKey: Guid(21aa3eca152a5477eb43456b9b70c952) Importer(2089858483,0ecaa5967403d082aa24f35e1b516d23)
Start importing Assets/Photon/PhotonVoice/PhotonVoiceLibs/iOS/Photon/AudioIn.h using Guid(21aa3eca152a5477eb43456b9b70c952) Importer(2089858483,0ecaa5967403d082aa24f35e1b516d23) Generated GUIDs only implemented for interfaces!
 -> (artifact id: 'd0415aa06377909933b0afea1f6110b8') in 0.025680 seconds
Number of updated asset objects reloaded before import = 0
Number of asset objects unloaded after import = 1
========================================================================
Received Import Request.
  Time since last request: 0.000127 seconds.
  path: Assets/Photon/PhotonVoice/PhotonVoiceLibs/iOS/Photon/AudioInChange.mm
  artifactKey: Guid(412db815240014b4db4b535e7482e14c) Importer(2089858483,0ecaa5967403d082aa24f35e1b516d23)
Start importing Assets/Photon/PhotonVoice/PhotonVoiceLibs/iOS/Photon/AudioInChange.mm using Guid(412db815240014b4db4b535e7482e14c) Importer(2089858483,0ecaa5967403d082aa24f35e1b516d23) Generated GUIDs only implemented for interfaces!
 -> (artifact id: 'a4b5130ca72d099690ed1493a48f1003') in 0.022874 seconds
Number of updated asset objects reloaded before import = 0
Number of asset objects unloaded after import = 1
========================================================================
Received Import Request.
  Time since last request: 0.000095 seconds.
  path: Assets/Photon/PhotonVoice/PhotonVoiceApi/Platforms/Unity/UnityAudioOut.cs
  artifactKey: Guid(c7cbffe9dfdd4b547a75479a23097ff4) Importer(2089858483,0ecaa5967403d082aa24f35e1b516d23)
Start importing Assets/Photon/PhotonVoice/PhotonVoiceApi/Platforms/Unity/UnityAudioOut.cs using Guid(c7cbffe9dfdd4b547a75479a23097ff4) Importer(2089858483,0ecaa5967403d082aa24f35e1b516d23) Generated GUIDs only implemented for interfaces!
 -> (artifact id: '69da245ec7f9e39e84631c0365ca157f') in 0.026695 seconds
Number of updated asset objects reloaded before import = 0
Number of asset objects unloaded after import = 1
========================================================================
Received Import Request.
  Time since last request: 0.000107 seconds.
  path: Assets/Photon/PhotonVoice/PhotonVoiceApi/Platforms/Unity/Logger.cs
  artifactKey: Guid(b2fbbad5642e37e45b778dfa7336b55c) Importer(2089858483,0ecaa5967403d082aa24f35e1b516d23)
Start importing Assets/Photon/PhotonVoice/PhotonVoiceApi/Platforms/Unity/Logger.cs using Guid(b2fbbad5642e37e45b778dfa7336b55c) Importer(2089858483,0ecaa5967403d082aa24f35e1b516d23) Generated GUIDs only implemented for interfaces!
 -> (artifact id: 'ac416118ec4f37745703008da8c6a2e5') in 0.023636 seconds
Number of updated asset objects reloaded before import = 0
Number of asset objects unloaded after import = 1
========================================================================
Received Import Request.
  Time since last request: 0.000249 seconds.
  path: Assets/Photon/PhotonVoice/PhotonVoiceApi/Platforms/UWP/CaptureDevice.cs
  artifactKey: Guid(b7c50b954b279bb43a2d7a6c6b062644) Importer(2089858483,0ecaa5967403d082aa24f35e1b516d23)
Start importing Assets/Photon/PhotonVoice/PhotonVoiceApi/Platforms/UWP/CaptureDevice.cs using Guid(b7c50b954b279bb43a2d7a6c6b062644) Importer(2089858483,0ecaa5967403d082aa24f35e1b516d23) Generated GUIDs only implemented for interfaces!
 -> (artifact id: '04ce640ae88fc3f2b7fbc7419aa0ea9e') in 0.114759 seconds
Number of updated asset objects reloaded before import = 0
Number of asset objects unloaded after import = 1
========================================================================
Received Import Request.
  Time since last request: 0.000241 seconds.
  path: Assets/Photon/PhotonVoice/PhotonVoiceLibs/WSA/x64/webrtc-audio.dll
  artifactKey: Guid(5aeddad51ef158443ab9bc47c388a1b7) Importer(2089858483,0ecaa5967403d082aa24f35e1b516d23)
Start importing Assets/Photon/PhotonVoice/PhotonVoiceLibs/WSA/x64/webrtc-audio.dll using Guid(5aeddad51ef158443ab9bc47c388a1b7) Importer(2089858483,0ecaa5967403d082aa24f35e1b516d23) Generated GUIDs only implemented for interfaces!
 -> (artifact id: '5a8c412999b3fc3bcf62cb0356fe3262') in 0.017547 seconds
Number of updated asset objects reloaded before import = 0
Number of asset objects unloaded after import = 1
========================================================================
Received Import Request.
  Time since last request: 0.000194 seconds.
  path: Assets/Samples/XR Interaction Toolkit/2.5.4/Starter Assets/Models/XRControllerRight.fbx
  artifactKey: Guid(11cd62256b1d470f922b2c8e6446cc77) Importer(2089858483,0ecaa5967403d082aa24f35e1b516d23)
Start importing Assets/Samples/XR Interaction Toolkit/2.5.4/Starter Assets/Models/XRControllerRight.fbx using Guid(11cd62256b1d470f922b2c8e6446cc77) Importer(2089858483,0ecaa5967403d082aa24f35e1b516d23) Generated GUIDs only implemented for interfaces!
 -> (artifact id: '710adf43d39ab6604ef5f72dcc2ee4d5') in 0.156002 seconds
Number of updated asset objects reloaded before import = 0
Number of asset objects unloaded after import = 52
========================================================================
Received Import Request.
  Time since last request: 0.000024 seconds.
  path: Assets/Samples/XR Interaction Toolkit/2.5.4/Starter Assets/Presets/XRI Default Snap Turn.preset
  artifactKey: Guid(18697d253d848974aa7052cba872c9f0) Importer(2089858483,0ecaa5967403d082aa24f35e1b516d23)
Start importing Assets/Samples/XR Interaction Toolkit/2.5.4/Starter Assets/Presets/XRI Default Snap Turn.preset using Guid(18697d253d848974aa7052cba872c9f0) Importer(2089858483,0ecaa5967403d082aa24f35e1b516d23) Generated GUIDs only implemented for interfaces!
 -> (artifact id: 'cdd315b570e5b0e30ef982e7c33e1a4f') in 0.044466 seconds
Number of updated asset objects reloaded before import = 0
Number of asset objects unloaded after import = 4
========================================================================
Received Import Request.
  Time since last request: 0.000050 seconds.
  path: Assets/Samples/XR Interaction Toolkit/2.5.4/Starter Assets/Models/Primitive_Wedge.fbx
  artifactKey: Guid(ab3a79eba4de4be0ad5fead9fb858190) Importer(2089858483,0ecaa5967403d082aa24f35e1b516d23)
Start importing Assets/Samples/XR Interaction Toolkit/2.5.4/Starter Assets/Models/Primitive_Wedge.fbx using Guid(ab3a79eba4de4be0ad5fead9fb858190) Importer(2089858483,0ecaa5967403d082aa24f35e1b516d23) Generated GUIDs only implemented for interfaces!
 -> (artifact id: '440bd9963e1cfc6fed5a6f205a5e7ae1') in 0.041207 seconds
Number of updated asset objects reloaded before import = 0
Number of asset objects unloaded after import = 8
========================================================================
Received Import Request.
  Time since last request: 0.000034 seconds.
  path: Assets/Samples/XR Interaction Toolkit/2.5.4/Starter Assets/Presets/XRI Default Right ActionBasedControllerManager.preset
  artifactKey: Guid(55f7614a1d331d14bb631965514937d8) Importer(2089858483,0ecaa5967403d082aa24f35e1b516d23)
Start importing Assets/Samples/XR Interaction Toolkit/2.5.4/Starter Assets/Presets/XRI Default Right ActionBasedControllerManager.preset using Guid(55f7614a1d331d14bb631965514937d8) Importer(2089858483,0ecaa5967403d082aa24f35e1b516d23) Generated GUIDs only implemented for interfaces!
 -> (artifact id: 'bed49573861b343a56a14be54f5fdd81') in 0.029606 seconds
Number of updated asset objects reloaded before import = 0
Number of asset objects unloaded after import = 8
========================================================================
Received Import Request.
  Time since last request: 0.000035 seconds.
  path: Assets/Samples/XR Interaction Toolkit/2.5.4/Starter Assets/Models/XRControllerLeft.fbx
  artifactKey: Guid(be3083a5f26d4e859d594ecbe632f87e) Importer(2089858483,0ecaa5967403d082aa24f35e1b516d23)
Start importing Assets/Samples/XR Interaction Toolkit/2.5.4/Starter Assets/Models/XRControllerLeft.fbx using Guid(be3083a5f26d4e859d594ecbe632f87e) Importer(2089858483,0ecaa5967403d082aa24f35e1b516d23) Generated GUIDs only implemented for interfaces!
 -> (artifact id: 'e1b3b508a1e21470765bb5ee2e1fba99') in 0.135360 seconds
Number of updated asset objects reloaded before import = 0
Number of asset objects unloaded after import = 52
========================================================================
Received Import Request.
  Time since last request: 0.000028 seconds.
  path: Assets/Photon/PhotonVoice/PhotonVoiceLibs/WSA/ARM/Photon.Voice.UWP.MediaExtensions.dll
  artifactKey: Guid(aa4a71f46d475954f85bf843cedef7ef) Importer(2089858483,0ecaa5967403d082aa24f35e1b516d23)
Start importing Assets/Photon/PhotonVoice/PhotonVoiceLibs/WSA/ARM/Photon.Voice.UWP.MediaExtensions.dll using Guid(aa4a71f46d475954f85bf843cedef7ef) Importer(2089858483,0ecaa5967403d082aa24f35e1b516d23) Generated GUIDs only implemented for interfaces!
 -> (artifact id: '82b83084437a159bf1e01730c182d444') in 0.019432 seconds
Number of updated asset objects reloaded before import = 0
Number of asset objects unloaded after import = 1
========================================================================
Received Import Request.
  Time since last request: 0.000071 seconds.
  path: Assets/Photon/PhotonVoice/PhotonVoiceLibs/WSA/x86/Photon.Voice.UWP.MediaExtensions.dll
  artifactKey: Guid(4f9986e62e89c0d4bb573837810e106f) Importer(2089858483,0ecaa5967403d082aa24f35e1b516d23)
Start importing Assets/Photon/PhotonVoice/PhotonVoiceLibs/WSA/x86/Photon.Voice.UWP.MediaExtensions.dll using Guid(4f9986e62e89c0d4bb573837810e106f) Importer(2089858483,0ecaa5967403d082aa24f35e1b516d23) Generated GUIDs only implemented for interfaces!
 -> (artifact id: '1664143e2a767794b074cdb03cb1cb21') in 0.016820 seconds
Number of updated asset objects reloaded before import = 0
Number of asset objects unloaded after import = 1
========================================================================
Received Import Request.
  Time since last request: 0.000076 seconds.
  path: Assets/Samples/XR Interaction Toolkit/2.5.4/Starter Assets/Presets/XRI Default Continuous Turn.preset
  artifactKey: Guid(0caad3af14f9a414dbdf25ed41e5aa47) Importer(2089858483,0ecaa5967403d082aa24f35e1b516d23)
Start importing Assets/Samples/XR Interaction Toolkit/2.5.4/Starter Assets/Presets/XRI Default Continuous Turn.preset using Guid(0caad3af14f9a414dbdf25ed41e5aa47) Importer(2089858483,0ecaa5967403d082aa24f35e1b516d23) Generated GUIDs only implemented for interfaces!
 -> (artifact id: '9b18a0ae3b9b9bc7744192ffc65745ce') in 0.035893 seconds
Number of updated asset objects reloaded before import = 0
Number of asset objects unloaded after import = 4
========================================================================
Received Import Request.
  Time since last request: 0.000063 seconds.
  path: Assets/Photon/PhotonUnityNetworking/Demos/DemoAsteroids/Models/Materials/FlyerAsteroid1.mat
  artifactKey: Guid(294f02eac9561704ebe4baa5b1bc4163) Importer(2089858483,0ecaa5967403d082aa24f35e1b516d23)
Start importing Assets/Photon/PhotonUnityNetworking/Demos/DemoAsteroids/Models/Materials/FlyerAsteroid1.mat using Guid(294f02eac9561704ebe4baa5b1bc4163) Importer(2089858483,0ecaa5967403d082aa24f35e1b516d23) Generated GUIDs only implemented for interfaces!
 -> (artifact id: '2d5fad9b445e2f86f738459686ae2f79') in 0.036476 seconds
Number of updated asset objects reloaded before import = 0
Number of asset objects unloaded after import = 1
========================================================================
Received Import Request.
  Time since last request: 0.000076 seconds.
  path: Assets/Photon/PhotonUnityNetworking/Demos/DemoAsteroids/Models/Materials/Asteroid.mat
  artifactKey: Guid(be2c382f522695c4fa3947ac8e1d4457) Importer(2089858483,0ecaa5967403d082aa24f35e1b516d23)
Start importing Assets/Photon/PhotonUnityNetworking/Demos/DemoAsteroids/Models/Materials/Asteroid.mat using Guid(be2c382f522695c4fa3947ac8e1d4457) Importer(2089858483,0ecaa5967403d082aa24f35e1b516d23) Generated GUIDs only implemented for interfaces!
 -> (artifact id: '2d38b620d38bf30cb7a45931d25a5181') in 0.022357 seconds
Number of updated asset objects reloaded before import = 0
Number of asset objects unloaded after import = 1
========================================================================
Received Import Request.
  Time since last request: 0.000140 seconds.
  path: Assets/Samples/XR Interaction Toolkit/2.5.4/Starter Assets/Tunneling Vignette/TunnelingVignetteSG.shadergraph
  artifactKey: Guid(c109fab5d2bf5f64598ed69d2c16ceb3) Importer(2089858483,0ecaa5967403d082aa24f35e1b516d23)
Start importing Assets/Samples/XR Interaction Toolkit/2.5.4/Starter Assets/Tunneling Vignette/TunnelingVignetteSG.shadergraph using Guid(c109fab5d2bf5f64598ed69d2c16ceb3) Importer(2089858483,0ecaa5967403d082aa24f35e1b516d23) Generated GUIDs only implemented for interfaces!
 -> (artifact id: '60729da5219a323cddb52fbffef02f18') in 0.018125 seconds
Number of updated asset objects reloaded before import = 0
Number of asset objects unloaded after import = 1
========================================================================
Received Import Request.
  Time since last request: 0.000128 seconds.
  path: Assets/Samples/XR Interaction Toolkit/2.5.4/Starter Assets/Scripts/GazeInputManager.cs
  artifactKey: Guid(6ef0e4723b64c884699a375196c13ac0) Importer(2089858483,0ecaa5967403d082aa24f35e1b516d23)
Start importing Assets/Samples/XR Interaction Toolkit/2.5.4/Starter Assets/Scripts/GazeInputManager.cs using Guid(6ef0e4723b64c884699a375196c13ac0) Importer(2089858483,0ecaa5967403d082aa24f35e1b516d23) Generated GUIDs only implemented for interfaces!
 -> (artifact id: '37005cec43651755459e068d06141039') in 0.019590 seconds
Number of updated asset objects reloaded before import = 0
Number of asset objects unloaded after import = 1
========================================================================
Received Import Request.
  Time since last request: 0.000097 seconds.
  path: Assets/Photon/PhotonUnityNetworking/Demos/DemoAsteroids/Scripts/Game/Spaceship.cs
  artifactKey: Guid(c565458f43b8ad4469a2ca341c210318) Importer(2089858483,0ecaa5967403d082aa24f35e1b516d23)
Start importing Assets/Photon/PhotonUnityNetworking/Demos/DemoAsteroids/Scripts/Game/Spaceship.cs using Guid(c565458f43b8ad4469a2ca341c210318) Importer(2089858483,0ecaa5967403d082aa24f35e1b516d23) Generated GUIDs only implemented for interfaces!
 -> (artifact id: '90a6931e1ddcdd6e58fd3fa2eb1423a6') in 0.023239 seconds
Number of updated asset objects reloaded before import = 0
Number of asset objects unloaded after import = 1
========================================================================
Received Import Request.
  Time since last request: 0.000112 seconds.
  path: Assets/Samples/XR Interaction Toolkit/2.5.4/Starter Assets/Tunneling Vignette/TunnelingVignette.prefab
  artifactKey: Guid(6c8af5c8012f01440af6cb2bc3eb987c) Importer(2089858483,0ecaa5967403d082aa24f35e1b516d23)
Start importing Assets/Samples/XR Interaction Toolkit/2.5.4/Starter Assets/Tunneling Vignette/TunnelingVignette.prefab using Guid(6c8af5c8012f01440af6cb2bc3eb987c) Importer(2089858483,0ecaa5967403d082aa24f35e1b516d23) Generated GUIDs only implemented for interfaces!
 -> (artifact id: '884bf4b43ec4cfe71056c62f93e40ca9') in 0.054633 seconds
Number of updated asset objects reloaded before import = 0
Number of asset objects unloaded after import = 9
========================================================================
Received Import Request.
  Time since last request: 0.000402 seconds.
  path: Assets/Samples/XR Interaction Toolkit/2.5.4/Starter Assets/Scripts/XRPokeFollowAffordance.cs
  artifactKey: Guid(07b3638c2f5db5b479ff24c2859713d4) Importer(2089858483,0ecaa5967403d082aa24f35e1b516d23)
Start importing Assets/Samples/XR Interaction Toolkit/2.5.4/Starter Assets/Scripts/XRPokeFollowAffordance.cs using Guid(07b3638c2f5db5b479ff24c2859713d4) Importer(2089858483,0ecaa5967403d082aa24f35e1b516d23) Generated GUIDs only implemented for interfaces!
 -> (artifact id: 'd3d0bc21e3c6d5101ebdbc24b6e5f6f1') in 0.123354 seconds
Number of updated asset objects reloaded before import = 0
Number of asset objects unloaded after import = 1
========================================================================
Received Import Request.
  Time since last request: 0.000150 seconds.
  path: Assets/Samples/XR Interaction Toolkit/2.5.4/Starter Assets/Tunneling Vignette/TunnelingVignetteHemisphere.fbx
  artifactKey: Guid(5833e680dc0f7ae47aec6b4286570484) Importer(2089858483,0ecaa5967403d082aa24f35e1b516d23)
Start importing Assets/Samples/XR Interaction Toolkit/2.5.4/Starter Assets/Tunneling Vignette/TunnelingVignetteHemisphere.fbx using Guid(5833e680dc0f7ae47aec6b4286570484) Importer(2089858483,0ecaa5967403d082aa24f35e1b516d23) Generated GUIDs only implemented for interfaces!
 -> (artifact id: 'ebc83db2eb91629388c130147b7422b3') in 0.030329 seconds
Number of updated asset objects reloaded before import = 0
Number of asset objects unloaded after import = 7
========================================================================
Received Import Request.
  Time since last request: 0.000197 seconds.
  path: Assets/Photon/PhotonUnityNetworking/Demos/DemoAsteroids/Scripts/Game/Bullet.cs
  artifactKey: Guid(6321a7d9112988841b7223ac6a925bfc) Importer(2089858483,0ecaa5967403d082aa24f35e1b516d23)
Start importing Assets/Photon/PhotonUnityNetworking/Demos/DemoAsteroids/Scripts/Game/Bullet.cs using Guid(6321a7d9112988841b7223ac6a925bfc) Importer(2089858483,0ecaa5967403d082aa24f35e1b516d23) Generated GUIDs only implemented for interfaces!
 -> (artifact id: '3e86ef73223c7382be3eed72b900d32c') in 0.016982 seconds
Number of updated asset objects reloaded before import = 0
Number of asset objects unloaded after import = 1
========================================================================
Received Import Request.
  Time since last request: 0.000246 seconds.
  path: Assets/Samples/XR Interaction Toolkit/2.5.4/Starter Assets/Scripts/DynamicMoveProvider.cs
  artifactKey: Guid(9b1e8c997df241c1a67045eeac79b41b) Importer(2089858483,0ecaa5967403d082aa24f35e1b516d23)
Start importing Assets/Samples/XR Interaction Toolkit/2.5.4/Starter Assets/Scripts/DynamicMoveProvider.cs using Guid(9b1e8c997df241c1a67045eeac79b41b) Importer(2089858483,0ecaa5967403d082aa24f35e1b516d23) Generated GUIDs only implemented for interfaces!
 -> (artifact id: 'f375dfa2033ad9a42f2ef39e05cc9cd6') in 0.016609 seconds
Number of updated asset objects reloaded before import = 0
Number of asset objects unloaded after import = 1
========================================================================
Received Import Request.
  Time since last request: 0.000159 seconds.
  path: Assets/Photon/PhotonUnityNetworking/Demos/DemoAsteroids/Scripts/Game/Asteroid.cs
  artifactKey: Guid(c852cc8bbc743374083cab6f7df68bb7) Importer(2089858483,0ecaa5967403d082aa24f35e1b516d23)
Start importing Assets/Photon/PhotonUnityNetworking/Demos/DemoAsteroids/Scripts/Game/Asteroid.cs using Guid(c852cc8bbc743374083cab6f7df68bb7) Importer(2089858483,0ecaa5967403d082aa24f35e1b516d23) Generated GUIDs only implemented for interfaces!
 -> (artifact id: 'b41ec7513240b59904cc894332bd1c50') in 0.015475 seconds
Number of updated asset objects reloaded before import = 0
Number of asset objects unloaded after import = 1
========================================================================
Received Import Request.
  Time since last request: 0.000159 seconds.
  path: Assets/Samples/XR Interaction Toolkit/2.5.4/Starter Assets/Presets/XRI Default XR Screen Space Controller.preset
  artifactKey: Guid(d3223012ddb39d24584825882e7ea40b) Importer(2089858483,0ecaa5967403d082aa24f35e1b516d23)
Start importing Assets/Samples/XR Interaction Toolkit/2.5.4/Starter Assets/Presets/XRI Default XR Screen Space Controller.preset using Guid(d3223012ddb39d24584825882e7ea40b) Importer(2089858483,0ecaa5967403d082aa24f35e1b516d23) Generated GUIDs only implemented for interfaces!
 -> (artifact id: '40943eb5d7826b65477e368bd1462cc7') in 0.034280 seconds
Number of updated asset objects reloaded before import = 0
Number of asset objects unloaded after import = 11
========================================================================
Received Import Request.
  Time since last request: 0.000028 seconds.
  path: Assets/Photon/PhotonUnityNetworking/Demos/DemoAsteroids/Scripts/Game/PlayerOverviewPanel.cs
  artifactKey: Guid(b579f4077cd5953489882224d803b137) Importer(2089858483,0ecaa5967403d082aa24f35e1b516d23)
Start importing Assets/Photon/PhotonUnityNetworking/Demos/DemoAsteroids/Scripts/Game/PlayerOverviewPanel.cs using Guid(b579f4077cd5953489882224d803b137) Importer(2089858483,0ecaa5967403d082aa24f35e1b516d23) Generated GUIDs only implemented for interfaces!
 -> (artifact id: 'e613e7dd4a5d82d443c069367a7eb4a9') in 0.018562 seconds
Number of updated asset objects reloaded before import = 0
Number of asset objects unloaded after import = 1
========================================================================
Received Import Request.
  Time since last request: 0.000121 seconds.
  path: Assets/Samples/XR Interaction Toolkit/2.5.4/Starter Assets/Presets/XRI Default Continuous Move.preset
  artifactKey: Guid(91f9da00cfdac5d49955df2d2d820b9c) Importer(2089858483,0ecaa5967403d082aa24f35e1b516d23)
Start importing Assets/Samples/XR Interaction Toolkit/2.5.4/Starter Assets/Presets/XRI Default Continuous Move.preset using Guid(91f9da00cfdac5d49955df2d2d820b9c) Importer(2089858483,0ecaa5967403d082aa24f35e1b516d23) Generated GUIDs only implemented for interfaces!
 -> (artifact id: 'd3478e17a9c8ec30c6c2b514bdbc1624') in 0.033008 seconds
Number of updated asset objects reloaded before import = 0
Number of asset objects unloaded after import = 4
========================================================================
Received Import Request.
  Time since last request: 0.000041 seconds.
  path: Assets/Photon/PhotonUnityNetworking/Demos/PunCockpit/Scripts/Autonomous UI/GameVersionField.cs
  artifactKey: Guid(74b76e97b5bf042e3b0a981241bce379) Importer(2089858483,0ecaa5967403d082aa24f35e1b516d23)
Start importing Assets/Photon/PhotonUnityNetworking/Demos/PunCockpit/Scripts/Autonomous UI/GameVersionField.cs using Guid(74b76e97b5bf042e3b0a981241bce379) Importer(2089858483,0ecaa5967403d082aa24f35e1b516d23) Generated GUIDs only implemented for interfaces!
 -> (artifact id: '22f17be148b80bd68bc0e61c143b4478') in 0.020064 seconds
Number of updated asset objects reloaded before import = 0
Number of asset objects unloaded after import = 1
========================================================================
Received Import Request.
  Time since last request: 0.000141 seconds.
  path: Assets/Photon/PhotonUnityNetworking/Demos/PunCockpit/Scripts/Controllers/PlayerDetailsController.cs
  artifactKey: Guid(a9eaa48793ddf4344b22871af0652c69) Importer(2089858483,0ecaa5967403d082aa24f35e1b516d23)
Start importing Assets/Photon/PhotonUnityNetworking/Demos/PunCockpit/Scripts/Controllers/PlayerDetailsController.cs using Guid(a9eaa48793ddf4344b22871af0652c69) Importer(2089858483,0ecaa5967403d082aa24f35e1b516d23) Generated GUIDs only implemented for interfaces!
 -> (artifact id: '9b0699c4e506bff3b1852181a3c7458f') in 0.019463 seconds
Number of updated asset objects reloaded before import = 0
Number of asset objects unloaded after import = 1
========================================================================
Received Import Request.
  Time since last request: 0.000121 seconds.
  path: Assets/Photon/PhotonUnityNetworking/Demos/DemoSlotRacer/Scripts/BezierCurve/BezierCurve.cs
  artifactKey: Guid(b7b6b4e22427e4efbb847bd026324e59) Importer(2089858483,0ecaa5967403d082aa24f35e1b516d23)
Start importing Assets/Photon/PhotonUnityNetworking/Demos/DemoSlotRacer/Scripts/BezierCurve/BezierCurve.cs using Guid(b7b6b4e22427e4efbb847bd026324e59) Importer(2089858483,0ecaa5967403d082aa24f35e1b516d23) Generated GUIDs only implemented for interfaces!
 -> (artifact id: 'cb5fa72a817303281b508bea3972b1dc') in 0.018478 seconds
Number of updated asset objects reloaded before import = 0
Number of asset objects unloaded after import = 1
========================================================================
Received Import Request.
  Time since last request: 0.000189 seconds.
  path: Assets/Photon/PhotonUnityNetworking/Demos/DemoAsteroids/Scripts/Lobby/LobbyTopPanel.cs
  artifactKey: Guid(fe0a55ef565e3984f8866c5c91e3c2fd) Importer(2089858483,0ecaa5967403d082aa24f35e1b516d23)
Start importing Assets/Photon/PhotonUnityNetworking/Demos/DemoAsteroids/Scripts/Lobby/LobbyTopPanel.cs using Guid(fe0a55ef565e3984f8866c5c91e3c2fd) Importer(2089858483,0ecaa5967403d082aa24f35e1b516d23) Generated GUIDs only implemented for interfaces!
 -> (artifact id: '88f96391bffe92313fc7f9e926f2e593') in 0.017283 seconds
Number of updated asset objects reloaded before import = 0
Number of asset objects unloaded after import = 1
========================================================================
Received Import Request.
  Time since last request: 0.000288 seconds.
  path: Assets/Photon/PhotonUnityNetworking/Demos/PunCockpit/Scripts/Autonomous UI/SendRateField.cs
  artifactKey: Guid(f6ed1c2b7c01b4b3cba625a08a991c7f) Importer(2089858483,0ecaa5967403d082aa24f35e1b516d23)
Start importing Assets/Photon/PhotonUnityNetworking/Demos/PunCockpit/Scripts/Autonomous UI/SendRateField.cs using Guid(f6ed1c2b7c01b4b3cba625a08a991c7f) Importer(2089858483,0ecaa5967403d082aa24f35e1b516d23) Generated GUIDs only implemented for interfaces!
 -> (artifact id: 'f280319ff5857207e6603db222392540') in 0.022733 seconds
Number of updated asset objects reloaded before import = 0
Number of asset objects unloaded after import = 1
========================================================================
Received Import Request.
  Time since last request: 0.000097 seconds.
  path: Assets/Photon/PhotonUnityNetworking/Demos/DemoSlotRacer/Scripts/BezierCurve/Bezier.cs
  artifactKey: Guid(2b14b8c3e9cc04a13898e1e50c9f1024) Importer(2089858483,0ecaa5967403d082aa24f35e1b516d23)
Start importing Assets/Photon/PhotonUnityNetworking/Demos/DemoSlotRacer/Scripts/BezierCurve/Bezier.cs using Guid(2b14b8c3e9cc04a13898e1e50c9f1024) Importer(2089858483,0ecaa5967403d082aa24f35e1b516d23) Generated GUIDs only implemented for interfaces!
 -> (artifact id: '82f0dd84bff34a7ed9d395df24bf4545') in 0.024871 seconds
Number of updated asset objects reloaded before import = 0
Number of asset objects unloaded after import = 1
========================================================================
Received Import Request.
  Time since last request: 0.000091 seconds.
  path: Assets/Photon/PhotonUnityNetworking/Demos/PunCockpit/Scripts/Autonomous UI/OnlineDocButton.cs
  artifactKey: Guid(738f2e2e03bb948949a9823e60ee65d5) Importer(2089858483,0ecaa5967403d082aa24f35e1b516d23)
Start importing Assets/Photon/PhotonUnityNetworking/Demos/PunCockpit/Scripts/Autonomous UI/OnlineDocButton.cs using Guid(738f2e2e03bb948949a9823e60ee65d5) Importer(2089858483,0ecaa5967403d082aa24f35e1b516d23) Generated GUIDs only implemented for interfaces!
 -> (artifact id: '1aa5df82229a46e80d3024a232079f68') in 0.018752 seconds
Number of updated asset objects reloaded before import = 0
Number of asset objects unloaded after import = 1
========================================================================
Received Import Request.
  Time since last request: 0.000192 seconds.
  path: Assets/Samples/XR Interaction Toolkit/2.5.4/Starter Assets/Scripts/DestroySelf.cs
  artifactKey: Guid(717c12e2a4cfe764ab2580b1135e10fd) Importer(2089858483,0ecaa5967403d082aa24f35e1b516d23)
Start importing Assets/Samples/XR Interaction Toolkit/2.5.4/Starter Assets/Scripts/DestroySelf.cs using Guid(717c12e2a4cfe764ab2580b1135e10fd) Importer(2089858483,0ecaa5967403d082aa24f35e1b516d23) Generated GUIDs only implemented for interfaces!
 -> (artifact id: '31efc941975c4c3180aba8576f14a245') in 0.016762 seconds
Number of updated asset objects reloaded before import = 0
Number of asset objects unloaded after import = 1
========================================================================
Received Import Request.
  Time since last request: 0.000193 seconds.
  path: Assets/Photon/PhotonVoice/PhotonVoiceLibs/VisionOS/device/libopus_egpv.a
  artifactKey: Guid(5d856b0c43bcd4d9d9e2e1b58771865e) Importer(2089858483,0ecaa5967403d082aa24f35e1b516d23)
Start importing Assets/Photon/PhotonVoice/PhotonVoiceLibs/VisionOS/device/libopus_egpv.a using Guid(5d856b0c43bcd4d9d9e2e1b58771865e) Importer(2089858483,0ecaa5967403d082aa24f35e1b516d23) Generated GUIDs only implemented for interfaces!
 -> (artifact id: '2e08d83609412e79cb11adc44c836755') in 0.019890 seconds
Number of updated asset objects reloaded before import = 0
Number of asset objects unloaded after import = 1
========================================================================
Received Import Request.
  Time since last request: 0.000068 seconds.
  path: Assets/Photon/PhotonVoice/PhotonVoiceLibs/Android/libs/audioinaec.aar
  artifactKey: Guid(639355de6a899f248b80d0b5c55a0806) Importer(2089858483,0ecaa5967403d082aa24f35e1b516d23)
Start importing Assets/Photon/PhotonVoice/PhotonVoiceLibs/Android/libs/audioinaec.aar using Guid(639355de6a899f248b80d0b5c55a0806) Importer(2089858483,0ecaa5967403d082aa24f35e1b516d23) Generated GUIDs only implemented for interfaces!
 -> (artifact id: '9b5ed4cef5ae92c68301739d14171822') in 0.018072 seconds
Number of updated asset objects reloaded before import = 0
Number of asset objects unloaded after import = 1
========================================================================
Received Import Request.
  Time since last request: 0.000141 seconds.
  path: Assets/Photon/PhotonVoice/Demos/DemoVoicePun/Textures/ZomBearSpecular.tif
  artifactKey: Guid(082a477a29c51434097a2cba0ae07c87) Importer(2089858483,0ecaa5967403d082aa24f35e1b516d23)
Start importing Assets/Photon/PhotonVoice/Demos/DemoVoicePun/Textures/ZomBearSpecular.tif using Guid(082a477a29c51434097a2cba0ae07c87) Importer(2089858483,0ecaa5967403d082aa24f35e1b516d23) Generated GUIDs only implemented for interfaces!
 -> (artifact id: '10213604dfc64671189c61a095e628e1') in 0.034984 seconds
Number of updated asset objects reloaded before import = 0
Number of asset objects unloaded after import = 1
========================================================================
Received Import Request.
  Time since last request: 0.000141 seconds.
  path: Assets/Photon/PhotonVoice/Demos/DemoVoicePun/Resources/Boy.prefab
  artifactKey: Guid(4e5a0d387dc27394b81600988ad0216f) Importer(2089858483,0ecaa5967403d082aa24f35e1b516d23)
Start importing Assets/Photon/PhotonVoice/Demos/DemoVoicePun/Resources/Boy.prefab using Guid(4e5a0d387dc27394b81600988ad0216f) Importer(2089858483,0ecaa5967403d082aa24f35e1b516d23) Generated GUIDs only implemented for interfaces!
 -> (artifact id: 'c949207de4687e5b28ebcc3d094c30b8') in 0.059804 seconds
Number of updated asset objects reloaded before import = 0
Number of asset objects unloaded after import = 60
========================================================================
Received Import Request.
  Time since last request: 0.000024 seconds.
  path: Assets/Photon/PhotonUnityNetworking/Demos/DemoAsteroids/Scripts/Lobby/PlayerListEntry.cs
  artifactKey: Guid(6b92420fa27b32d43a6a35af7781c5d8) Importer(2089858483,0ecaa5967403d082aa24f35e1b516d23)
Start importing Assets/Photon/PhotonUnityNetworking/Demos/DemoAsteroids/Scripts/Lobby/PlayerListEntry.cs using Guid(6b92420fa27b32d43a6a35af7781c5d8) Importer(2089858483,0ecaa5967403d082aa24f35e1b516d23) Generated GUIDs only implemented for interfaces!
 -> (artifact id: 'b86ddd1e5b1fa2cfff32b69475e0d714') in 0.020998 seconds
Number of updated asset objects reloaded before import = 0
Number of asset objects unloaded after import = 1
========================================================================
Received Import Request.
  Time since last request: 0.000222 seconds.
  path: Assets/Photon/PhotonVoice/Demos/DemoVoicePun/Resources/Boy-Local.prefab
  artifactKey: Guid(918176382df6c6644be68959372cc869) Importer(2089858483,0ecaa5967403d082aa24f35e1b516d23)
Start importing Assets/Photon/PhotonVoice/Demos/DemoVoicePun/Resources/Boy-Local.prefab using Guid(918176382df6c6644be68959372cc869) Importer(2089858483,0ecaa5967403d082aa24f35e1b516d23) Generated GUIDs only implemented for interfaces!
 -> (artifact id: '9c7f5664530506dd63c7c8195be8131a') in 0.448190 seconds
Number of updated asset objects reloaded before import = 0
Number of asset objects unloaded after import = 61
========================================================================
Received Import Request.
  Time since last request: 0.000074 seconds.
  path: Assets/Photon/PhotonUnityNetworking/Demos/PunCockpit/Scripts/ReadOnlyProperties/CountOfRoomsProperty.cs
  artifactKey: Guid(8da0abdf8617d4c76bc84fc49e21c53b) Importer(2089858483,0ecaa5967403d082aa24f35e1b516d23)
Start importing Assets/Photon/PhotonUnityNetworking/Demos/PunCockpit/Scripts/ReadOnlyProperties/CountOfRoomsProperty.cs using Guid(8da0abdf8617d4c76bc84fc49e21c53b) Importer(2089858483,0ecaa5967403d082aa24f35e1b516d23) Generated GUIDs only implemented for interfaces!
 -> (artifact id: '06f082e0684d5f0d61e39376905d0184') in 0.228832 seconds
Number of updated asset objects reloaded before import = 0
Number of asset objects unloaded after import = 1
========================================================================
Received Import Request.
  Time since last request: 0.000147 seconds.
  path: Assets/Photon/PhotonUnityNetworking/Demos/PunCockpit/Scripts/ReadOnlyProperties/IsConnectedProperty.cs
  artifactKey: Guid(398773e8d21e14a6780ad50d653d4b9e) Importer(2089858483,0ecaa5967403d082aa24f35e1b516d23)
Start importing Assets/Photon/PhotonUnityNetworking/Demos/PunCockpit/Scripts/ReadOnlyProperties/IsConnectedProperty.cs using Guid(398773e8d21e14a6780ad50d653d4b9e) Importer(2089858483,0ecaa5967403d082aa24f35e1b516d23) Generated GUIDs only implemented for interfaces!
 -> (artifact id: 'd04050a68995c2e52b17a8742e27a00f') in 0.297449 seconds
Number of updated asset objects reloaded before import = 0
Number of asset objects unloaded after import = 1
========================================================================
Received Import Request.
  Time since last request: 0.001189 seconds.
  path: Assets/Photon/PhotonUnityNetworking/Demos/PunCockpit/Scripts/Lists/FriendListView.cs
  artifactKey: Guid(ce2efcae64ac14edebdffc99a93e401a) Importer(2089858483,0ecaa5967403d082aa24f35e1b516d23)
Start importing Assets/Photon/PhotonUnityNetworking/Demos/PunCockpit/Scripts/Lists/FriendListView.cs using Guid(ce2efcae64ac14edebdffc99a93e401a) Importer(2089858483,0ecaa5967403d082aa24f35e1b516d23) Generated GUIDs only implemented for interfaces!
 -> (artifact id: '36706d7f53eb619968df9230e840c6bc') in 0.516857 seconds
Number of updated asset objects reloaded before import = 0
Number of asset objects unloaded after import = 1
========================================================================
Received Import Request.
  Time since last request: 0.000074 seconds.
  path: Assets/Photon/PhotonUnityNetworking/Demos/PunCockpit/Scripts/ReadOnlyProperties/PropertyListenerBase.cs
  artifactKey: Guid(4be7d208de29c469d8cc6e686be2329c) Importer(2089858483,0ecaa5967403d082aa24f35e1b516d23)
Start importing Assets/Photon/PhotonUnityNetworking/Demos/PunCockpit/Scripts/ReadOnlyProperties/PropertyListenerBase.cs using Guid(4be7d208de29c469d8cc6e686be2329c) Importer(2089858483,0ecaa5967403d082aa24f35e1b516d23) Generated GUIDs only implemented for interfaces!
 -> (artifact id: '423c65a23b0608670a2bb0be56baf159') in 0.223033 seconds
Number of updated asset objects reloaded before import = 0
Number of asset objects unloaded after import = 1
========================================================================
Received Import Request.
  Time since last request: 0.000082 seconds.
  path: Assets/Photon/PhotonUnityNetworking/Demos/Shared Assets/Prefabs/UI/Toggle Regular.prefab
  artifactKey: Guid(82b2227f60269dd46b9a921faca9dc1f) Importer(2089858483,0ecaa5967403d082aa24f35e1b516d23)
Start importing Assets/Photon/PhotonUnityNetworking/Demos/Shared Assets/Prefabs/UI/Toggle Regular.prefab using Guid(82b2227f60269dd46b9a921faca9dc1f) Importer(2089858483,0ecaa5967403d082aa24f35e1b516d23) Generated GUIDs only implemented for interfaces!
 -> (artifact id: '9011631f2bb03c12fb799a3e7421b7c5') in 0.326441 seconds
Number of updated asset objects reloaded before import = 0
Number of asset objects unloaded after import = 20
========================================================================
Received Import Request.
  Time since last request: 0.000023 seconds.
  path: Assets/Photon/PhotonUnityNetworking/Demos/PunCockpit/Scripts/ReadOnlyProperties/CurrentRoomAutoCleanupProperty.cs
  artifactKey: Guid(b5de4d7e09db242c4aa0d47c4416630b) Importer(2089858483,0ecaa5967403d082aa24f35e1b516d23)
Start importing Assets/Photon/PhotonUnityNetworking/Demos/PunCockpit/Scripts/ReadOnlyProperties/CurrentRoomAutoCleanupProperty.cs using Guid(b5de4d7e09db242c4aa0d47c4416630b) Importer(2089858483,0ecaa5967403d082aa24f35e1b516d23) Generated GUIDs only implemented for interfaces!
 -> (artifact id: '8aaf4306c053401925dd7424aca6851f') in 0.235409 seconds
Number of updated asset objects reloaded before import = 0
Number of asset objects unloaded after import = 1
========================================================================
Received Import Request.
  Time since last request: 0.000046 seconds.
  path: Assets/Photon/PhotonUnityNetworking/Demos/PunCockpit/Scripts/ReadOnlyProperties/CountOfPlayersInRoomProperty.cs
  artifactKey: Guid(efbb55080baae4567af10254c267900c) Importer(2089858483,0ecaa5967403d082aa24f35e1b516d23)
Start importing Assets/Photon/PhotonUnityNetworking/Demos/PunCockpit/Scripts/ReadOnlyProperties/CountOfPlayersInRoomProperty.cs using Guid(efbb55080baae4567af10254c267900c) Importer(2089858483,0ecaa5967403d082aa24f35e1b516d23) Generated GUIDs only implemented for interfaces!
 -> (artifact id: '47fd4ec394983fee322bf8a8a5d935c7') in 0.024068 seconds
Number of updated asset objects reloaded before import = 0
Number of asset objects unloaded after import = 1
========================================================================
Received Import Request.
  Time since last request: 0.000172 seconds.
  path: Assets/Photon/PhotonUnityNetworking/Demos/PunCockpit/Scripts/ReadOnlyProperties/CurrentRoomPropertiesListedInLobbyProperty.cs
  artifactKey: Guid(3597ecc77cdd74c1fbd06202905bbd3f) Importer(2089858483,0ecaa5967403d082aa24f35e1b516d23)
Start importing Assets/Photon/PhotonUnityNetworking/Demos/PunCockpit/Scripts/ReadOnlyProperties/CurrentRoomPropertiesListedInLobbyProperty.cs using Guid(3597ecc77cdd74c1fbd06202905bbd3f) Importer(2089858483,0ecaa5967403d082aa24f35e1b516d23) Generated GUIDs only implemented for interfaces!
 -> (artifact id: '34302525178dad8a12af79a9b817d7b4') in 0.021761 seconds
Number of updated asset objects reloaded before import = 0
Number of asset objects unloaded after import = 1
========================================================================
Received Import Request.
  Time since last request: 0.000101 seconds.
  path: Assets/Photon/PhotonUnityNetworking/Demos/PunCockpit/Scripts/ReadOnlyProperties/GameVersionProperty.cs
  artifactKey: Guid(d5168ef825c3e4b74aff060ca5c07cc1) Importer(2089858483,0ecaa5967403d082aa24f35e1b516d23)
Start importing Assets/Photon/PhotonUnityNetworking/Demos/PunCockpit/Scripts/ReadOnlyProperties/GameVersionProperty.cs using Guid(d5168ef825c3e4b74aff060ca5c07cc1) Importer(2089858483,0ecaa5967403d082aa24f35e1b516d23) Generated GUIDs only implemented for interfaces!
 -> (artifact id: '991888640f66f8b9cf88f0030debd8bf') in 0.019277 seconds
Number of updated asset objects reloaded before import = 0
Number of asset objects unloaded after import = 1
========================================================================
Received Import Request.
  Time since last request: 0.000400 seconds.
  path: Assets/Photon/PhotonUnityNetworking/Demos/PunCockpit/Scripts/Lists/PlayerListCell.cs
  artifactKey: Guid(0170261016c824eebb6c78e47e0b9ea0) Importer(2089858483,0ecaa5967403d082aa24f35e1b516d23)
Start importing Assets/Photon/PhotonUnityNetworking/Demos/PunCockpit/Scripts/Lists/PlayerListCell.cs using Guid(0170261016c824eebb6c78e47e0b9ea0) Importer(2089858483,0ecaa5967403d082aa24f35e1b516d23) Generated GUIDs only implemented for interfaces!
 -> (artifact id: 'b92f4fcc4db76563dadbc9f3d1741f9b') in 0.133028 seconds
Number of updated asset objects reloaded before import = 0
Number of asset objects unloaded after import = 1
========================================================================
Received Import Request.
  Time since last request: 0.000173 seconds.
  path: Assets/Photon/PhotonVoice/PhotonVoiceApi/Core/POpusCodec/Enums/Delay.cs
  artifactKey: Guid(f7fa617b20b39d3488d2d9fbc1abae43) Importer(2089858483,0ecaa5967403d082aa24f35e1b516d23)
Start importing Assets/Photon/PhotonVoice/PhotonVoiceApi/Core/POpusCodec/Enums/Delay.cs using Guid(f7fa617b20b39d3488d2d9fbc1abae43) Importer(2089858483,0ecaa5967403d082aa24f35e1b516d23) Generated GUIDs only implemented for interfaces!
 -> (artifact id: '20f1a324bb802a2a816ee8754549672a') in 0.019564 seconds
Number of updated asset objects reloaded before import = 0
Number of asset objects unloaded after import = 1
========================================================================
Received Import Request.
  Time since last request: 0.000223 seconds.
  path: Assets/Photon/PhotonVoice/Demos/DemoVoicePun/Stylized city/Materials/20 - Default.mat
  artifactKey: Guid(87d5291daa97cca4b94c73b9923d805c) Importer(2089858483,0ecaa5967403d082aa24f35e1b516d23)
Start importing Assets/Photon/PhotonVoice/Demos/DemoVoicePun/Stylized city/Materials/20 - Default.mat using Guid(87d5291daa97cca4b94c73b9923d805c) Importer(2089858483,0ecaa5967403d082aa24f35e1b516d23) Generated GUIDs only implemented for interfaces!
 -> (artifact id: 'f4653e54c492d8f83453dad75623188e') in 0.024977 seconds
Number of updated asset objects reloaded before import = 0
Number of asset objects unloaded after import = 1
========================================================================
Received Import Request.
  Time since last request: 0.000089 seconds.
  path: Assets/Photon/PhotonVoice/Demos/DemoVoicePun/Stylized city/Models/bush1.FBX
  artifactKey: Guid(9d33d17195b6dea42bb7023836010e8d) Importer(2089858483,0ecaa5967403d082aa24f35e1b516d23)
Start importing Assets/Photon/PhotonVoice/Demos/DemoVoicePun/Stylized city/Models/bush1.FBX using Guid(9d33d17195b6dea42bb7023836010e8d) Importer(2089858483,0ecaa5967403d082aa24f35e1b516d23) Generated GUIDs only implemented for interfaces!
 -> (artifact id: '467d869df96bb45761ca9801ea21eec5') in 0.024502 seconds
Number of updated asset objects reloaded before import = 0
Number of asset objects unloaded after import = 14
========================================================================
Received Import Request.
  Time since last request: 0.000032 seconds.
  path: Assets/Photon/PhotonVoice/Demos/DemoVoicePun/Standard Assets/CrossPlatformInput/CrossPlatformInputGuidelines.txt
  artifactKey: Guid(a3b997593a4f12c4c991490593f3b513) Importer(2089858483,0ecaa5967403d082aa24f35e1b516d23)
Start importing Assets/Photon/PhotonVoice/Demos/DemoVoicePun/Standard Assets/CrossPlatformInput/CrossPlatformInputGuidelines.txt using Guid(a3b997593a4f12c4c991490593f3b513) Importer(2089858483,0ecaa5967403d082aa24f35e1b516d23) Generated GUIDs only implemented for interfaces!
 -> (artifact id: 'b8ce33be17d4f89567a35a0348635dab') in 0.044532 seconds
Number of updated asset objects reloaded before import = 0
Number of asset objects unloaded after import = 1
========================================================================
Received Import Request.
  Time since last request: 0.000597 seconds.
  path: Assets/Photon/PhotonUnityNetworking/Demos/PunCockpit/Scripts/ReadOnlyProperties/CurrentRoomIsOfflineProperty.cs
  artifactKey: Guid(e2e2a33f898da45eb9d44ea357e325db) Importer(2089858483,0ecaa5967403d082aa24f35e1b516d23)
Start importing Assets/Photon/PhotonUnityNetworking/Demos/PunCockpit/Scripts/ReadOnlyProperties/CurrentRoomIsOfflineProperty.cs using Guid(e2e2a33f898da45eb9d44ea357e325db) Importer(2089858483,0ecaa5967403d082aa24f35e1b516d23) Generated GUIDs only implemented for interfaces!
 -> (artifact id: '946423ca008dbc48b8a5796080d12fa5') in 0.022321 seconds
Number of updated asset objects reloaded before import = 0
Number of asset objects unloaded after import = 1
========================================================================
Received Import Request.
  Time since last request: 0.000147 seconds.
  path: Assets/Photon/PhotonVoice/Demos/DemoVoicePun/Stylized city/Materials/ground_green232.mat
  artifactKey: Guid(9a17f7379eb854e409d45285657f5166) Importer(2089858483,0ecaa5967403d082aa24f35e1b516d23)
Start importing Assets/Photon/PhotonVoice/Demos/DemoVoicePun/Stylized city/Materials/ground_green232.mat using Guid(9a17f7379eb854e409d45285657f5166) Importer(2089858483,0ecaa5967403d082aa24f35e1b516d23) Generated GUIDs only implemented for interfaces!
 -> (artifact id: 'e92723030408246792d3582018a8bd9e') in 0.050210 seconds
Number of updated asset objects reloaded before import = 0
Number of asset objects unloaded after import = 1
========================================================================
Received Import Request.
  Time since last request: 0.000151 seconds.
  path: Assets/Photon/PhotonUnityNetworking/Demos/PunCockpit/Scripts/ReadOnlyProperties/PingProperty.cs
  artifactKey: Guid(2651ec6773ffe4831b1fce07d51c186a) Importer(2089858483,0ecaa5967403d082aa24f35e1b516d23)
Start importing Assets/Photon/PhotonUnityNetworking/Demos/PunCockpit/Scripts/ReadOnlyProperties/PingProperty.cs using Guid(2651ec6773ffe4831b1fce07d51c186a) Importer(2089858483,0ecaa5967403d082aa24f35e1b516d23) Generated GUIDs only implemented for interfaces!
 -> (artifact id: '57f2d6aba5ccee73f333cb727057e010') in 0.015236 seconds
Number of updated asset objects reloaded before import = 0
Number of asset objects unloaded after import = 1
========================================================================
Received Import Request.
  Time since last request: 0.000096 seconds.
  path: Assets/Photon/PhotonVoice/PhotonVoiceApi/Core/POpusCodec/Enums/Complexity.cs
  artifactKey: Guid(5eb43bf1b9e449b438cbea885607ad3e) Importer(2089858483,0ecaa5967403d082aa24f35e1b516d23)
Start importing Assets/Photon/PhotonVoice/PhotonVoiceApi/Core/POpusCodec/Enums/Complexity.cs using Guid(5eb43bf1b9e449b438cbea885607ad3e) Importer(2089858483,0ecaa5967403d082aa24f35e1b516d23) Generated GUIDs only implemented for interfaces!
 -> (artifact id: '01c03b3c0a5cf71053bc4c12833e3824') in 0.010808 seconds
Number of updated asset objects reloaded before import = 0
Number of asset objects unloaded after import = 1
========================================================================
Received Import Request.
  Time since last request: 0.000195 seconds.
  path: Assets/Photon/PhotonVoice/Demos/DemoVoicePun/Stylized city/Materials/13 - Default22662.mat
  artifactKey: Guid(085f0706ad3515b40a2be9b8d2775c26) Importer(2089858483,0ecaa5967403d082aa24f35e1b516d23)
Start importing Assets/Photon/PhotonVoice/Demos/DemoVoicePun/Stylized city/Materials/13 - Default22662.mat using Guid(085f0706ad3515b40a2be9b8d2775c26) Importer(2089858483,0ecaa5967403d082aa24f35e1b516d23) Generated GUIDs only implemented for interfaces!
 -> (artifact id: '6c5b600506b4794133cc60922f907fe3') in 0.026555 seconds
Number of updated asset objects reloaded before import = 0
Number of asset objects unloaded after import = 1
========================================================================
Received Import Request.
  Time since last request: 0.000127 seconds.
  path: Assets/Photon/PhotonUnityNetworking/Demos/PunCockpit/Scripts/ReadOnlyProperties/CurrentRoomIsOpenProperty.cs
  artifactKey: Guid(616aae5178f614b47911b3ada06ac650) Importer(2089858483,0ecaa5967403d082aa24f35e1b516d23)
Start importing Assets/Photon/PhotonUnityNetworking/Demos/PunCockpit/Scripts/ReadOnlyProperties/CurrentRoomIsOpenProperty.cs using Guid(616aae5178f614b47911b3ada06ac650) Importer(2089858483,0ecaa5967403d082aa24f35e1b516d23) Generated GUIDs only implemented for interfaces!
 -> (artifact id: '1ca46a081ef0d752dc5f6b99ec2b21e4') in 0.016119 seconds
Number of updated asset objects reloaded before import = 0
Number of asset objects unloaded after import = 1
========================================================================
Received Import Request.
  Time since last request: 0.000133 seconds.
  path: Assets/Photon/PhotonUnityNetworking/Demos/Shared Assets/Prefabs/UI/Tooltip.prefab
  artifactKey: Guid(87d5aa043215a47cba8b74ae3490a936) Importer(2089858483,0ecaa5967403d082aa24f35e1b516d23)
Start importing Assets/Photon/PhotonUnityNetworking/Demos/Shared Assets/Prefabs/UI/Tooltip.prefab using Guid(87d5aa043215a47cba8b74ae3490a936) Importer(2089858483,0ecaa5967403d082aa24f35e1b516d23) Generated GUIDs only implemented for interfaces!
 -> (artifact id: '04a52b97b93c37d7e0af2e021f7d3e6e') in 0.138263 seconds
Number of updated asset objects reloaded before import = 0
Number of asset objects unloaded after import = 8
========================================================================
Received Import Request.
  Time since last request: 0.000021 seconds.
  path: Assets/Photon/PhotonUnityNetworking/Demos/PunCockpit/Scripts/ReadOnlyProperties/ServerAddressProperty.cs
  artifactKey: Guid(f467ca90418914fcd959dcc9ebb1edca) Importer(2089858483,0ecaa5967403d082aa24f35e1b516d23)
Start importing Assets/Photon/PhotonUnityNetworking/Demos/PunCockpit/Scripts/ReadOnlyProperties/ServerAddressProperty.cs using Guid(f467ca90418914fcd959dcc9ebb1edca) Importer(2089858483,0ecaa5967403d082aa24f35e1b516d23) Generated GUIDs only implemented for interfaces!
 -> (artifact id: 'dca57b714b683ca2c3594e81c62f5811') in 0.018438 seconds
Number of updated asset objects reloaded before import = 0
Number of asset objects unloaded after import = 1
========================================================================
Received Import Request.
  Time since last request: 0.000144 seconds.
  path: Assets/Photon/PhotonVoice/Demos/DemoVoicePun/Stylized city/Models/tree_1.FBX
  artifactKey: Guid(a9b863560a3c5bd488fee66fe7190f36) Importer(2089858483,0ecaa5967403d082aa24f35e1b516d23)
Start importing Assets/Photon/PhotonVoice/Demos/DemoVoicePun/Stylized city/Models/tree_1.FBX using Guid(a9b863560a3c5bd488fee66fe7190f36) Importer(2089858483,0ecaa5967403d082aa24f35e1b516d23) Generated GUIDs only implemented for interfaces!
 -> (artifact id: '7b8f4aad1eea69d7b8b12ab166ceef6f') in 0.030616 seconds
Number of updated asset objects reloaded before import = 0
Number of asset objects unloaded after import = 24
========================================================================
Received Import Request.
  Time since last request: 0.000025 seconds.
  path: Assets/Photon/PhotonUnityNetworking/Demos/Shared Assets/Prefabs/UI/Button Regular.prefab
  artifactKey: Guid(395d3cc3d7cf0014a870fee72cbd3490) Importer(2089858483,0ecaa5967403d082aa24f35e1b516d23)
Start importing Assets/Photon/PhotonUnityNetworking/Demos/Shared Assets/Prefabs/UI/Button Regular.prefab using Guid(395d3cc3d7cf0014a870fee72cbd3490) Importer(2089858483,0ecaa5967403d082aa24f35e1b516d23) Generated GUIDs only implemented for interfaces!
 -> (artifact id: 'c7befcedc41862d1d191396496a823af') in 0.146223 seconds
Number of updated asset objects reloaded before import = 0
Number of asset objects unloaded after import = 16
========================================================================
Received Import Request.
  Time since last request: 0.000032 seconds.
  path: Assets/Photon/PhotonUnityNetworking/Demos/PunCockpit/Scripts/Autonomous UI/CrcCheckToggle.cs
  artifactKey: Guid(ac5f2e2d5fa8e4143ab9b97b523d3990) Importer(2089858483,0ecaa5967403d082aa24f35e1b516d23)
Start importing Assets/Photon/PhotonUnityNetworking/Demos/PunCockpit/Scripts/Autonomous UI/CrcCheckToggle.cs using Guid(ac5f2e2d5fa8e4143ab9b97b523d3990) Importer(2089858483,0ecaa5967403d082aa24f35e1b516d23) Generated GUIDs only implemented for interfaces!
 -> (artifact id: '708e04739616d5a353c13a0d20042e28') in 0.021025 seconds
Number of updated asset objects reloaded before import = 0
Number of asset objects unloaded after import = 1
========================================================================
Received Import Request.
  Time since last request: 0.000150 seconds.
  path: Assets/PlayFabSDK/Shared/Public/PluginContractKey.cs
  artifactKey: Guid(c74eb9de26e70e7489002fb92b96af0f) Importer(2089858483,0ecaa5967403d082aa24f35e1b516d23)
Start importing Assets/PlayFabSDK/Shared/Public/PluginContractKey.cs using Guid(c74eb9de26e70e7489002fb92b96af0f) Importer(2089858483,0ecaa5967403d082aa24f35e1b516d23) Generated GUIDs only implemented for interfaces!
 -> (artifact id: 'a8377607f2fb4702724201fecda85a0f') in 0.128235 seconds
Number of updated asset objects reloaded before import = 0
Number of asset objects unloaded after import = 1
========================================================================
Received Import Request.
  Time since last request: 0.000107 seconds.
  path: Assets/Resources/PhotonVR/Scripts/Saving/PhotonVRValueSaver.cs
  artifactKey: Guid(3109970f097083047b01b4710a7b79f6) Importer(2089858483,0ecaa5967403d082aa24f35e1b516d23)
Start importing Assets/Resources/PhotonVR/Scripts/Saving/PhotonVRValueSaver.cs using Guid(3109970f097083047b01b4710a7b79f6) Importer(2089858483,0ecaa5967403d082aa24f35e1b516d23) Generated GUIDs only implemented for interfaces!
 -> (artifact id: '16852cfe20ec4889802c19da029fabb3') in 0.016160 seconds
Number of updated asset objects reloaded before import = 0
Number of asset objects unloaded after import = 1
========================================================================
Received Import Request.
  Time since last request: 0.000082 seconds.
  path: Assets/Photon/PhotonUnityNetworking/Demos/PunCockpit/Scripts/Lists/RoomListCell.cs
  artifactKey: Guid(347470b28bdc940a9b92930118dbc7e0) Importer(2089858483,0ecaa5967403d082aa24f35e1b516d23)
Start importing Assets/Photon/PhotonUnityNetworking/Demos/PunCockpit/Scripts/Lists/RoomListCell.cs using Guid(347470b28bdc940a9b92930118dbc7e0) Importer(2089858483,0ecaa5967403d082aa24f35e1b516d23) Generated GUIDs only implemented for interfaces!
 -> (artifact id: '9c1aa448d04e3cbe2d7be12c0ba81345') in 0.019667 seconds
Number of updated asset objects reloaded before import = 0
Number of asset objects unloaded after import = 1
========================================================================
Received Import Request.
  Time since last request: 0.000034 seconds.
  path: Assets/Texture2D/Untitled846_20251026100202.png
  artifactKey: Guid(147e188390e69e54c8dc1886f096cf3c) Importer(2089858483,0ecaa5967403d082aa24f35e1b516d23)
Start importing Assets/Texture2D/Untitled846_20251026100202.png using Guid(147e188390e69e54c8dc1886f096cf3c) Importer(2089858483,0ecaa5967403d082aa24f35e1b516d23) Generated GUIDs only implemented for interfaces!
 -> (artifact id: 'fb0c8c501c6aed26ad01a23b5afa1d80') in 0.121317 seconds
Number of updated asset objects reloaded before import = 0
Number of asset objects unloaded after import = 1
========================================================================
Received Import Request.
  Time since last request: 0.000081 seconds.
  path: Assets/Samples/XR Interaction Toolkit/2.5.4/Starter Assets/DemoSceneAssets/Sprites/Asset.png
  artifactKey: Guid(17d565bb4a7744b41b7e4dc7e3a09e35) Importer(2089858483,0ecaa5967403d082aa24f35e1b516d23)
Start importing Assets/Samples/XR Interaction Toolkit/2.5.4/Starter Assets/DemoSceneAssets/Sprites/Asset.png using Guid(17d565bb4a7744b41b7e4dc7e3a09e35) Importer(2089858483,0ecaa5967403d082aa24f35e1b516d23) Generated GUIDs only implemented for interfaces!
 -> (artifact id: '41ab50dedc55567d9a04f1343608dc42') in 0.053664 seconds
Number of updated asset objects reloaded before import = 0
Number of asset objects unloaded after import = 3
========================================================================
Received Import Request.
  Time since last request: 0.000029 seconds.
  path: Assets/Samples/XR Interaction Toolkit/2.5.4/Starter Assets/DemoSceneAssets/AffordanceThemes/InteractionColorAffordanceTheme.asset
  artifactKey: Guid(3ec238cb3e80e274c844d7b56f585392) Importer(2089858483,0ecaa5967403d082aa24f35e1b516d23)
Start importing Assets/Samples/XR Interaction Toolkit/2.5.4/Starter Assets/DemoSceneAssets/AffordanceThemes/InteractionColorAffordanceTheme.asset using Guid(3ec238cb3e80e274c844d7b56f585392) Importer(2089858483,0ecaa5967403d082aa24f35e1b516d23) Generated GUIDs only implemented for interfaces!
 -> (artifact id: '0cf085c21a5deccbf033e4267fe09edd') in 0.133925 seconds
Number of updated asset objects reloaded before import = 0
Number of asset objects unloaded after import = 1
========================================================================
Received Import Request.
  Time since last request: 0.000209 seconds.
  path: Assets/Samples/XR Interaction Toolkit/2.5.4/Starter Assets/DemoSceneAssets/Models/PushButton.fbx
  artifactKey: Guid(7ab6f3b0fd1a6ba41b2a47766c16613f) Importer(2089858483,0ecaa5967403d082aa24f35e1b516d23)
Start importing Assets/Samples/XR Interaction Toolkit/2.5.4/Starter Assets/DemoSceneAssets/Models/PushButton.fbx using Guid(7ab6f3b0fd1a6ba41b2a47766c16613f) Importer(2089858483,0ecaa5967403d082aa24f35e1b516d23) Generated GUIDs only implemented for interfaces!
 -> (artifact id: '2de900818d70e9582bd40cee1a625b79') in 0.147103 seconds
Number of updated asset objects reloaded before import = 0
Number of asset objects unloaded after import = 18
========================================================================
Received Import Request.
  Time since last request: 0.000046 seconds.
  path: Assets/Photon/PhotonVoice/PhotonVoiceApi/Core/POpusCodec/Enums/SamplingRate.cs
  artifactKey: Guid(ecca42cdd5ba70a44b9eada7e82d172a) Importer(2089858483,0ecaa5967403d082aa24f35e1b516d23)
Start importing Assets/Photon/PhotonVoice/PhotonVoiceApi/Core/POpusCodec/Enums/SamplingRate.cs using Guid(ecca42cdd5ba70a44b9eada7e82d172a) Importer(2089858483,0ecaa5967403d082aa24f35e1b516d23) Generated GUIDs only implemented for interfaces!
 -> (artifact id: '3e1142300515102af3b2b864b36151a4') in 0.023836 seconds
Number of updated asset objects reloaded before import = 0
Number of asset objects unloaded after import = 1
========================================================================
Received Import Request.
  Time since last request: 0.000041 seconds.
  path: Assets/Photon/PhotonVoice/PhotonVoiceApi/Core/POpusCodec/Enums/OpusCtlSetRequest.cs
  artifactKey: Guid(2685c657fd2eeb04caf2917098b69215) Importer(2089858483,0ecaa5967403d082aa24f35e1b516d23)
Start importing Assets/Photon/PhotonVoice/PhotonVoiceApi/Core/POpusCodec/Enums/OpusCtlSetRequest.cs using Guid(2685c657fd2eeb04caf2917098b69215) Importer(2089858483,0ecaa5967403d082aa24f35e1b516d23) Generated GUIDs only implemented for interfaces!
 -> (artifact id: '320526868ead60a81f971071a3f7c23d') in 0.016859 seconds
Number of updated asset objects reloaded before import = 0
Number of asset objects unloaded after import = 1
========================================================================
Received Import Request.
  Time since last request: 0.000141 seconds.
  path: Assets/Photon/PhotonVoice/PhotonVoiceLibs/Android/libs/x86/libopus_egpv.so
  artifactKey: Guid(786588473c28a4b4fa3496fa2fcd5a5b) Importer(2089858483,0ecaa5967403d082aa24f35e1b516d23)
Start importing Assets/Photon/PhotonVoice/PhotonVoiceLibs/Android/libs/x86/libopus_egpv.so using Guid(786588473c28a4b4fa3496fa2fcd5a5b) Importer(2089858483,0ecaa5967403d082aa24f35e1b516d23) Generated GUIDs only implemented for interfaces!
 -> (artifact id: '816bda255f30f791c6d6f27035815f3f') in 0.105134 seconds
Number of updated asset objects reloaded before import = 0
Number of asset objects unloaded after import = 1
========================================================================
Received Import Request.
  Time since last request: 0.000092 seconds.
  path: Assets/Samples/XR Interaction Toolkit/2.5.4/Starter Assets/DemoSceneAssets/Sprites/Forward.png
  artifactKey: Guid(f8ecc54972abacc46a93f671b0602139) Importer(2089858483,0ecaa5967403d082aa24f35e1b516d23)
Start importing Assets/Samples/XR Interaction Toolkit/2.5.4/Starter Assets/DemoSceneAssets/Sprites/Forward.png using Guid(f8ecc54972abacc46a93f671b0602139) Importer(2089858483,0ecaa5967403d082aa24f35e1b516d23) Generated GUIDs only implemented for interfaces!
 -> (artifact id: 'af98964d05465bacd17a2d6113ca9d2c') in 0.042129 seconds
Number of updated asset objects reloaded before import = 0
Number of asset objects unloaded after import = 3
========================================================================
Received Import Request.
  Time since last request: 0.000028 seconds.
  path: Assets/Photon/PhotonUnityNetworking/Demos/DemoSlotRacer/Kenney Assets/Stylized city/Materials/24 - Default.mat
  artifactKey: Guid(c14837dfa515883428e5652d93e80c72) Importer(2089858483,0ecaa5967403d082aa24f35e1b516d23)
Start importing Assets/Photon/PhotonUnityNetworking/Demos/DemoSlotRacer/Kenney Assets/Stylized city/Materials/24 - Default.mat using Guid(c14837dfa515883428e5652d93e80c72) Importer(2089858483,0ecaa5967403d082aa24f35e1b516d23) Generated GUIDs only implemented for interfaces!
 -> (artifact id: '939823c41c0e6357d217ca0341b12464') in 0.037413 seconds
Number of updated asset objects reloaded before import = 0
Number of asset objects unloaded after import = 1
========================================================================
Received Import Request.
  Time since last request: 0.000086 seconds.
  path: Assets/Photon/PhotonUnityNetworking/Demos/DemoSlotRacer/Kenney Assets/Racing Kit/Models/roadCornerSmallBorder.fbx
  artifactKey: Guid(f34457aefb5bca94fa9fb35aa61fb3e7) Importer(2089858483,0ecaa5967403d082aa24f35e1b516d23)
Start importing Assets/Photon/PhotonUnityNetworking/Demos/DemoSlotRacer/Kenney Assets/Racing Kit/Models/roadCornerSmallBorder.fbx using Guid(f34457aefb5bca94fa9fb35aa61fb3e7) Importer(2089858483,0ecaa5967403d082aa24f35e1b516d23) Generated GUIDs only implemented for interfaces!
 -> (artifact id: '44703f2a2a8f865f0dab380b4c179e68') in 0.137852 seconds
Number of updated asset objects reloaded before import = 0
Number of asset objects unloaded after import = 7
========================================================================
Received Import Request.
  Time since last request: 0.000032 seconds.
  path: Assets/Photon/PhotonUnityNetworking/Demos/DemoSlotRacer/Kenney Assets/Stylized city/Materials/insides_3.mat
  artifactKey: Guid(cdcec2345c1d1af4da10b1c5d9cbff65) Importer(2089858483,0ecaa5967403d082aa24f35e1b516d23)
Start importing Assets/Photon/PhotonUnityNetworking/Demos/DemoSlotRacer/Kenney Assets/Stylized city/Materials/insides_3.mat using Guid(cdcec2345c1d1af4da10b1c5d9cbff65) Importer(2089858483,0ecaa5967403d082aa24f35e1b516d23) Generated GUIDs only implemented for interfaces!
 -> (artifact id: '7cf76ed5604a007110dc0cf54bd1dabf') in 0.032669 seconds
Number of updated asset objects reloaded before import = 0
Number of asset objects unloaded after import = 1
========================================================================
Received Import Request.
  Time since last request: 0.000112 seconds.
  path: Assets/Photon/PhotonUnityNetworking/Demos/DemoSlotRacer/Kenney Assets/Stylized city/Materials/ground_green232.mat
  artifactKey: Guid(fd4000dd854ad0e40ba2a59fab94cad1) Importer(2089858483,0ecaa5967403d082aa24f35e1b516d23)
Start importing Assets/Photon/PhotonUnityNetworking/Demos/DemoSlotRacer/Kenney Assets/Stylized city/Materials/ground_green232.mat using Guid(fd4000dd854ad0e40ba2a59fab94cad1) Importer(2089858483,0ecaa5967403d082aa24f35e1b516d23) Generated GUIDs only implemented for interfaces!
 -> (artifact id: '596c68e2f48fe06375b7c7ff86c83e4a') in 0.030846 seconds
Number of updated asset objects reloaded before import = 0
Number of asset objects unloaded after import = 1
========================================================================
Received Import Request.
  Time since last request: 0.000128 seconds.
  path: Assets/Photon/PhotonUnityNetworking/Demos/DemoSlotRacer/Kenney Assets/Racing Kit/Models/roadCornerSmall.fbx
  artifactKey: Guid(d873a0d61ff3aa941be0eb85cb9271ef) Importer(2089858483,0ecaa5967403d082aa24f35e1b516d23)
Start importing Assets/Photon/PhotonUnityNetworking/Demos/DemoSlotRacer/Kenney Assets/Racing Kit/Models/roadCornerSmall.fbx using Guid(d873a0d61ff3aa941be0eb85cb9271ef) Importer(2089858483,0ecaa5967403d082aa24f35e1b516d23) Generated GUIDs only implemented for interfaces!
 -> (artifact id: 'bf239f4e3e6ff1c45f67c6fb76d3250e') in 0.048243 seconds
Number of updated asset objects reloaded before import = 0
Number of asset objects unloaded after import = 7
========================================================================
Received Import Request.
  Time since last request: 0.000033 seconds.
  path: Assets/Samples/XR Interaction Toolkit/2.5.4/Starter Assets/DemoSceneAssets/Audio/Button Pop.wav
  artifactKey: Guid(16fba6d30ed741d4a9fdd6e79ee2f3ac) Importer(2089858483,0ecaa5967403d082aa24f35e1b516d23)
Start importing Assets/Samples/XR Interaction Toolkit/2.5.4/Starter Assets/DemoSceneAssets/Audio/Button Pop.wav using Guid(16fba6d30ed741d4a9fdd6e79ee2f3ac) Importer(2089858483,0ecaa5967403d082aa24f35e1b516d23) Generated GUIDs only implemented for interfaces!
 -> (artifact id: '73209f46e243eab3f59ebaf662b63571') in 0.106831 seconds
Number of updated asset objects reloaded before import = 0
Number of asset objects unloaded after import = 1
========================================================================
Received Import Request.
  Time since last request: 0.000049 seconds.
  path: Assets/Photon/PhotonVoice/PhotonVoiceLibs/Android/libs/x86/libwebrtc-audio.so
  artifactKey: Guid(3a64e7178defcbe4eae5c9ee40cfc93e) Importer(2089858483,0ecaa5967403d082aa24f35e1b516d23)
Start importing Assets/Photon/PhotonVoice/PhotonVoiceLibs/Android/libs/x86/libwebrtc-audio.so using Guid(3a64e7178defcbe4eae5c9ee40cfc93e) Importer(2089858483,0ecaa5967403d082aa24f35e1b516d23) Generated GUIDs only implemented for interfaces!
 -> (artifact id: 'e0d602b1ddfc6d6c4615a5de141a4bf8') in 0.017267 seconds
Number of updated asset objects reloaded before import = 0
Number of asset objects unloaded after import = 1
========================================================================
Received Import Request.
  Time since last request: 0.000038 seconds.
  path: Assets/Photon/PhotonVoice/PhotonVoiceApi/Core/POpusCodec/Enums/OpusCtlGetRequest.cs
  artifactKey: Guid(fb806501c083df349acf30e98483b1b6) Importer(2089858483,0ecaa5967403d082aa24f35e1b516d23)
Start importing Assets/Photon/PhotonVoice/PhotonVoiceApi/Core/POpusCodec/Enums/OpusCtlGetRequest.cs using Guid(fb806501c083df349acf30e98483b1b6) Importer(2089858483,0ecaa5967403d082aa24f35e1b516d23) Generated GUIDs only implemented for interfaces!
 -> (artifact id: 'f57ba88e29acc05933cdac02c0e73580') in 0.017985 seconds
Number of updated asset objects reloaded before import = 0
Number of asset objects unloaded after import = 1
========================================================================
Received Import Request.
  Time since last request: 0.000134 seconds.
  path: Assets/Photon/PhotonVoice/PhotonVoiceApi/Core/POpusCodec/Enums/OpusApplicationType.cs
  artifactKey: Guid(0875bbb79a90bc1448ebc2142d1699bd) Importer(2089858483,0ecaa5967403d082aa24f35e1b516d23)
Start importing Assets/Photon/PhotonVoice/PhotonVoiceApi/Core/POpusCodec/Enums/OpusApplicationType.cs using Guid(0875bbb79a90bc1448ebc2142d1699bd) Importer(2089858483,0ecaa5967403d082aa24f35e1b516d23) Generated GUIDs only implemented for interfaces!
 -> (artifact id: '7862ab581b45da1128255ef2cb254411') in 0.018095 seconds
Number of updated asset objects reloaded before import = 0
Number of asset objects unloaded after import = 1
========================================================================
Received Import Request.
  Time since last request: 0.000140 seconds.
  path: Assets/Samples/XR Interaction Toolkit/2.5.4/Starter Assets/Prefabs/Controllers/XR Controller Right.prefab
  artifactKey: Guid(9f3369e30fbd31f4bb596b1a99babe83) Importer(2089858483,0ecaa5967403d082aa24f35e1b516d23)
Start importing Assets/Samples/XR Interaction Toolkit/2.5.4/Starter Assets/Prefabs/Controllers/XR Controller Right.prefab using Guid(9f3369e30fbd31f4bb596b1a99babe83) Importer(2089858483,0ecaa5967403d082aa24f35e1b516d23) Generated GUIDs only implemented for interfaces!
 -> (artifact id: '54e900d11fb59373464c9a2373d8ccf1') in 0.023707 seconds
Number of updated asset objects reloaded before import = 0
Number of asset objects unloaded after import = 51
========================================================================
Received Import Request.
  Time since last request: 0.000032 seconds.
  path: Assets/Samples/XR Interaction Toolkit/2.5.4/Starter Assets/Prefabs/Controllers/XR Controller Left.prefab
  artifactKey: Guid(1392f805216c47742996d4742c80721c) Importer(2089858483,0ecaa5967403d082aa24f35e1b516d23)
Start importing Assets/Samples/XR Interaction Toolkit/2.5.4/Starter Assets/Prefabs/Controllers/XR Controller Left.prefab using Guid(1392f805216c47742996d4742c80721c) Importer(2089858483,0ecaa5967403d082aa24f35e1b516d23) Generated GUIDs only implemented for interfaces!
 -> (artifact id: 'ae5889a90928acea4b66c1d630d74edf') in 0.019811 seconds
Number of updated asset objects reloaded before import = 0
Number of asset objects unloaded after import = 51
========================================================================
Received Import Request.
  Time since last request: 0.000025 seconds.
  path: Assets/Samples/XR Interaction Toolkit/2.5.4/Starter Assets/Prefabs/Interactors/Poke Interactor.prefab
  artifactKey: Guid(27024f5809f4a4347b9cd7f26a1bdf93) Importer(2089858483,0ecaa5967403d082aa24f35e1b516d23)
Start importing Assets/Samples/XR Interaction Toolkit/2.5.4/Starter Assets/Prefabs/Interactors/Poke Interactor.prefab using Guid(27024f5809f4a4347b9cd7f26a1bdf93) Importer(2089858483,0ecaa5967403d082aa24f35e1b516d23) Generated GUIDs only implemented for interfaces!
 -> (artifact id: '3697ca7b1fae63a144fa9d3cfc432fa8') in 0.054386 seconds
Number of updated asset objects reloaded before import = 0
Number of asset objects unloaded after import = 13
========================================================================
Received Import Request.
  Time since last request: 0.000036 seconds.
  path: Assets/Photon/PhotonVoice/Demos/DemoVoicePun/Standard Assets/CrossPlatformInput/Scripts/VirtualInput.cs
  artifactKey: Guid(0f57aeb1b8dce3342bea5c28ac17db24) Importer(2089858483,0ecaa5967403d082aa24f35e1b516d23)
Start importing Assets/Photon/PhotonVoice/Demos/DemoVoicePun/Standard Assets/CrossPlatformInput/Scripts/VirtualInput.cs using Guid(0f57aeb1b8dce3342bea5c28ac17db24) Importer(2089858483,0ecaa5967403d082aa24f35e1b516d23) Generated GUIDs only implemented for interfaces!
 -> (artifact id: 'caf18698a7b92e30205dc93f622be787') in 0.022587 seconds
Number of updated asset objects reloaded before import = 0
Number of asset objects unloaded after import = 1
========================================================================
Received Import Request.
  Time since last request: 0.000169 seconds.
  path: Assets/Photon/PhotonVoice/Demos/DemoVoicePun/Standard Assets/CrossPlatformInput/Scripts/TouchPad.cs
  artifactKey: Guid(1caf40fc8bebb6b43b2550c05ca791d6) Importer(2089858483,0ecaa5967403d082aa24f35e1b516d23)
Start importing Assets/Photon/PhotonVoice/Demos/DemoVoicePun/Standard Assets/CrossPlatformInput/Scripts/TouchPad.cs using Guid(1caf40fc8bebb6b43b2550c05ca791d6) Importer(2089858483,0ecaa5967403d082aa24f35e1b516d23) Generated GUIDs only implemented for interfaces!
 -> (artifact id: '4960d9dac24ce577a68a83003369c428') in 0.018704 seconds
Number of updated asset objects reloaded before import = 0
Number of asset objects unloaded after import = 1
========================================================================
Received Import Request.
  Time since last request: 0.000115 seconds.
  path: Assets/Photon/PhotonUnityNetworking/Demos/DemoSlotRacer/Scripts/BezierCurve/Editor/BezierCurveInspector.cs
  artifactKey: Guid(28cd1cdefdaf24d6cb98f0cb87845b3a) Importer(2089858483,0ecaa5967403d082aa24f35e1b516d23)
Start importing Assets/Photon/PhotonUnityNetworking/Demos/DemoSlotRacer/Scripts/BezierCurve/Editor/BezierCurveInspector.cs using Guid(28cd1cdefdaf24d6cb98f0cb87845b3a) Importer(2089858483,0ecaa5967403d082aa24f35e1b516d23) Generated GUIDs only implemented for interfaces!
 -> (artifact id: '673fc080c59c18f1088317ab6b43e30f') in 0.023336 seconds
Number of updated asset objects reloaded before import = 0
Number of asset objects unloaded after import = 1
========================================================================
Received Import Request.
  Time since last request: 0.000071 seconds.
  path: Assets/Photon/PhotonUnityNetworking/Demos/PunCockpit/Scripts/Autonomous UI/CurrentRoom/CurrentRoomIsVisibleToggle.cs
  artifactKey: Guid(d221ad35d6c3f4da9b735a5e819ed1d3) Importer(2089858483,0ecaa5967403d082aa24f35e1b516d23)
Start importing Assets/Photon/PhotonUnityNetworking/Demos/PunCockpit/Scripts/Autonomous UI/CurrentRoom/CurrentRoomIsVisibleToggle.cs using Guid(d221ad35d6c3f4da9b735a5e819ed1d3) Importer(2089858483,0ecaa5967403d082aa24f35e1b516d23) Generated GUIDs only implemented for interfaces!
 -> (artifact id: '327ac92a639eb6c297e4cf47734b1a19') in 0.025028 seconds
Number of updated asset objects reloaded before import = 0
Number of asset objects unloaded after import = 1
========================================================================
Received Import Request.
  Time since last request: 0.000123 seconds.
  path: Assets/Photon/PhotonUnityNetworking/Demos/PunCockpit/Scripts/Autonomous UI/Generic/IntInputField.cs
  artifactKey: Guid(bd06272cdb8d849f0ab251f0678c9eca) Importer(2089858483,0ecaa5967403d082aa24f35e1b516d23)
Start importing Assets/Photon/PhotonUnityNetworking/Demos/PunCockpit/Scripts/Autonomous UI/Generic/IntInputField.cs using Guid(bd06272cdb8d849f0ab251f0678c9eca) Importer(2089858483,0ecaa5967403d082aa24f35e1b516d23) Generated GUIDs only implemented for interfaces!
 -> (artifact id: 'f6a8570333ff051806526c556bcd73fa') in 0.015925 seconds
Number of updated asset objects reloaded before import = 0
Number of asset objects unloaded after import = 1
========================================================================
Received Import Request.
  Time since last request: 0.000059 seconds.
  path: Assets/Photon/PhotonVoice/Demos/DemoVoicePun/Standard Assets/CrossPlatformInput/Scripts/AxisTouchButton.cs
  artifactKey: Guid(9ab98b66288df7b4fa182075f2f12bd6) Importer(2089858483,0ecaa5967403d082aa24f35e1b516d23)
Start importing Assets/Photon/PhotonVoice/Demos/DemoVoicePun/Standard Assets/CrossPlatformInput/Scripts/AxisTouchButton.cs using Guid(9ab98b66288df7b4fa182075f2f12bd6) Importer(2089858483,0ecaa5967403d082aa24f35e1b516d23) Generated GUIDs only implemented for interfaces!
 -> (artifact id: 'daa13e1301663f22fc374d2f4053d733') in 0.020165 seconds
Number of updated asset objects reloaded before import = 0
Number of asset objects unloaded after import = 1
========================================================================
Received Import Request.
  Time since last request: 0.000445 seconds.
  path: Assets/Photon/PhotonUnityNetworking/Demos/PunCockpit/Scripts/Autonomous UI/Generic/StringInputField.cs
  artifactKey: Guid(e02d5b184c20e43ebba343cc89e35962) Importer(2089858483,0ecaa5967403d082aa24f35e1b516d23)
Start importing Assets/Photon/PhotonUnityNetworking/Demos/PunCockpit/Scripts/Autonomous UI/Generic/StringInputField.cs using Guid(e02d5b184c20e43ebba343cc89e35962) Importer(2089858483,0ecaa5967403d082aa24f35e1b516d23) Generated GUIDs only implemented for interfaces!
 -> (artifact id: '2aade85ba47f2d47d74965fdf561d5a0') in 0.023948 seconds
Number of updated asset objects reloaded before import = 0
Number of asset objects unloaded after import = 1
========================================================================
Received Import Request.
  Time since last request: 0.000139 seconds.
  path: Assets/Photon/PhotonVoice/Demos/DemoVoicePun/Standard Assets/CrossPlatformInput/Scripts/ButtonHandler.cs
  artifactKey: Guid(85bf3be603548374ca46f521a3aa7fda) Importer(2089858483,0ecaa5967403d082aa24f35e1b516d23)
Start importing Assets/Photon/PhotonVoice/Demos/DemoVoicePun/Standard Assets/CrossPlatformInput/Scripts/ButtonHandler.cs using Guid(85bf3be603548374ca46f521a3aa7fda) Importer(2089858483,0ecaa5967403d082aa24f35e1b516d23) Generated GUIDs only implemented for interfaces!
 -> (artifact id: 'd7f373fa4eba5915c22ef06962176feb') in 0.022141 seconds
Number of updated asset objects reloaded before import = 0
Number of asset objects unloaded after import = 1
========================================================================
Received Import Request.
  Time since last request: 0.000133 seconds.
  path: Assets/Photon/PhotonUnityNetworking/Demos/PunCockpit/Scripts/Autonomous UI/CurrentRoom/CurrentRoomIsOpenToggle.cs
  artifactKey: Guid(fa1f9506beac441fa984720f2b92a92a) Importer(2089858483,0ecaa5967403d082aa24f35e1b516d23)
Start importing Assets/Photon/PhotonUnityNetworking/Demos/PunCockpit/Scripts/Autonomous UI/CurrentRoom/CurrentRoomIsOpenToggle.cs using Guid(fa1f9506beac441fa984720f2b92a92a) Importer(2089858483,0ecaa5967403d082aa24f35e1b516d23) Generated GUIDs only implemented for interfaces!
 -> (artifact id: '3f8f54885abb39693b37e614428d3908') in 0.024832 seconds
Number of updated asset objects reloaded before import = 0
Number of asset objects unloaded after import = 1
========================================================================
Received Import Request.
  Time since last request: 0.000030 seconds.
  path: Assets/Photon/PhotonVoice/PhotonVoiceApi/Platforms/Unity/WebGL/WebDeviceEnumerator.jslib
  artifactKey: Guid(f22dd0e256b1cbf42bba410adb32fa7e) Importer(2089858483,0ecaa5967403d082aa24f35e1b516d23)
Start importing Assets/Photon/PhotonVoice/PhotonVoiceApi/Platforms/Unity/WebGL/WebDeviceEnumerator.jslib using Guid(f22dd0e256b1cbf42bba410adb32fa7e) Importer(2089858483,0ecaa5967403d082aa24f35e1b516d23) Generated GUIDs only implemented for interfaces!
 -> (artifact id: '95b80c24583ac2b1f8be5086f0c277ce') in 0.021306 seconds
Number of updated asset objects reloaded before import = 0
Number of asset objects unloaded after import = 1
========================================================================
Received Import Request.
  Time since last request: 0.000096 seconds.
  path: Assets/Photon/PhotonUnityNetworking/Demos/DemoSlotRacer/Kenney Assets/Racing Kit/Models/roadStraightBridgeStart.fbx
  artifactKey: Guid(f3190f178f6804a438514c250f12db6a) Importer(2089858483,0ecaa5967403d082aa24f35e1b516d23)
Start importing Assets/Photon/PhotonUnityNetworking/Demos/DemoSlotRacer/Kenney Assets/Racing Kit/Models/roadStraightBridgeStart.fbx using Guid(f3190f178f6804a438514c250f12db6a) Importer(2089858483,0ecaa5967403d082aa24f35e1b516d23) Generated GUIDs only implemented for interfaces!
 -> (artifact id: '51d872fc75e5c1432f8f6163b7ded821') in 0.047817 seconds
Number of updated asset objects reloaded before import = 0
Number of asset objects unloaded after import = 7
========================================================================
Received Import Request.
  Time since last request: 0.000031 seconds.
  path: Assets/Samples/XR Interaction Toolkit/2.5.4/Starter Assets/DemoSceneAssets/Models/Primitive_Torus.fbx
  artifactKey: Guid(f077c919501a44778a0c2edb6eb1a54a) Importer(2089858483,0ecaa5967403d082aa24f35e1b516d23)
Start importing Assets/Samples/XR Interaction Toolkit/2.5.4/Starter Assets/DemoSceneAssets/Models/Primitive_Torus.fbx using Guid(f077c919501a44778a0c2edb6eb1a54a) Importer(2089858483,0ecaa5967403d082aa24f35e1b516d23) Generated GUIDs only implemented for interfaces!
 -> (artifact id: '036b6468f098e8f5c4d219f751aef4b3') in 0.033732 seconds
Number of updated asset objects reloaded before import = 0
Number of asset objects unloaded after import = 8
========================================================================
Received Import Request.
  Time since last request: 0.000034 seconds.
  path: Assets/Photon/PhotonVoice/Demos/DemoVoicePun/Standard Assets/CrossPlatformInput/Prefabs/DualTouchControls.prefab
  artifactKey: Guid(2169821f0567671499a5c10104c69c24) Importer(2089858483,0ecaa5967403d082aa24f35e1b516d23)
Start importing Assets/Photon/PhotonVoice/Demos/DemoVoicePun/Standard Assets/CrossPlatformInput/Prefabs/DualTouchControls.prefab using Guid(2169821f0567671499a5c10104c69c24) Importer(2089858483,0ecaa5967403d082aa24f35e1b516d23) Generated GUIDs only implemented for interfaces!
 -> (artifact id: '81a712c15cb736be8a6d38c4fde7b7f1') in 0.058733 seconds
Number of updated asset objects reloaded before import = 0
Number of asset objects unloaded after import = 36
========================================================================
Received Import Request.
  Time since last request: 0.000031 seconds.
  path: Assets/Photon/PhotonVoice/Demos/DemoVoicePun/Standard Assets/CrossPlatformInput/Scripts/CrossPlatformInputManager.cs
  artifactKey: Guid(6ac1ce5a5adfd9f46adbf5b6f752a47c) Importer(2089858483,0ecaa5967403d082aa24f35e1b516d23)
Start importing Assets/Photon/PhotonVoice/Demos/DemoVoicePun/Standard Assets/CrossPlatformInput/Scripts/CrossPlatformInputManager.cs using Guid(6ac1ce5a5adfd9f46adbf5b6f752a47c) Importer(2089858483,0ecaa5967403d082aa24f35e1b516d23) Generated GUIDs only implemented for interfaces!
 -> (artifact id: '8d5723b34ff688dea6954eb922723959') in 0.019753 seconds
Number of updated asset objects reloaded before import = 0
Number of asset objects unloaded after import = 1
========================================================================
Received Import Request.
  Time since last request: 0.000172 seconds.
  path: Assets/Photon/PhotonVoice/Demos/DemoVoicePun/Models/Characters/Materials/GunMaterial.mat
  artifactKey: Guid(bca3401811bea4143afe0a03137cda35) Importer(2089858483,0ecaa5967403d082aa24f35e1b516d23)
Start importing Assets/Photon/PhotonVoice/Demos/DemoVoicePun/Models/Characters/Materials/GunMaterial.mat using Guid(bca3401811bea4143afe0a03137cda35) Importer(2089858483,0ecaa5967403d082aa24f35e1b516d23) Generated GUIDs only implemented for interfaces!
 -> (artifact id: '61f52875ffa170a5a2a962de9d82fdbb') in 0.031894 seconds
Number of updated asset objects reloaded before import = 0
Number of asset objects unloaded after import = 1
========================================================================
Received Import Request.
  Time since last request: 0.000067 seconds.
  path: Assets/Photon/PhotonUnityNetworking/Demos/DemoSlotRacer/Kenney Assets/Stylized city/Materials/No Name.mat
  artifactKey: Guid(a773bd7a075f9534e9c9ed1eb6e9a30f) Importer(2089858483,0ecaa5967403d082aa24f35e1b516d23)
Start importing Assets/Photon/PhotonUnityNetworking/Demos/DemoSlotRacer/Kenney Assets/Stylized city/Materials/No Name.mat using Guid(a773bd7a075f9534e9c9ed1eb6e9a30f) Importer(2089858483,0ecaa5967403d082aa24f35e1b516d23) Generated GUIDs only implemented for interfaces!
 -> (artifact id: '1594d052618d37c3bc1df5e4c6255e15') in 0.028056 seconds
Number of updated asset objects reloaded before import = 0
Number of asset objects unloaded after import = 1
========================================================================
Received Import Request.
  Time since last request: 0.000024 seconds.
  path: Assets/Photon/PhotonUnityNetworking/Demos/DemoSlotRacer/Kenney Assets/Racing Kit/Models/Materials/tankco.mat
  artifactKey: Guid(cceec12884c418c4bb19cef32dc2abc1) Importer(2089858483,0ecaa5967403d082aa24f35e1b516d23)
Start importing Assets/Photon/PhotonUnityNetworking/Demos/DemoSlotRacer/Kenney Assets/Racing Kit/Models/Materials/tankco.mat using Guid(cceec12884c418c4bb19cef32dc2abc1) Importer(2089858483,0ecaa5967403d082aa24f35e1b516d23) Generated GUIDs only implemented for interfaces!
 -> (artifact id: '337584a36ed02327a4426cad7a09d2f9') in 0.030750 seconds
Number of updated asset objects reloaded before import = 0
Number of asset objects unloaded after import = 2
========================================================================
Received Import Request.
  Time since last request: 0.000026 seconds.
  path: Assets/Photon/PhotonVoice/Demos/DemoVoicePun/Standard Assets/CrossPlatformInput/Scripts/PlatformSpecific/StandaloneInput.cs
  artifactKey: Guid(9961032f4f02c4f41997c3ea399d2f22) Importer(2089858483,0ecaa5967403d082aa24f35e1b516d23)
Start importing Assets/Photon/PhotonVoice/Demos/DemoVoicePun/Standard Assets/CrossPlatformInput/Scripts/PlatformSpecific/StandaloneInput.cs using Guid(9961032f4f02c4f41997c3ea399d2f22) Importer(2089858483,0ecaa5967403d082aa24f35e1b516d23) Generated GUIDs only implemented for interfaces!
 -> (artifact id: '88ab9779a3ce78ca952af5de4d7c3973') in 0.016568 seconds
Number of updated asset objects reloaded before import = 0
Number of asset objects unloaded after import = 1
========================================================================
Received Import Request.
  Time since last request: 0.000069 seconds.
  path: Assets/Photon/PhotonVoice/Demos/DemoVoicePun/Stylized city/Models/Materials/insides_2.mat
  artifactKey: Guid(9f9f3c4319553e748a1b09e0fdfe684b) Importer(2089858483,0ecaa5967403d082aa24f35e1b516d23)
Start importing Assets/Photon/PhotonVoice/Demos/DemoVoicePun/Stylized city/Models/Materials/insides_2.mat using Guid(9f9f3c4319553e748a1b09e0fdfe684b) Importer(2089858483,0ecaa5967403d082aa24f35e1b516d23) Generated GUIDs only implemented for interfaces!
 -> (artifact id: 'b2db7b0dac66822e405c20594dfb2f80') in 0.035734 seconds
Number of updated asset objects reloaded before import = 0
Number of asset objects unloaded after import = 1
========================================================================
Received Import Request.
  Time since last request: 0.000076 seconds.
  path: Assets/Samples/XR Interaction Toolkit/2.5.4/Starter Assets/DemoSceneAssets/Prefabs/Teleport/Teleport Anchor.prefab
  artifactKey: Guid(fad94b617f0540568dbf4c9c4011248c) Importer(2089858483,0ecaa5967403d082aa24f35e1b516d23)
Start importing Assets/Samples/XR Interaction Toolkit/2.5.4/Starter Assets/DemoSceneAssets/Prefabs/Teleport/Teleport Anchor.prefab using Guid(fad94b617f0540568dbf4c9c4011248c) Importer(2089858483,0ecaa5967403d082aa24f35e1b516d23) Generated GUIDs only implemented for interfaces!
 -> (artifact id: 'a3d6f4c42b7fe64a2fa10a4050b16752') in 0.061900 seconds
Number of updated asset objects reloaded before import = 0
Number of asset objects unloaded after import = 13
========================================================================
Received Import Request.
  Time since last request: 0.000027 seconds.
  path: Assets/Photon/PhotonUnityNetworking/Demos/DemoSlotRacer/Kenney Assets/Racing Kit/Models/Materials/bark.mat
  artifactKey: Guid(5b3826dd21e1d2b4a947c774023d1db3) Importer(2089858483,0ecaa5967403d082aa24f35e1b516d23)
Start importing Assets/Photon/PhotonUnityNetworking/Demos/DemoSlotRacer/Kenney Assets/Racing Kit/Models/Materials/bark.mat using Guid(5b3826dd21e1d2b4a947c774023d1db3) Importer(2089858483,0ecaa5967403d082aa24f35e1b516d23) Generated GUIDs only implemented for interfaces!
 -> (artifact id: '886584bcdfab79fd6f5b747e06fc587b') in 0.027090 seconds
Number of updated asset objects reloaded before import = 0
Number of asset objects unloaded after import = 1
========================================================================
Received Import Request.
  Time since last request: 0.000027 seconds.
  path: Assets/Samples/XR Interaction Toolkit/2.5.4/Starter Assets/DemoSceneAssets/Prefabs/UI/Text Toggle.prefab
  artifactKey: Guid(6a448845c7017044e8a9f3d711cfe825) Importer(2089858483,0ecaa5967403d082aa24f35e1b516d23)
Start importing Assets/Samples/XR Interaction Toolkit/2.5.4/Starter Assets/DemoSceneAssets/Prefabs/UI/Text Toggle.prefab using Guid(6a448845c7017044e8a9f3d711cfe825) Importer(2089858483,0ecaa5967403d082aa24f35e1b516d23) Generated GUIDs only implemented for interfaces!
 -> (artifact id: '8b443b80151d060acffb22eea50f2e5c') in 0.051025 seconds
Number of updated asset objects reloaded before import = 0
Number of asset objects unloaded after import = 28
========================================================================
Received Import Request.
  Time since last request: 0.000107 seconds.
  path: Assets/Samples/XR Interaction Toolkit/2.5.4/Starter Assets/DemoSceneAssets/Prefabs/UI/Icon Button.prefab
  artifactKey: Guid(56686f82f64b0af4688a89676403a500) Importer(2089858483,0ecaa5967403d082aa24f35e1b516d23)
Start importing Assets/Samples/XR Interaction Toolkit/2.5.4/Starter Assets/DemoSceneAssets/Prefabs/UI/Icon Button.prefab using Guid(56686f82f64b0af4688a89676403a500) Importer(2089858483,0ecaa5967403d082aa24f35e1b516d23) Generated GUIDs only implemented for interfaces!
 -> (artifact id: '151cabc7433ce13002a444f52b91422c') in 0.057785 seconds
Number of updated asset objects reloaded before import = 0
Number of asset objects unloaded after import = 24
========================================================================
Received Import Request.
  Time since last request: 0.000044 seconds.
  path: Assets/Samples/XR Interaction Toolkit/2.5.4/Starter Assets/DemoSceneAssets/Prefabs/UI/TextButton.prefab
  artifactKey: Guid(e5db301629853dd4a99835fa70099d79) Importer(2089858483,0ecaa5967403d082aa24f35e1b516d23)
Start importing Assets/Samples/XR Interaction Toolkit/2.5.4/Starter Assets/DemoSceneAssets/Prefabs/UI/TextButton.prefab using Guid(e5db301629853dd4a99835fa70099d79) Importer(2089858483,0ecaa5967403d082aa24f35e1b516d23) Generated GUIDs only implemented for interfaces!
 -> (artifact id: 'f2caa3b556b1e5839e0e592e75595fd8') in 0.050677 seconds
Number of updated asset objects reloaded before import = 0
Number of asset objects unloaded after import = 24
========================================================================
Received Import Request.
  Time since last request: 0.000028 seconds.
  path: Assets/Samples/XR Interaction Toolkit/2.5.4/Starter Assets/DemoSceneAssets/Prefabs/UI/MinMaxSlider.prefab
  artifactKey: Guid(657321a07c3561043af55547ec4b0ed7) Importer(2089858483,0ecaa5967403d082aa24f35e1b516d23)
Start importing Assets/Samples/XR Interaction Toolkit/2.5.4/Starter Assets/DemoSceneAssets/Prefabs/UI/MinMaxSlider.prefab using Guid(657321a07c3561043af55547ec4b0ed7) Importer(2089858483,0ecaa5967403d082aa24f35e1b516d23) Generated GUIDs only implemented for interfaces!
 -> (artifact id: 'c0a96bd18a8a1da95a9bddbd33a5bd9f') in 0.184198 seconds
Number of updated asset objects reloaded before import = 0
Number of asset objects unloaded after import = 26
========================================================================
Received Import Request.
  Time since last request: 0.000043 seconds.
  path: Assets/Samples/XR Interaction Toolkit/2.5.4/Starter Assets/DemoSceneAssets/Prefabs/UI/Interactive Controls.prefab
  artifactKey: Guid(7bbb1960bab3e75459304488d8d1ffba) Importer(2089858483,0ecaa5967403d082aa24f35e1b516d23)
Start importing Assets/Samples/XR Interaction Toolkit/2.5.4/Starter Assets/DemoSceneAssets/Prefabs/UI/Interactive Controls.prefab using Guid(7bbb1960bab3e75459304488d8d1ffba) Importer(2089858483,0ecaa5967403d082aa24f35e1b516d23) Generated GUIDs only implemented for interfaces!
 -> (artifact id: 'b9c2005f99a9b0a730d2128a50f00458') in 0.240868 seconds
Number of updated asset objects reloaded before import = 0
Number of asset objects unloaded after import = 204
========================================================================
Received Import Request.
  Time since last request: 0.000050 seconds.
  path: Assets/Samples/XR Interaction Toolkit/2.5.4/Starter Assets/DemoSceneAssets/Prefabs/Interactables/Interactable Instant Pyramid.prefab
  artifactKey: Guid(2ed984a58a974166bf92c82a74380454) Importer(2089858483,0ecaa5967403d082aa24f35e1b516d23)
Start importing Assets/Samples/XR Interaction Toolkit/2.5.4/Starter Assets/DemoSceneAssets/Prefabs/Interactables/Interactable Instant Pyramid.prefab using Guid(2ed984a58a974166bf92c82a74380454) Importer(2089858483,0ecaa5967403d082aa24f35e1b516d23) Generated GUIDs only implemented for interfaces!
 -> (artifact id: 'e4407acde19b4121f4e67989900f230e') in 0.171351 seconds
Number of updated asset objects reloaded before import = 0
Number of asset objects unloaded after import = 20
========================================================================
Received Import Request.
  Time since last request: 0.000034 seconds.
  path: Assets/Photon/PhotonVoice/PhotonVoiceApi/Platforms/Unity/WebGL/OpusWorker.jslib
  artifactKey: Guid(329cc55bad16a504a833c08fd6f66db2) Importer(2089858483,0ecaa5967403d082aa24f35e1b516d23)
Start importing Assets/Photon/PhotonVoice/PhotonVoiceApi/Platforms/Unity/WebGL/OpusWorker.jslib using Guid(329cc55bad16a504a833c08fd6f66db2) Importer(2089858483,0ecaa5967403d082aa24f35e1b516d23) Generated GUIDs only implemented for interfaces!
 -> (artifact id: 'd9c14d1ff2951bb0a41fa379dc0f463d') in 0.074190 seconds
Number of updated asset objects reloaded before import = 0
Number of asset objects unloaded after import = 1
========================================================================
Received Import Request.
  Time since last request: 0.000120 seconds.
  path: Assets/Photon/PhotonVoice/Demos/DemoVoicePun/Standard Assets/CrossPlatformInput/Scripts/MobileControlRig.cs
  artifactKey: Guid(71398ce7fbc3a5b4fa50b50bd54317a7) Importer(2089858483,0ecaa5967403d082aa24f35e1b516d23)
Start importing Assets/Photon/PhotonVoice/Demos/DemoVoicePun/Standard Assets/CrossPlatformInput/Scripts/MobileControlRig.cs using Guid(71398ce7fbc3a5b4fa50b50bd54317a7) Importer(2089858483,0ecaa5967403d082aa24f35e1b516d23) Generated GUIDs only implemented for interfaces!
 -> (artifact id: 'bc0b03ecb13b0812bc67a71b52e136ce') in 0.075628 seconds
Number of updated asset objects reloaded before import = 0
Number of asset objects unloaded after import = 1
========================================================================
Received Import Request.
  Time since last request: 0.000173 seconds.
  path: Assets/Photon/PhotonUnityNetworking/Demos/DemoSlotRacer/Kenney Assets/Racing Kit/Models/Materials/grey.mat
  artifactKey: Guid(b34ebdee5d4d60b43baa8cb211b29444) Importer(2089858483,0ecaa5967403d082aa24f35e1b516d23)
Start importing Assets/Photon/PhotonUnityNetworking/Demos/DemoSlotRacer/Kenney Assets/Racing Kit/Models/Materials/grey.mat using Guid(b34ebdee5d4d60b43baa8cb211b29444) Importer(2089858483,0ecaa5967403d082aa24f35e1b516d23) Generated GUIDs only implemented for interfaces!
 -> (artifact id: 'a4bdd8d111cb8be8056711c95f9f8fe0') in 0.143695 seconds
Number of updated asset objects reloaded before import = 0
Number of asset objects unloaded after import = 1
========================================================================
Received Import Request.
  Time since last request: 0.000078 seconds.
  path: Assets/Samples/XR Interaction Toolkit/2.5.4/Starter Assets/DemoSceneAssets/Sprites/Circle_60x60_Horizontal.png
  artifactKey: Guid(e45f8f823c093d941855bb23b53b9414) Importer(2089858483,0ecaa5967403d082aa24f35e1b516d23)
Start importing Assets/Samples/XR Interaction Toolkit/2.5.4/Starter Assets/DemoSceneAssets/Sprites/Circle_60x60_Horizontal.png using Guid(e45f8f823c093d941855bb23b53b9414) Importer(2089858483,0ecaa5967403d082aa24f35e1b516d23) Generated GUIDs only implemented for interfaces!
 -> (artifact id: '8409c3b852048a26891a6eb434bbdfeb') in 0.143053 seconds
Number of updated asset objects reloaded before import = 0
Number of asset objects unloaded after import = 3
========================================================================
Received Import Request.
  Time since last request: 0.000723 seconds.
  path: Assets/Photon/PhotonVoice/PhotonVoiceApi/Core/POpusCodec/Enums/ForceChannels.cs
  artifactKey: Guid(41001579e394e2d4ea08c136c82de9f7) Importer(2089858483,0ecaa5967403d082aa24f35e1b516d23)
Start importing Assets/Photon/PhotonVoice/PhotonVoiceApi/Core/POpusCodec/Enums/ForceChannels.cs using Guid(41001579e394e2d4ea08c136c82de9f7) Importer(2089858483,0ecaa5967403d082aa24f35e1b516d23) Generated GUIDs only implemented for interfaces!
 -> (artifact id: 'c2b632ea1f796cf45d016f3e87455c3f') in 0.017510 seconds
Number of updated asset objects reloaded before import = 0
Number of asset objects unloaded after import = 1
========================================================================
Received Import Request.
  Time since last request: 0.000364 seconds.
  path: Assets/Photon/PhotonUnityNetworking/Demos/DemoSlotRacer/Kenney Assets/Racing Kit/Models/Materials/grass.mat
  artifactKey: Guid(ba3bddb608259184783916ac7915d5a2) Importer(2089858483,0ecaa5967403d082aa24f35e1b516d23)
Start importing Assets/Photon/PhotonUnityNetworking/Demos/DemoSlotRacer/Kenney Assets/Racing Kit/Models/Materials/grass.mat using Guid(ba3bddb608259184783916ac7915d5a2) Importer(2089858483,0ecaa5967403d082aa24f35e1b516d23) Generated GUIDs only implemented for interfaces!
 -> (artifact id: 'd2a2807ae0a60e58b25b430a29e14118') in 0.145176 seconds
Number of updated asset objects reloaded before import = 0
Number of asset objects unloaded after import = 1
========================================================================
Received Import Request.
  Time since last request: 0.000115 seconds.
  path: Assets/Photon/PhotonVoice/Demos/DemoVoicePun/Standard Assets/CrossPlatformInput/Sprites/TouchpadSprite.png
  artifactKey: Guid(e4f1fee3de32377429fd1348fae62b10) Importer(2089858483,0ecaa5967403d082aa24f35e1b516d23)
Start importing Assets/Photon/PhotonVoice/Demos/DemoVoicePun/Standard Assets/CrossPlatformInput/Sprites/TouchpadSprite.png using Guid(e4f1fee3de32377429fd1348fae62b10) Importer(2089858483,0ecaa5967403d082aa24f35e1b516d23) Generated GUIDs only implemented for interfaces!
 -> (artifact id: 'bb304e89829e8c9c1bd7e5408d112f18') in 0.074294 seconds
Number of updated asset objects reloaded before import = 0
Number of asset objects unloaded after import = 3
========================================================================
Received Import Request.
  Time since last request: 0.000033 seconds.
  path: Assets/Photon/PhotonUnityNetworking/Demos/DemoSlotRacer/Scripts/BezierCurve/Editor/PunDemos.DemoSlotcarEditor.asmdef
  artifactKey: Guid(66eabdb1ed6f5d041a6906290472e432) Importer(2089858483,0ecaa5967403d082aa24f35e1b516d23)
Start importing Assets/Photon/PhotonUnityNetworking/Demos/DemoSlotRacer/Scripts/BezierCurve/Editor/PunDemos.DemoSlotcarEditor.asmdef using Guid(66eabdb1ed6f5d041a6906290472e432) Importer(2089858483,0ecaa5967403d082aa24f35e1b516d23) Generated GUIDs only implemented for interfaces!
 -> (artifact id: 'ff56032586b186d29c8d0339a6aa991c') in 0.087923 seconds
Number of updated asset objects reloaded before import = 0
Number of asset objects unloaded after import = 1
========================================================================
Received Import Request.
  Time since last request: 0.000039 seconds.
  path: Assets/Audio/Warning.wav
  artifactKey: Guid(77eb4211119698a4380a33d15862b058) Importer(2089858483,0ecaa5967403d082aa24f35e1b516d23)
Start importing Assets/Audio/Warning.wav using Guid(77eb4211119698a4380a33d15862b058) Importer(2089858483,0ecaa5967403d082aa24f35e1b516d23) Generated GUIDs only implemented for interfaces!
 -> (artifact id: '5db8eebe5baad73f60add47cdebd5fbb') in 0.083625 seconds
Number of updated asset objects reloaded before import = 0
Number of asset objects unloaded after import = 1
========================================================================
Received Import Request.
  Time since last request: 0.000168 seconds.
  path: Assets/Scripts/LocalTimeDisplay.cs
  artifactKey: Guid(4ba7bb7eb9a6a7d4ea3c6a46baf0c704) Importer(2089858483,0ecaa5967403d082aa24f35e1b516d23)
Start importing Assets/Scripts/LocalTimeDisplay.cs using Guid(4ba7bb7eb9a6a7d4ea3c6a46baf0c704) Importer(2089858483,0ecaa5967403d082aa24f35e1b516d23) Generated GUIDs only implemented for interfaces!
 -> (artifact id: '2b70d6f6c05b060c0fd500a541e24c8c') in 0.074931 seconds
Number of updated asset objects reloaded before import = 0
Number of asset objects unloaded after import = 1
========================================================================
Received Import Request.
  Time since last request: 0.000124 seconds.
  path: Assets/IMG_5360.png
  artifactKey: Guid(c2153e0ace522ee4fac4fba2303ead04) Importer(2089858483,0ecaa5967403d082aa24f35e1b516d23)
Start importing Assets/IMG_5360.png using Guid(c2153e0ace522ee4fac4fba2303ead04) Importer(2089858483,0ecaa5967403d082aa24f35e1b516d23) Generated GUIDs only implemented for interfaces!
 -> (artifact id: 'ed562f07e58d5f8b747c61cc771de408') in 0.080295 seconds
Number of updated asset objects reloaded before import = 0
Number of asset objects unloaded after import = 1
========================================================================
Received Import Request.
  Time since last request: 0.000084 seconds.
  path: Assets/Texture2D/splash 1.png
  artifactKey: Guid(8cf4ca794e764f445954d0f279cd132b) Importer(2089858483,0ecaa5967403d082aa24f35e1b516d23)
Start importing Assets/Texture2D/splash 1.png using Guid(8cf4ca794e764f445954d0f279cd132b) Importer(2089858483,0ecaa5967403d082aa24f35e1b516d23) Generated GUIDs only implemented for interfaces!
 -> (artifact id: 'ac4a81500439434e362addc90badaeef') in 0.225190 seconds
Number of updated asset objects reloaded before import = 0
Number of asset objects unloaded after import = 1
========================================================================
Received Import Request.
  Time since last request: 0.000079 seconds.
  path: Assets/Texture2D/IMG_4506-removebg-preview.png
  artifactKey: Guid(b8cae0ae4c15e354c8e887534431717a) Importer(2089858483,0ecaa5967403d082aa24f35e1b516d23)
Start importing Assets/Texture2D/IMG_4506-removebg-preview.png using Guid(b8cae0ae4c15e354c8e887534431717a) Importer(2089858483,0ecaa5967403d082aa24f35e1b516d23) Generated GUIDs only implemented for interfaces!
 -> (artifact id: 'bcf2ca31a01ee652af2906e16b2bf5d9') in 0.142826 seconds
Number of updated asset objects reloaded before import = 0
Number of asset objects unloaded after import = 1
========================================================================
Received Import Request.
  Time since last request: 0.000143 seconds.
  path: Assets/Photon/PhotonUnityNetworking/Demos/DemoSlotRacer/Kenney Assets/Stylized city/Models/bush1.FBX
  artifactKey: Guid(c8680fab33c72bb4ba3e31987e0b0182) Importer(2089858483,0ecaa5967403d082aa24f35e1b516d23)
Start importing Assets/Photon/PhotonUnityNetworking/Demos/DemoSlotRacer/Kenney Assets/Stylized city/Models/bush1.FBX using Guid(c8680fab33c72bb4ba3e31987e0b0182) Importer(2089858483,0ecaa5967403d082aa24f35e1b516d23) Generated GUIDs only implemented for interfaces!
 -> (artifact id: 'bd1ac34ae3b03a66ee66cc2531b3880f') in 0.216357 seconds
Number of updated asset objects reloaded before import = 0
Number of asset objects unloaded after import = 14
========================================================================
Received Import Request.
  Time since last request: 0.000026 seconds.
  path: Assets/New Material 2.mat
  artifactKey: Guid(a205fd51c5117bd4aa48ef8c753e76c0) Importer(2089858483,0ecaa5967403d082aa24f35e1b516d23)
Start importing Assets/New Material 2.mat using Guid(a205fd51c5117bd4aa48ef8c753e76c0) Importer(2089858483,0ecaa5967403d082aa24f35e1b516d23) Generated GUIDs only implemented for interfaces!
 -> (artifact id: '91ce423e167232d44885efc68c3610f4') in 0.145183 seconds
Number of updated asset objects reloaded before import = 0
Number of asset objects unloaded after import = 1
========================================================================
Received Import Request.
  Time since last request: 0.000085 seconds.
  path: Assets/h/Untitled71_20250914183902.png
  artifactKey: Guid(6ca9e7d4af68b1a449b4e73ee212ab3d) Importer(2089858483,0ecaa5967403d082aa24f35e1b516d23)
Start importing Assets/h/Untitled71_20250914183902.png using Guid(6ca9e7d4af68b1a449b4e73ee212ab3d) Importer(2089858483,0ecaa5967403d082aa24f35e1b516d23) Generated GUIDs only implemented for interfaces!
 -> (artifact id: '3bc43d347c1ce738ca16bd2dc44e1e36') in 0.157672 seconds
Number of updated asset objects reloaded before import = 0
Number of asset objects unloaded after import = 1
========================================================================
Received Import Request.
  Time since last request: 0.000624 seconds.
  path: Assets/Audio/Night.mp3
  artifactKey: Guid(0798f7958553eef4790e1b9416f8503a) Importer(2089858483,0ecaa5967403d082aa24f35e1b516d23)
Start importing Assets/Audio/Night.mp3 using Guid(0798f7958553eef4790e1b9416f8503a) Importer(2089858483,0ecaa5967403d082aa24f35e1b516d23) Generated GUIDs only implemented for interfaces!
 -> (artifact id: 'c36f4e6395441519f9c6b7c5a636f52f') in 0.150539 seconds
Number of updated asset objects reloaded before import = 0
Number of asset objects unloaded after import = 1
========================================================================
Received Import Request.
  Time since last request: 0.000127 seconds.
  path: Assets/PlayFabSDK/PlayFab.asmdef
  artifactKey: Guid(0da6d172d18a54e4389d0dce1e1ffdf2) Importer(2089858483,0ecaa5967403d082aa24f35e1b516d23)
Start importing Assets/PlayFabSDK/PlayFab.asmdef using Guid(0da6d172d18a54e4389d0dce1e1ffdf2) Importer(2089858483,0ecaa5967403d082aa24f35e1b516d23) Generated GUIDs only implemented for interfaces!
 -> (artifact id: 'db685805c1294414cc0be51974ca3c36') in 0.197441 seconds
Number of updated asset objects reloaded before import = 0
Number of asset objects unloaded after import = 1
========================================================================
Received Import Request.
  Time since last request: 0.000087 seconds.
  path: Assets/Texture2D/YouTube_full-color_icon_(2017).svg (1).png
  artifactKey: Guid(f75b5b7d62b260944b12ea25e36e84f4) Importer(2089858483,0ecaa5967403d082aa24f35e1b516d23)
Start importing Assets/Texture2D/YouTube_full-color_icon_(2017).svg (1).png using Guid(f75b5b7d62b260944b12ea25e36e84f4) Importer(2089858483,0ecaa5967403d082aa24f35e1b516d23) Generated GUIDs only implemented for interfaces!
 -> (artifact id: '0ba7ff521ac8eac7288b4d5b8523bcd7') in 0.227517 seconds
Number of updated asset objects reloaded before import = 0
Number of asset objects unloaded after import = 1
========================================================================
Received Import Request.
  Time since last request: 0.000046 seconds.
  path: Assets/Day-Night Skyboxes/Textures/SkyEarlyDusk_Bottom.png
  artifactKey: Guid(3b39cd44ada2c7e4582ffc0d367906f6) Importer(2089858483,0ecaa5967403d082aa24f35e1b516d23)
Start importing Assets/Day-Night Skyboxes/Textures/SkyEarlyDusk_Bottom.png using Guid(3b39cd44ada2c7e4582ffc0d367906f6) Importer(2089858483,0ecaa5967403d082aa24f35e1b516d23) Generated GUIDs only implemented for interfaces!
 -> (artifact id: 'a52fff77e353a8fe182e1f216bddf1a5') in 0.203285 seconds
Number of updated asset objects reloaded before import = 0
Number of asset objects unloaded after import = 1
========================================================================
Received Import Request.
  Time since last request: 0.000135 seconds.
  path: Assets/Texture2D/splash.png
  artifactKey: Guid(52d97f071d4d5614483d4a207d015c30) Importer(2089858483,0ecaa5967403d082aa24f35e1b516d23)
Start importing Assets/Texture2D/splash.png using Guid(52d97f071d4d5614483d4a207d015c30) Importer(2089858483,0ecaa5967403d082aa24f35e1b516d23) Generated GUIDs only implemented for interfaces!
 -> (artifact id: '5d6c0ac1815ebfdb0a99ae0db45bca3d') in 0.349738 seconds
Number of updated asset objects reloaded before import = 0
Number of asset objects unloaded after import = 1
========================================================================
Received Import Request.
  Time since last request: 0.000158 seconds.
  path: Assets/Audio/com.oculus.vrshell-20250805-170414-0-[AudioTrimmer.com] 1.mp3
  artifactKey: Guid(2e8e866e2be573e45a8b856ae084ca37) Importer(2089858483,0ecaa5967403d082aa24f35e1b516d23)
Start importing Assets/Audio/com.oculus.vrshell-20250805-170414-0-[AudioTrimmer.com] 1.mp3 using Guid(2e8e866e2be573e45a8b856ae084ca37) Importer(2089858483,0ecaa5967403d082aa24f35e1b516d23) Generated GUIDs only implemented for interfaces!
 -> (artifact id: '039544c6d885256ba9d7de0550fb3708') in 0.206715 seconds
Number of updated asset objects reloaded before import = 0
Number of asset objects unloaded after import = 1
========================================================================
Received Import Request.
  Time since last request: 118.786341 seconds.
  path: Assets/Photon/PhotonUnityNetworking/Demos/Shared Assets/Animations/Materials/EyesMaterial.mat
  artifactKey: Guid(ce5a83fcea7762541ba43ca5bd854dae) Importer(815301076,1909f56bfc062723c751e8b465ee728b)
Start importing Assets/Photon/PhotonUnityNetworking/Demos/Shared Assets/Animations/Materials/EyesMaterial.mat using Guid(ce5a83fcea7762541ba43ca5bd854dae) Importer(815301076,1909f56bfc062723c751e8b465ee728b)  -> (artifact id: 'b291ad9096ffca65ad013933bd88e59d') in 2.339655 seconds
Number of updated asset objects reloaded before import = 0
Number of asset objects unloaded after import = 1
========================================================================
Received Import Request.
  Time since last request: 0.000940 seconds.
  path: Assets/Photon/PhotonChat/Demos/DemoChat/Files/eurof35.ttf
  artifactKey: Guid(4345225956e176043b2f73b9ee1b0f2b) Importer(815301076,1909f56bfc062723c751e8b465ee728b)
Start importing Assets/Photon/PhotonChat/Demos/DemoChat/Files/eurof35.ttf using Guid(4345225956e176043b2f73b9ee1b0f2b) Importer(815301076,1909f56bfc062723c751e8b465ee728b)  -> (artifact id: 'f413b8f1977dd18e6aaddd7f977d5d4c') in 0.258322 seconds
Number of updated asset objects reloaded before import = 0
Number of asset objects unloaded after import = 4
========================================================================
Received Import Request.
  Time since last request: 0.003105 seconds.
  path: Assets/TextMesh Pro/Nintendo-DS-BIOS.ttf
  artifactKey: Guid(06bda7554519db94e93e197411caf506) Importer(815301076,1909f56bfc062723c751e8b465ee728b)
Start importing Assets/TextMesh Pro/Nintendo-DS-BIOS.ttf using Guid(06bda7554519db94e93e197411caf506) Importer(815301076,1909f56bfc062723c751e8b465ee728b)  -> (artifact id: '52e45350c124b9a9e00882b5916116cc') in 0.051671 seconds
Number of updated asset objects reloaded before import = 0
Number of asset objects unloaded after import = 4
========================================================================
Received Import Request.
  Time since last request: 0.000034 seconds.
  path: Assets/Models/Material.003.mat
  artifactKey: Guid(088212fbcd7f5f14fb63fc771019a042) Importer(815301076,1909f56bfc062723c751e8b465ee728b)
Start importing Assets/Models/Material.003.mat using Guid(088212fbcd7f5f14fb63fc771019a042) Importer(815301076,1909f56bfc062723c751e8b465ee728b)  -> (artifact id: '622f4f102bbe147fe50780bb90b7a475') in 0.067517 seconds
Number of updated asset objects reloaded before import = 0
Number of asset objects unloaded after import = 1
========================================================================
Received Import Request.
  Time since last request: 0.000304 seconds.
  path: Assets/Resources/PhotonVR/Assets/DefaultCosmetics/VRSunglasses.fbx
  artifactKey: Guid(97a81bc0bdbcad3488b965fb9eb8078e) Importer(815301076,1909f56bfc062723c751e8b465ee728b)
Start importing Assets/Resources/PhotonVR/Assets/DefaultCosmetics/VRSunglasses.fbx using Guid(97a81bc0bdbcad3488b965fb9eb8078e) Importer(815301076,1909f56bfc062723c751e8b465ee728b)  -> (artifact id: '0f807532cb02f772ac93ecd46f298834') in 0.305102 seconds
Number of updated asset objects reloaded before import = 0
Number of asset objects unloaded after import = 8
========================================================================
Received Import Request.
  Time since last request: 0.000054 seconds.
  path: Assets/Photon/PhotonRealtime/Demos/DemoLoadBalancing/Jura-Medium-LB.ttf
  artifactKey: Guid(4a4df204c321f9c40b0dbfb1baaffb4c) Importer(815301076,1909f56bfc062723c751e8b465ee728b)
Start importing Assets/Photon/PhotonRealtime/Demos/DemoLoadBalancing/Jura-Medium-LB.ttf using Guid(4a4df204c321f9c40b0dbfb1baaffb4c) Importer(815301076,1909f56bfc062723c751e8b465ee728b)  -> (artifact id: 'bb1c0c7536190558af805423de6167a6') in 0.043585 seconds
Number of updated asset objects reloaded before import = 0
Number of asset objects unloaded after import = 4
========================================================================
Received Import Request.
  Time since last request: 0.000059 seconds.
  path: Assets/Resources/PhotonVR/Assets/VRHand.fbx
  artifactKey: Guid(67aca31b40801f1418f672e25d5d4f2b) Importer(815301076,1909f56bfc062723c751e8b465ee728b)
Start importing Assets/Resources/PhotonVR/Assets/VRHand.fbx using Guid(67aca31b40801f1418f672e25d5d4f2b) Importer(815301076,1909f56bfc062723c751e8b465ee728b)  -> (artifact id: '39dcd316732774e24e8fdb8e62321e3c') in 0.061103 seconds
Number of updated asset objects reloaded before import = 0
Number of asset objects unloaded after import = 8
========================================================================
Received Import Request.
  Time since last request: 0.000277 seconds.
  path: Assets/Texture2D/New Material - Copy.mat
  artifactKey: Guid(468b3fe327eb6de489d480f632d378ca) Importer(815301076,1909f56bfc062723c751e8b465ee728b)
Start importing Assets/Texture2D/New Material - Copy.mat using Guid(468b3fe327eb6de489d480f632d378ca) Importer(815301076,1909f56bfc062723c751e8b465ee728b)  -> (artifact id: 'a34a60169ef60f96e41f1baf5c01101b') in 0.189284 seconds
Number of updated asset objects reloaded before import = 0
Number of asset objects unloaded after import = 7
========================================================================
Received Import Request.
  Time since last request: 0.000051 seconds.
  path: Assets/Texture2D/Materials/New Material.mat
  artifactKey: Guid(7bf2b128c24cc6544adbe698248187c7) Importer(815301076,1909f56bfc062723c751e8b465ee728b)
Start importing Assets/Texture2D/Materials/New Material.mat using Guid(7bf2b128c24cc6544adbe698248187c7) Importer(815301076,1909f56bfc062723c751e8b465ee728b)  -> (artifact id: 'd83b7ee4e02ff4ea6fca14f6df021652') in 0.036340 seconds
Number of updated asset objects reloaded before import = 0
Number of asset objects unloaded after import = 1
========================================================================
Received Import Request.
  Time since last request: 0.000061 seconds.
  path: Assets/Photon/PhotonUnityNetworking/Demos/Shared Assets/Skin/Jura-Medium.ttf
  artifactKey: Guid(e00995507c2406448b4c8429136104dd) Importer(815301076,1909f56bfc062723c751e8b465ee728b)
Start importing Assets/Photon/PhotonUnityNetworking/Demos/Shared Assets/Skin/Jura-Medium.ttf using Guid(e00995507c2406448b4c8429136104dd) Importer(815301076,1909f56bfc062723c751e8b465ee728b)  -> (artifact id: '8594bfed607f54bf671754523ee15ddd') in 0.028931 seconds
Number of updated asset objects reloaded before import = 0
Number of asset objects unloaded after import = 4
========================================================================
Received Import Request.
  Time since last request: 0.264181 seconds.
  path: Assets/Photon/PhotonVoice/Demos/DemoVoicePun/Materials/PlayerMaterial.mat
  artifactKey: Guid(3ea44298aa419344dbdcf87dd1a50533) Importer(815301076,1909f56bfc062723c751e8b465ee728b)
Start importing Assets/Photon/PhotonVoice/Demos/DemoVoicePun/Materials/PlayerMaterial.mat using Guid(3ea44298aa419344dbdcf87dd1a50533) Importer(815301076,1909f56bfc062723c751e8b465ee728b)  -> (artifact id: '7e8e071923ea51723c01564bb582b079') in 0.217954 seconds
Number of updated asset objects reloaded before import = 0
Number of asset objects unloaded after import = 5
========================================================================
Received Import Request.
  Time since last request: 0.000043 seconds.
  path: Assets/Photon/PhotonUnityNetworking/Demos/Shared Assets/Animations/Materials/TeethMaterial.mat
  artifactKey: Guid(17dd34e8a826d0641a0e0f43da1e03a0) Importer(815301076,1909f56bfc062723c751e8b465ee728b)
Start importing Assets/Photon/PhotonUnityNetworking/Demos/Shared Assets/Animations/Materials/TeethMaterial.mat using Guid(17dd34e8a826d0641a0e0f43da1e03a0) Importer(815301076,1909f56bfc062723c751e8b465ee728b)  -> (artifact id: '90269de3ed60e9e51defc23db3640dff') in 0.030170 seconds
Number of updated asset objects reloaded before import = 0
Number of asset objects unloaded after import = 1
========================================================================
Received Import Request.
  Time since last request: 0.000098 seconds.
  path: Assets/Photon/PhotonUnityNetworking/Demos/Shared Assets/Materials/UnitCircleMaterial.mat
  artifactKey: Guid(fb6c12085a6b0a5429029fcd6478a816) Importer(815301076,1909f56bfc062723c751e8b465ee728b)
Start importing Assets/Photon/PhotonUnityNetworking/Demos/Shared Assets/Materials/UnitCircleMaterial.mat using Guid(fb6c12085a6b0a5429029fcd6478a816) Importer(815301076,1909f56bfc062723c751e8b465ee728b)  -> (artifact id: '9d404a16e36714c83ff031906ccd078e') in 0.165563 seconds
Number of updated asset objects reloaded before import = 0
Number of asset objects unloaded after import = 2
========================================================================
Received Import Request.
  Time since last request: 0.000642 seconds.
  path: Assets/Photon/PhotonUnityNetworking/Demos/Shared Assets/Animations/Materials/SkinMaterial.mat
  artifactKey: Guid(37d0d4d178b5dbf449ff0814718dc354) Importer(815301076,1909f56bfc062723c751e8b465ee728b)
Start importing Assets/Photon/PhotonUnityNetworking/Demos/Shared Assets/Animations/Materials/SkinMaterial.mat using Guid(37d0d4d178b5dbf449ff0814718dc354) Importer(815301076,1909f56bfc062723c751e8b465ee728b)  -> (artifact id: '7fbd3ffc2c608c52f42fe1dd10dd5405') in 0.015700 seconds
Number of updated asset objects reloaded before import = 0
Number of asset objects unloaded after import = 1
========================================================================
Received Import Request.
  Time since last request: 0.000142 seconds.
  path: Assets/Photon/PhotonVoice/Demos/DemoVoiceProximityChat/Materials/PointerUpMaterial.mat
  artifactKey: Guid(13e9c48926ccc704caab4f3b6fd0eeca) Importer(815301076,1909f56bfc062723c751e8b465ee728b)
Start importing Assets/Photon/PhotonVoice/Demos/DemoVoiceProximityChat/Materials/PointerUpMaterial.mat using Guid(13e9c48926ccc704caab4f3b6fd0eeca) Importer(815301076,1909f56bfc062723c751e8b465ee728b)  -> (artifact id: '2cf636d00b19d5042b3e2931d9164149') in 0.019033 seconds
Number of updated asset objects reloaded before import = 0
Number of asset objects unloaded after import = 1
========================================================================
Received Import Request.
  Time since last request: 10.358661 seconds.
  path: Assets/Texture2D/MoonShine_front.png
  artifactKey: Guid(9c32e992ba298f5479472f6de60c8780) Importer(815301076,1909f56bfc062723c751e8b465ee728b)
Start importing Assets/Texture2D/MoonShine_front.png using Guid(9c32e992ba298f5479472f6de60c8780) Importer(815301076,1909f56bfc062723c751e8b465ee728b)  -> (artifact id: '949a7c79794b3f2a652a5c4e0b960be3') in 0.034832 seconds
Number of updated asset objects reloaded before import = 0
Number of asset objects unloaded after import = 2
========================================================================
Received Import Request.
  Time since last request: 0.000111 seconds.
  path: Assets/Texture2D/MoonShine_left.png
  artifactKey: Guid(9be647586a4dee34e87ea5e631176816) Importer(815301076,1909f56bfc062723c751e8b465ee728b)
Start importing Assets/Texture2D/MoonShine_left.png using Guid(9be647586a4dee34e87ea5e631176816) Importer(815301076,1909f56bfc062723c751e8b465ee728b)  -> (artifact id: 'e24ead4165b88b67df7e0005d9ed8214') in 0.024000 seconds
Number of updated asset objects reloaded before import = 0
Number of asset objects unloaded after import = 2
========================================================================
Received Import Request.
  Time since last request: 0.000105 seconds.
  path: Assets/Texture2D/MoonShine_right.png
  artifactKey: Guid(8cae87b2ebcff9b4ca5c79fff2a1ec81) Importer(815301076,1909f56bfc062723c751e8b465ee728b)
Start importing Assets/Texture2D/MoonShine_right.png using Guid(8cae87b2ebcff9b4ca5c79fff2a1ec81) Importer(815301076,1909f56bfc062723c751e8b465ee728b)  -> (artifact id: '53c926a9fd250c9383d52aa1b349219b') in 0.024500 seconds
Number of updated asset objects reloaded before import = 0
Number of asset objects unloaded after import = 2
========================================================================
Received Import Request.
  Time since last request: 0.000084 seconds.
  path: Assets/Texture2D/MoonShine_down.png
  artifactKey: Guid(cb2bdb48d3af05448a40f958093a150d) Importer(815301076,1909f56bfc062723c751e8b465ee728b)
Start importing Assets/Texture2D/MoonShine_down.png using Guid(cb2bdb48d3af05448a40f958093a150d) Importer(815301076,1909f56bfc062723c751e8b465ee728b)  -> (artifact id: 'dd7a280bcf757630d911a28ed9f956fc') in 0.020524 seconds
Number of updated asset objects reloaded before import = 0
Number of asset objects unloaded after import = 2
========================================================================
Received Import Request.
  Time since last request: 24.015482 seconds.
  path: Assets/Texture2D/Materials/Carpets/graycarpet 1.mat
  artifactKey: Guid(4c69484497a567148a92994e6ad97278) Importer(815301076,1909f56bfc062723c751e8b465ee728b)
Start importing Assets/Texture2D/Materials/Carpets/graycarpet 1.mat using Guid(4c69484497a567148a92994e6ad97278) Importer(815301076,1909f56bfc062723c751e8b465ee728b)  -> (artifact id: '50797348b1a461bbc24217341e2a0a84') in 0.039973 seconds
Number of updated asset objects reloaded before import = 0
Number of asset objects unloaded after import = 2
========================================================================
Received Import Request.
  Time since last request: 0.000028 seconds.
  path: Assets/Texture2D/Materials/Carpets/graycarpet 5.mat
  artifactKey: Guid(cfbc76bb685ecd44b8c33696993fbc3d) Importer(815301076,1909f56bfc062723c751e8b465ee728b)
Start importing Assets/Texture2D/Materials/Carpets/graycarpet 5.mat using Guid(cfbc76bb685ecd44b8c33696993fbc3d) Importer(815301076,1909f56bfc062723c751e8b465ee728b)  -> (artifact id: '674c227ddea7863319b30b248bfba573') in 0.021056 seconds
Number of updated asset objects reloaded before import = 0
Number of asset objects unloaded after import = 2
========================================================================
Received Import Request.
  Time since last request: 0.000032 seconds.
  path: Assets/Texture2D/Materials/Carpets/graycarpet 6.mat
  artifactKey: Guid(7df5c4e4fbdb3dd4991bd28284325a25) Importer(815301076,1909f56bfc062723c751e8b465ee728b)
Start importing Assets/Texture2D/Materials/Carpets/graycarpet 6.mat using Guid(7df5c4e4fbdb3dd4991bd28284325a25) Importer(815301076,1909f56bfc062723c751e8b465ee728b)  -> (artifact id: '73b3417f94c840278f75aa501c076876') in 0.018331 seconds
Number of updated asset objects reloaded before import = 0
Number of asset objects unloaded after import = 2
========================================================================
Received Import Request.
  Time since last request: 0.388174 seconds.
  path: Assets/Texture2D/Materials/Brick or Concrete... Anything solid/grid2.mat
  artifactKey: Guid(a4c231e436b47ff4f891c8845b6ed177) Importer(815301076,1909f56bfc062723c751e8b465ee728b)
Start importing Assets/Texture2D/Materials/Brick or Concrete... Anything solid/grid2.mat using Guid(a4c231e436b47ff4f891c8845b6ed177) Importer(815301076,1909f56bfc062723c751e8b465ee728b)  -> (artifact id: '1a954c9386570f1254fa1b5746b5d864') in 0.020705 seconds
Number of updated asset objects reloaded before import = 0
Number of asset objects unloaded after import = 2
========================================================================
Received Import Request.
  Time since last request: 28.970307 seconds.
  path: Assets/Samples/XR Interaction Toolkit/2.5.4/Starter Assets/Prefabs/Teleport/Directional Teleport Reticle.prefab
  artifactKey: Guid(893219773891c784ab469a39151879b4) Importer(815301076,1909f56bfc062723c751e8b465ee728b)
Start importing Assets/Samples/XR Interaction Toolkit/2.5.4/Starter Assets/Prefabs/Teleport/Directional Teleport Reticle.prefab using Guid(893219773891c784ab469a39151879b4) Importer(815301076,1909f56bfc062723c751e8b465ee728b)  -> (artifact id: '8c64a23fe8b5586d5af747f432d14238') in 0.145458 seconds
Number of updated asset objects reloaded before import = 0
Number of asset objects unloaded after import = 28
========================================================================
Received Import Request.
  Time since last request: 0.000079 seconds.
  path: Assets/Scenes/SampleScene/LightingData.asset
  artifactKey: Guid(0f9721a32ea83734cae73b541cbb21fa) Importer(815301076,1909f56bfc062723c751e8b465ee728b)
Start importing Assets/Scenes/SampleScene/LightingData.asset using Guid(0f9721a32ea83734cae73b541cbb21fa) Importer(815301076,1909f56bfc062723c751e8b465ee728b)  -> (artifact id: '71645a86f110885eb95c4823b93f15a6') in 0.015960 seconds
Number of updated asset objects reloaded before import = 0
Number of asset objects unloaded after import = 1
========================================================================
Received Import Request.
  Time since last request: 0.000022 seconds.
  path: Assets/Photon/PhotonVoice/Demos/DemoVoicePun/Standard Assets/CrossPlatformInput/Prefabs/MobileSingleStickControl.prefab
  artifactKey: Guid(9529ecc3d479da5499993355e6c2cb4f) Importer(815301076,1909f56bfc062723c751e8b465ee728b)
Start importing Assets/Photon/PhotonVoice/Demos/DemoVoicePun/Standard Assets/CrossPlatformInput/Prefabs/MobileSingleStickControl.prefab using Guid(9529ecc3d479da5499993355e6c2cb4f) Importer(815301076,1909f56bfc062723c751e8b465ee728b)  -> (artifact id: '455476e2c27a9325abf3c36d97c73ef5') in 0.109843 seconds
Number of updated asset objects reloaded before import = 0
Number of asset objects unloaded after import = 24
========================================================================
Received Import Request.
  Time since last request: 0.000031 seconds.
  path: Assets/Samples/XR Interaction Toolkit/2.5.4/Starter Assets/DemoSceneAssets/Prefabs/UI/Interactive Controls.prefab
  artifactKey: Guid(7bbb1960bab3e75459304488d8d1ffba) Importer(815301076,1909f56bfc062723c751e8b465ee728b)
Start importing Assets/Samples/XR Interaction Toolkit/2.5.4/Starter Assets/DemoSceneAssets/Prefabs/UI/Interactive Controls.prefab using Guid(7bbb1960bab3e75459304488d8d1ffba) Importer(815301076,1909f56bfc062723c751e8b465ee728b)  -> (artifact id: '3ce132a1dc3e1cbb7b7ff86dff8dea85') in 0.101172 seconds
Number of updated asset objects reloaded before import = 0
Number of asset objects unloaded after import = 204
========================================================================
Received Import Request.
  Time since last request: 0.000549 seconds.
  path: Assets/Photon/PhotonUnityNetworking/Demos/DemoSlotRacer/SlotCar-Scene/LightingData.asset
  artifactKey: Guid(7c8e0d280c24c4aba81a4294e87548ec) Importer(815301076,1909f56bfc062723c751e8b465ee728b)
Start importing Assets/Photon/PhotonUnityNetworking/Demos/DemoSlotRacer/SlotCar-Scene/LightingData.asset using Guid(7c8e0d280c24c4aba81a4294e87548ec) Importer(815301076,1909f56bfc062723c751e8b465ee728b)  -> (artifact id: '310dcb41f974f2930d382b956aa62ec7') in 0.011247 seconds
Number of updated asset objects reloaded before import = 0
Number of asset objects unloaded after import = 2
========================================================================
Received Import Request.
  Time since last request: 0.000098 seconds.
  path: Assets/XRI/Settings/Resources/InteractionLayerSettings.asset
  artifactKey: Guid(3a4611159a3c0484da991b7f13e2cf65) Importer(815301076,1909f56bfc062723c751e8b465ee728b)
Start importing Assets/XRI/Settings/Resources/InteractionLayerSettings.asset using Guid(3a4611159a3c0484da991b7f13e2cf65) Importer(815301076,1909f56bfc062723c751e8b465ee728b)  -> (artifact id: 'b3b90086c87c2ccc4051bec02d119ea9') in 0.014111 seconds
Number of updated asset objects reloaded before import = 0
Number of asset objects unloaded after import = 1
========================================================================
Received Import Request.
  Time since last request: 8.187309 seconds.
  path: Assets/Texture2D/New Project (6).png
  artifactKey: Guid(eb00bd8561abda34a9ea2b7e8f02e302) Importer(815301076,1909f56bfc062723c751e8b465ee728b)
Start importing Assets/Texture2D/New Project (6).png using Guid(eb00bd8561abda34a9ea2b7e8f02e302) Importer(815301076,1909f56bfc062723c751e8b465ee728b)  -> (artifact id: '8fea4fc54e583a88708448599ebcacc4') in 0.101270 seconds
Number of updated asset objects reloaded before import = 0
Number of asset objects unloaded after import = 2
========================================================================
Received Import Request.
  Time since last request: 16.961561 seconds.
  path: Assets/Materials/New Material 12.mat
  artifactKey: Guid(9c4407ec110aeea479bc0eeafe56895f) Importer(815301076,1909f56bfc062723c751e8b465ee728b)
Start importing Assets/Materials/New Material 12.mat using Guid(9c4407ec110aeea479bc0eeafe56895f) Importer(815301076,1909f56bfc062723c751e8b465ee728b)  -> (artifact id: 'c77a2536ede095ab593d150d047b00f2') in 0.053005 seconds
Number of updated asset objects reloaded before import = 0
Number of asset objects unloaded after import = 1
========================================================================
Received Import Request.
  Time since last request: 0.775015 seconds.
  path: Assets/Materials/New Material 12.mat
  artifactKey: Guid(9c4407ec110aeea479bc0eeafe56895f) Importer(2089858483,0ecaa5967403d082aa24f35e1b516d23)
Start importing Assets/Materials/New Material 12.mat using Guid(9c4407ec110aeea479bc0eeafe56895f) Importer(2089858483,0ecaa5967403d082aa24f35e1b516d23) Generated GUIDs only implemented for interfaces!
 -> (artifact id: 'f8996a3c86cfff4b11cf10c601f7d688') in 0.094165 seconds
Number of updated asset objects reloaded before import = 0
Number of asset objects unloaded after import = 1
========================================================================
Received Import Request.
  Time since last request: 33.308495 seconds.
  path: Assets/Photon/PhotonUnityNetworking/Demos/DemoSlotRacer/Kenney Assets/Stylized city/Materials/11 - Default.mat
  artifactKey: Guid(b7d67d7d7ddb88542b23886a4b496c77) Importer(815301076,1909f56bfc062723c751e8b465ee728b)
Start importing Assets/Photon/PhotonUnityNetworking/Demos/DemoSlotRacer/Kenney Assets/Stylized city/Materials/11 - Default.mat using Guid(b7d67d7d7ddb88542b23886a4b496c77) Importer(815301076,1909f56bfc062723c751e8b465ee728b)  -> (artifact id: 'e610dfae10ced3cc642401c86e866d3d') in 0.032230 seconds
Number of updated asset objects reloaded before import = 0
Number of asset objects unloaded after import = 1
========================================================================
Received Import Request.
  Time since last request: 0.000167 seconds.
  path: Assets/Photon/PhotonVoice/Demos/DemoVoicePun/Stylized city/Materials/24 - Default.mat
  artifactKey: Guid(8446cb282e1f9f344b56bd75db83f0be) Importer(815301076,1909f56bfc062723c751e8b465ee728b)
Start importing Assets/Photon/PhotonVoice/Demos/DemoVoicePun/Stylized city/Materials/24 - Default.mat using Guid(8446cb282e1f9f344b56bd75db83f0be) Importer(815301076,1909f56bfc062723c751e8b465ee728b)  -> (artifact id: '08ad39dc3fc2cf21ef788c19599dfdb6') in 0.027563 seconds
Number of updated asset objects reloaded before import = 0
Number of asset objects unloaded after import = 1
========================================================================
Received Import Request.
  Time since last request: 0.000087 seconds.
  path: Assets/Photon/PhotonVoice/Demos/DemoVoicePun/Stylized city/Materials/13 - Default22662.mat
  artifactKey: Guid(085f0706ad3515b40a2be9b8d2775c26) Importer(815301076,1909f56bfc062723c751e8b465ee728b)
Start importing Assets/Photon/PhotonVoice/Demos/DemoVoicePun/Stylized city/Materials/13 - Default22662.mat using Guid(085f0706ad3515b40a2be9b8d2775c26) Importer(815301076,1909f56bfc062723c751e8b465ee728b)  -> (artifact id: 'dbbb5618527c2abd2bd22464a5139a22') in 0.020263 seconds
Number of updated asset objects reloaded before import = 0
Number of asset objects unloaded after import = 1
========================================================================
Received Import Request.
  Time since last request: 0.000189 seconds.
  path: Assets/Texture2D/62fee49377a6bb3c4ca4351ded087b2e.jpg
  artifactKey: Guid(1eb256ff59bcc5247bea6e57f84923ee) Importer(815301076,1909f56bfc062723c751e8b465ee728b)
Start importing Assets/Texture2D/62fee49377a6bb3c4ca4351ded087b2e.jpg using Guid(1eb256ff59bcc5247bea6e57f84923ee) Importer(815301076,1909f56bfc062723c751e8b465ee728b)  -> (artifact id: '751d3aae1f2396fe5ef3e2b98f4a6fa3') in 0.031321 seconds
Number of updated asset objects reloaded before import = 0
Number of asset objects unloaded after import = 2
========================================================================
Received Import Request.
  Time since last request: 0.000050 seconds.
  path: Assets/Photon/PhotonVoice/Demos/DemoVoicePun/Stylized city/Materials/20 - Default.mat
  artifactKey: Guid(87d5291daa97cca4b94c73b9923d805c) Importer(815301076,1909f56bfc062723c751e8b465ee728b)
Start importing Assets/Photon/PhotonVoice/Demos/DemoVoicePun/Stylized city/Materials/20 - Default.mat using Guid(87d5291daa97cca4b94c73b9923d805c) Importer(815301076,1909f56bfc062723c751e8b465ee728b)  -> (artifact id: '9a038ca5abdbcd6d6a802f14a501e231') in 0.034877 seconds
Number of updated asset objects reloaded before import = 0
Number of asset objects unloaded after import = 1
========================================================================
Received Import Request.
  Time since last request: 0.000141 seconds.
  path: Assets/Photon/PhotonUnityNetworking/Demos/DemoSlotRacer/Kenney Assets/Racing Kit/Models/Materials/_defaultMat.mat
  artifactKey: Guid(f0a6a86e908f6204ab518387a784ed36) Importer(815301076,1909f56bfc062723c751e8b465ee728b)
Start importing Assets/Photon/PhotonUnityNetworking/Demos/DemoSlotRacer/Kenney Assets/Racing Kit/Models/Materials/_defaultMat.mat using Guid(f0a6a86e908f6204ab518387a784ed36) Importer(815301076,1909f56bfc062723c751e8b465ee728b)  -> (artifact id: '30adef63634a0a733c7b9e4a00e3265c') in 0.020427 seconds
Number of updated asset objects reloaded before import = 0
Number of asset objects unloaded after import = 1
========================================================================
Received Import Request.
  Time since last request: 0.000111 seconds.
  path: Assets/Photon/PhotonUnityNetworking/Demos/DemoSlotRacer/Kenney Assets/Stylized city/Materials/13 - Default22662.mat
  artifactKey: Guid(7d91274cc4a876a439f75445704f421b) Importer(815301076,1909f56bfc062723c751e8b465ee728b)
Start importing Assets/Photon/PhotonUnityNetworking/Demos/DemoSlotRacer/Kenney Assets/Stylized city/Materials/13 - Default22662.mat using Guid(7d91274cc4a876a439f75445704f421b) Importer(815301076,1909f56bfc062723c751e8b465ee728b)  -> (artifact id: '6198be6cd9e0d1b673ba8e3ab50c234c') in 0.021611 seconds
Number of updated asset objects reloaded before import = 0
Number of asset objects unloaded after import = 1
========================================================================
Received Import Request.
  Time since last request: 0.000036 seconds.
  path: Assets/TextMesh Pro/Resources/Style Sheets/Default Style Sheet.asset
  artifactKey: Guid(f952c082cb03451daed3ee968ac6c63e) Importer(815301076,1909f56bfc062723c751e8b465ee728b)
Start importing Assets/TextMesh Pro/Resources/Style Sheets/Default Style Sheet.asset using Guid(f952c082cb03451daed3ee968ac6c63e) Importer(815301076,1909f56bfc062723c751e8b465ee728b)  -> (artifact id: '7358534dab8619e5f78100e143180c0b') in 0.075490 seconds
Number of updated asset objects reloaded before import = 0
Number of asset objects unloaded after import = 1
========================================================================
Received Import Request.
  Time since last request: 0.000179 seconds.
  path: Assets/Texture2D/dgdfgdfg.png
  artifactKey: Guid(1fc98bed9e366b04cb79e1d88252536c) Importer(815301076,1909f56bfc062723c751e8b465ee728b)
Start importing Assets/Texture2D/dgdfgdfg.png using Guid(1fc98bed9e366b04cb79e1d88252536c) Importer(815301076,1909f56bfc062723c751e8b465ee728b)  -> (artifact id: '7fa8361764295227b6aac90906712691') in 0.033926 seconds
Number of updated asset objects reloaded before import = 0
Number of asset objects unloaded after import = 2
========================================================================
Received Import Request.
  Time since last request: 0.166740 seconds.
  path: Assets/Photon/PhotonUnityNetworking/Demos/DemoSlotRacer/Kenney Assets/Racing Kit/Models/flagGreen.fbx
  artifactKey: Guid(b2c239f9b60751e4ab9034c7f2ad66b1) Importer(815301076,1909f56bfc062723c751e8b465ee728b)
Start importing Assets/Photon/PhotonUnityNetworking/Demos/DemoSlotRacer/Kenney Assets/Racing Kit/Models/flagGreen.fbx using Guid(b2c239f9b60751e4ab9034c7f2ad66b1) Importer(815301076,1909f56bfc062723c751e8b465ee728b)  -> (artifact id: 'db677b4db80611afcc18d205928bf335') in 0.141771 seconds
Number of updated asset objects reloaded before import = 0
Number of asset objects unloaded after import = 10
========================================================================
Received Import Request.
  Time since last request: 0.000046 seconds.
  path: Assets/Photon/PhotonVoice/Demos/DemoVoicePun/Materials/Gradient.png
  artifactKey: Guid(c617f033b045e154fa2ccd982228f36b) Importer(815301076,1909f56bfc062723c751e8b465ee728b)
Start importing Assets/Photon/PhotonVoice/Demos/DemoVoicePun/Materials/Gradient.png using Guid(c617f033b045e154fa2ccd982228f36b) Importer(815301076,1909f56bfc062723c751e8b465ee728b)  -> (artifact id: '66d5b072b3311f2f15eded177ab3c6e7') in 0.030473 seconds
Number of updated asset objects reloaded before import = 0
Number of asset objects unloaded after import = 2
========================================================================
Received Import Request.
  Time since last request: 0.000073 seconds.
  path: Assets/Photon/PhotonUnityNetworking/Demos/DemoProcedural/Materials/LightGreen.mat
  artifactKey: Guid(cd644746d7159df42b0c206b559af881) Importer(815301076,1909f56bfc062723c751e8b465ee728b)
Start importing Assets/Photon/PhotonUnityNetworking/Demos/DemoProcedural/Materials/LightGreen.mat using Guid(cd644746d7159df42b0c206b559af881) Importer(815301076,1909f56bfc062723c751e8b465ee728b)  -> (artifact id: '10621ae1508de2e1ae34a45cecdac6c3') in 0.022372 seconds
Number of updated asset objects reloaded before import = 0
Number of asset objects unloaded after import = 1
========================================================================
Received Import Request.
  Time since last request: 0.000160 seconds.
  path: Assets/Texture2D/graycarpet.png
  artifactKey: Guid(b353b8efa92b9724f8b7d73e3288f660) Importer(815301076,1909f56bfc062723c751e8b465ee728b)
Start importing Assets/Texture2D/graycarpet.png using Guid(b353b8efa92b9724f8b7d73e3288f660) Importer(815301076,1909f56bfc062723c751e8b465ee728b)  -> (artifact id: '525a6c30937599b7a930d41cf8ab2d03') in 0.020139 seconds
Number of updated asset objects reloaded before import = 0
Number of asset objects unloaded after import = 2
========================================================================
Received Import Request.
  Time since last request: 0.000082 seconds.
  path: Assets/Samples/XR Interaction Toolkit/2.5.4/Starter Assets/Presets/XRI Default Left Grab Move.preset
  artifactKey: Guid(e2e08fffc3edfbb47a429bae0c5a6343) Importer(815301076,1909f56bfc062723c751e8b465ee728b)
Start importing Assets/Samples/XR Interaction Toolkit/2.5.4/Starter Assets/Presets/XRI Default Left Grab Move.preset using Guid(e2e08fffc3edfbb47a429bae0c5a6343) Importer(815301076,1909f56bfc062723c751e8b465ee728b)  -> (artifact id: '2e5289d8cc035997ea141a23d656489b') in 0.082593 seconds
Number of updated asset objects reloaded before import = 0
Number of asset objects unloaded after import = 3
========================================================================
Received Import Request.
  Time since last request: 0.000028 seconds.
  path: Assets/Texture2D/grid16.png
  artifactKey: Guid(aeb64401696361842baf94532f019e95) Importer(815301076,1909f56bfc062723c751e8b465ee728b)
Start importing Assets/Texture2D/grid16.png using Guid(aeb64401696361842baf94532f019e95) Importer(815301076,1909f56bfc062723c751e8b465ee728b)  -> (artifact id: '29c39e58d50b814a1864f00c6ee49986') in 0.021291 seconds
Number of updated asset objects reloaded before import = 0
Number of asset objects unloaded after import = 2
========================================================================
Received Import Request.
  Time since last request: 0.000058 seconds.
  path: Assets/Audio/HitSoundsV2/newhitsounds/Grass1.mp3
  artifactKey: Guid(b766ab0dc0a20b04199c0ff25c23da59) Importer(815301076,1909f56bfc062723c751e8b465ee728b)
Start importing Assets/Audio/HitSoundsV2/newhitsounds/Grass1.mp3 using Guid(b766ab0dc0a20b04199c0ff25c23da59) Importer(815301076,1909f56bfc062723c751e8b465ee728b)  -> (artifact id: '301544220403bc2a5d6c8db9f93cb27f') in 2.128947 seconds
Number of updated asset objects reloaded before import = 0
Number of asset objects unloaded after import = 2
========================================================================
Received Import Request.
  Time since last request: 4.976545 seconds.
  path: Assets/Texture2D/Materials/Grass Texture.mat
  artifactKey: Guid(bd7dcb2d1b36f0f479e6895fdb4bf423) Importer(815301076,1909f56bfc062723c751e8b465ee728b)
Start importing Assets/Texture2D/Materials/Grass Texture.mat using Guid(bd7dcb2d1b36f0f479e6895fdb4bf423) Importer(815301076,1909f56bfc062723c751e8b465ee728b)  -> (artifact id: 'bf59ab01c0f9ae291c42d132f7a40fde') in 0.021965 seconds
Number of updated asset objects reloaded before import = 0
Number of asset objects unloaded after import = 2
========================================================================
Received Import Request.
  Time since last request: 0.603105 seconds.
  path: Assets/Texture2D/Materials/Grass Texture.mat
  artifactKey: Guid(bd7dcb2d1b36f0f479e6895fdb4bf423) Importer(2089858483,0ecaa5967403d082aa24f35e1b516d23)
Start importing Assets/Texture2D/Materials/Grass Texture.mat using Guid(bd7dcb2d1b36f0f479e6895fdb4bf423) Importer(2089858483,0ecaa5967403d082aa24f35e1b516d23) Generated GUIDs only implemented for interfaces!
 -> (artifact id: '267a07f1d79d3dac9631ac667e6f2c59') in 0.029116 seconds
Number of updated asset objects reloaded before import = 0
Number of asset objects unloaded after import = 2
========================================================================
Received Import Request.
  Time since last request: 219.255321 seconds.
  path: Assets/Texture2D/Materials/Grass Texture.mat
  artifactKey: Guid(bd7dcb2d1b36f0f479e6895fdb4bf423) Importer(815301076,1909f56bfc062723c751e8b465ee728b)
Start importing Assets/Texture2D/Materials/Grass Texture.mat using Guid(bd7dcb2d1b36f0f479e6895fdb4bf423) Importer(815301076,1909f56bfc062723c751e8b465ee728b)  -> (artifact id: '787d651a82389b6ac35bd1c070c3fa1d') in 0.188645 seconds
Number of updated asset objects reloaded before import = 0
Number of asset objects unloaded after import = 2
========================================================================
Received Import Request.
  Time since last request: 1.347656 seconds.
  path: Assets/Texture2D/Materials/Grass Texture.mat
  artifactKey: Guid(bd7dcb2d1b36f0f479e6895fdb4bf423) Importer(2089858483,0ecaa5967403d082aa24f35e1b516d23)
Start importing Assets/Texture2D/Materials/Grass Texture.mat using Guid(bd7dcb2d1b36f0f479e6895fdb4bf423) Importer(2089858483,0ecaa5967403d082aa24f35e1b516d23) Generated GUIDs only implemented for interfaces!
 -> (artifact id: '77f97305d1e09f115a6e57f99db93f3f') in 1.777592 seconds
Number of updated asset objects reloaded before import = 0
Number of asset objects unloaded after import = 2
========================================================================
Received Import Request.
  Time since last request: 0.464074 seconds.
  path: Assets/Scenes/SampleScene.unity
  artifactKey: Guid(9fc0d4010bbf28b4594072e72b8655ab) Importer(2089858483,0ecaa5967403d082aa24f35e1b516d23)
Start importing Assets/Scenes/SampleScene.unity using Guid(9fc0d4010bbf28b4594072e72b8655ab) Importer(2089858483,0ecaa5967403d082aa24f35e1b516d23) Generated GUIDs only implemented for interfaces!
 -> (artifact id: '2208023c992f2d8b6a39bbd0f40a1b9c') in 0.073172 seconds
Number of updated asset objects reloaded before import = 0
Number of asset objects unloaded after import = 1
========================================================================
Received Import Request.
  Time since last request: 289.099985 seconds.
  path: Assets/Texture2D/7cdmn5515pk_n55_ocean_blue.jpg
  artifactKey: Guid(0080d4cfbe294a2478f5a84edb1c1166) Importer(815301076,1909f56bfc062723c751e8b465ee728b)
Start importing Assets/Texture2D/7cdmn5515pk_n55_ocean_blue.jpg using Guid(0080d4cfbe294a2478f5a84edb1c1166) Importer(815301076,1909f56bfc062723c751e8b465ee728b)  -> (artifact id: '50e2facdfb7751a365d2ee292c8b914a') in 0.334230 seconds
Number of updated asset objects reloaded before import = 0
Number of asset objects unloaded after import = 2
========================================================================
Received Import Request.
  Time since last request: 0.000179 seconds.
  path: Assets/Photon/PhotonVoice/Demos/DemoVoiceUI/Media/barsHorizontal.png
  artifactKey: Guid(055458b32c82031478126740cfeff8b5) Importer(815301076,1909f56bfc062723c751e8b465ee728b)
Start importing Assets/Photon/PhotonVoice/Demos/DemoVoiceUI/Media/barsHorizontal.png using Guid(055458b32c82031478126740cfeff8b5) Importer(815301076,1909f56bfc062723c751e8b465ee728b)  -> (artifact id: 'e38c61503ac95313f3bfc75db7ed87ad') in 0.512463 seconds
Number of updated asset objects reloaded before import = 0
Number of asset objects unloaded after import = 3
========================================================================
Received Import Request.
  Time since last request: 0.000124 seconds.
  path: Assets/Photon/PhotonUnityNetworking/Demos/DemoAsteroids/Resources/BigAsteroid.prefab
  artifactKey: Guid(15f43343ba0a60e47a63d28496373c3f) Importer(815301076,1909f56bfc062723c751e8b465ee728b)
Start importing Assets/Photon/PhotonUnityNetworking/Demos/DemoAsteroids/Resources/BigAsteroid.prefab using Guid(15f43343ba0a60e47a63d28496373c3f) Importer(815301076,1909f56bfc062723c751e8b465ee728b)  -> (artifact id: 'ffefc04533e0dc755d47e414bc3250ef') in 0.545346 seconds
Number of updated asset objects reloaded before import = 0
Number of asset objects unloaded after import = 14
